nh4,no3,po4,so,thetao,chl_t-1,nh4_t-1,no3_t-1,po4_t-1,so_t-1,thetao_t-1,chl_7day_avg,nh4_7day_avg,no3_7day_avg,po4_7day_avg,so_7day_avg,thetao_7day_avg,n_p_ratio,n_nh4_ratio,p_nh4_ratio,chl_monthly_median,chl_anomaly,bloom_proxy_label
0.0710624,0.39195037,0.0055857,39.722527,24.970406,0.04103866,0.071660794,0.3913368,0.005613808,39.723545,25.042912,0.04065008940441268,0.07210204218115125,0.39153426459857393,0.005636649804988078,39.727481842041016,25.092002596173966,70.17033,5.51558,0.078602746,0.03626944497227669,0.004995148628950119,0
0.0710624,0.39194867,0.005585671,39.72186,24.960886,0.041264594,0.0710624,0.39195037,0.0055857,39.722527,24.970406,0.04083564824291638,0.07184899066175733,0.39156114629336763,0.005623778860483851,39.72586114065988,25.056885855538503,70.17038,5.5155563,0.07860234,0.036907998844981194,0.0043566059321165085,0
0.07094208,0.3900936,0.005566435,39.720512,24.852333,0.04005733,0.071453094,0.38991994,0.005590335,39.71739,24.886492,0.03985477185675076,0.07189104280301503,0.3902649070535387,0.005612989754549095,39.719849722726,24.94706208365304,70.07961,5.4987617,0.0784645,0.03583296947181225,0.004529969766736031,0
0.070942074,0.3900919,0.005566406,39.72001,24.843296,0.04036294,0.07094208,0.3900936,0.005566435,39.720512,24.852333,0.03998750554663794,0.07165015808173589,0.39015904920441763,0.005600626380848033,39.7194835117885,24.914659772600448,70.079666,5.4987383,0.0784641,0.03655887022614479,0.0038040652871131897,0
0.07080352,0.3866086,0.005536052,39.718674,24.790995,0.038684767,0.07121504,0.38726294,0.005557081,39.719635,24.810865,0.038704562932252884,0.07162206619977951,0.3880612168993269,0.005580212521765914,39.71981757027762,24.854233605521067,69.83472,5.460302,0.07818893,0.035579241812229156,0.003541417419910431,0
0.07080352,0.3866069,0.0055360235,39.71814,24.78137,0.03912066,0.07080352,0.3866086,0.005536052,39.718674,24.790995,0.03877758766923632,0.0714041558759553,0.3876650759152004,0.005568090759749923,39.71931621006557,24.82954978942871,69.83476,5.4602776,0.07818853,0.036095838993787766,0.0030248649418354034,0
