nh4,no3,po4,so,thetao,chl_t-1,nh4_t-1,no3_t-1,po4_t-1,so_t-1,thetao_t-1,chl_7day_avg,nh4_7day_avg,no3_7day_avg,po4_7day_avg,so_7day_avg,thetao_7day_avg,n_p_ratio,n_nh4_ratio,p_nh4_ratio,chl_monthly_median,chl_anomaly,bloom_proxy_label
0.071660794,0.3913385,0.0056138365,39.72393,25.059505,0.040638678,0.07233139,0.3912966,0.005645835,39.728146,25.092196,0.04282959337745394,0.07200748260532107,0.3886290873800005,0.005583078600466251,39.73095103672573,25.146670477730886,69.70963,5.4609847,0.07833902,0.03563090041279793,0.005407731980085373,0
0.071660794,0.3913368,0.005613808,39.723545,25.042912,0.041038632,0.071660794,0.3913385,0.0056138365,39.72393,25.059505,0.04172370636037418,0.07209750477756773,0.390037728207452,0.00561186990567616,39.72921371459961,25.122886657714844,69.70969,5.460961,0.07833862,0.03563090041279793,0.005407758057117462,0
0.071453094,0.38992164,0.0055903634,39.71794,24.90541,0.039819106,0.07206625,0.39012668,0.0056189476,39.71934,24.934675,0.042290321950401576,0.07187194590057645,0.38775672231401714,0.0055632005844797406,39.72056361607143,25.010895320347377,69.748886,5.4570293,0.07823823,0.03510705567896366,0.004950264468789101,0
0.071453094,0.38991994,0.005590335,39.71739,24.886492,0.04005732,0.071453094,0.38992164,0.0055903634,39.71794,24.90541,0.04105072095990181,0.07191799581050873,0.3889982913221632,0.005589800288102457,39.71991457257952,24.979815074375697,69.74894,5.4570055,0.07823783,0.03510705567896366,0.004950275644659996,0
0.07121504,0.3872646,0.0055571096,39.720173,24.828661,0.038611367,0.07173154,0.3882663,0.0055847466,39.71895,24.832726,0.04149210027285984,0.0716892299907548,0.3863206761223929,0.00553635461255908,39.72011620657785,24.911121368408203,69.68813,5.437961,0.07803281,0.035062627866864204,0.00362209789454937,0
0.07121504,0.38726294,0.005557081,39.719635,24.810865,0.038684726,0.07121504,0.3872646,0.0055571096,39.720173,24.828661,0.04006719908543995,0.07168504276445933,0.3872375658580235,0.005559783628476518,39.71996579851423,24.882755279541016,69.688194,5.4379373,0.07803241,0.035062627866864204,0.003622138872742653,0
