nh4,no3,po4,so,thetao,chl_t-1,nh4_t-1,no3_t-1,po4_t-1,so_t-1,thetao_t-1,chl_7day_avg,nh4_7day_avg,no3_7day_avg,po4_7day_avg,so_7day_avg,thetao_7day_avg,n_p_ratio,n_nh4_ratio,p_nh4_ratio,chl_monthly_median,chl_anomaly,bloom_proxy_label
0.0053577777,0.0022294545,0.023296107,36.141148,27.70236,0.08766247,0.0053375755,0.0022207568,0.023308223,36.152077,27.685001,0.09155143744179181,0.005876003897615841,0.0023093054436945488,0.02459184845377292,36.22994041442871,27.594510214669363,0.17066061,0.54199207,3.0560546,0.09077008441090584,-0.0011104270815849304,0
0.0053577777,0.0022294545,0.023296107,36.141148,27.70236,0.08766247,0.0053375755,0.0022207568,0.023308223,36.152077,27.685001,0.09155143744179181,0.005876003897615841,0.0023093054436945488,0.02459184845377292,36.22994041442871,27.594510214669363,0.17066061,0.54199207,3.0560546,0.09077008441090584,-0.0011104270815849304,0
0.0053577777,0.0022294545,0.023296107,36.141148,27.70236,0.08766247,0.0053375755,0.0022207568,0.023308223,36.152077,27.685001,0.09155143744179181,0.005876003897615841,0.0023093054436945488,0.02459184845377292,36.22994041442871,27.594510214669363,0.17066061,0.54199207,3.0560546,0.09077008441090584,-0.0011104270815849304,0
0.0036613452,0.0019265041,0.007181134,36.11899,29.223463,0.046347633,0.0031994719,0.0019543637,0.006748611,36.08339,28.641552,0.09155143744179181,0.005876003897615841,0.0023093054436945488,0.02459184845377292,36.22994041442871,27.594510214669363,0.26827297,0.52617383,1.9613376,0.09077008441090584,-0.0011104270815849304,0
0.004427393,0.0036319685,0.008447114,36.10725,29.223936,0.04654347,0.0035273859,0.0021201766,0.007234657,36.083847,28.695328,0.09155143744179181,0.005876003897615841,0.0023093054436945488,0.02459184845377292,36.22994041442871,27.594510214669363,0.4299656,0.8203402,1.9079206,0.09077008441090584,-0.0011104270815849304,0
0.0052281185,0.005339289,0.009908504,36.03867,29.104523,0.0473765,0.0039589545,0.0023189625,0.008137414,36.015324,28.688913,0.09155143744179181,0.005876003897615841,0.0023093054436945488,0.02459184845377292,36.22994041442871,27.594510214669363,0.53885925,1.021264,1.8952333,0.09077008441090584,-0.0011104270815849304,0
0.005671976,0.0054899557,0.0112957405,35.967205,28.870085,0.04958621,0.0044698007,0.0021862849,0.00997661,35.925022,28.546997,0.09155143744179181,0.005876003897615841,0.0023093054436945488,0.02459184845377292,36.22994041442871,27.594510214669363,0.48602,0.9679088,1.9915,0.09077008441090584,-0.0011104270815849304,0
0.0058642738,0.0040583056,0.013111698,35.951897,28.710533,0.053702895,0.0052183284,0.001784392,0.013481744,35.903534,28.460363,0.09155143744179181,0.005876003897615841,0.0023093054436945488,0.02459184845377292,36.22994041442871,27.594510214669363,0.30951792,0.6920389,2.2358606,0.09077008441090584,-0.0011104270815849304,0
0.006135205,0.0023537588,0.015963895,35.970642,28.66942,0.059631124,0.0063444115,0.0016578544,0.018950695,35.945602,28.445585,0.09155143744179181,0.005876003897615841,0.0023093054436945488,0.02459184845377292,36.22994041442871,27.594510214669363,0.14744264,0.38364795,2.602015,0.09077008441090584,-0.0011104270815849304,0
0.006730499,0.0015249762,0.020066127,35.98318,28.661055,0.06653412,0.007782985,0.0020207998,0.025816215,35.982536,28.438618,0.09155143744179181,0.005876003897615841,0.0023093054436945488,0.02459184845377292,36.22994041442871,27.594510214669363,0.07599754,0.22657698,2.9813728,0.09077008441090584,-0.0011104270815849304,0
0.007676644,0.0017204211,0.025164109,35.980003,28.630684,0.073159814,0.009227625,0.0025247312,0.032699067,35.98587,28.419924,0.09155143744179181,0.005876003897615841,0.0023093054436945488,0.02459184845377292,36.22994041442871,27.594510214669363,0.068368055,0.22411111,3.2780092,0.09077008441090584,-0.0011104270815849304,0
0.008794442,0.00230176,0.030634122,35.972633,28.592459,0.078247644,0.010280529,0.0028135467,0.037884697,35.987267,28.44961,0.09155143744179181,0.005876003897615841,0.0023093054436945488,0.02459184845377292,36.22994041442871,27.594510214669363,0.07513713,0.26172894,3.4833503,0.09077008441090584,-0.0011104270815849304,0
0.009799655,0.0027196235,0.035522413,35.974026,28.592783,0.08067086,0.010613366,0.002867252,0.03982389,36.00273,28.518312,0.09155143744179181,0.005876003897615841,0.0023093054436945488,0.02459184845377292,36.22994041442871,27.594510214669363,0.07656078,0.2775224,3.6248636,0.09077008441090584,-0.0011104270815849304,0
0.0053577777,0.0022294545,0.023296107,36.141148,27.70236,0.08766247,0.0053375755,0.0022207568,0.023308223,36.152077,27.685001,0.09155143744179181,0.005876003897615841,0.0023093054436945488,0.02459184845377292,36.22994041442871,27.594510214669363,0.17066061,0.54199207,3.0560546,0.09077008441090584,-0.0011104270815849304,0
0.0053577777,0.0022294545,0.023296107,36.141148,27.70236,0.08766247,0.0053375755,0.0022207568,0.023308223,36.152077,27.685001,0.09155143744179181,0.005876003897615841,0.0023093054436945488,0.02459184845377292,36.22994041442871,27.594510214669363,0.17066061,0.54199207,3.0560546,0.09077008441090584,-0.0011104270815849304,0
0.0053577777,0.0022294545,0.023296107,36.141148,27.70236,0.08766247,0.0053375755,0.0022207568,0.023308223,36.152077,27.685001,0.09155143744179181,0.005876003897615841,0.0023093054436945488,0.02459184845377292,36.22994041442871,27.594510214669363,0.17066061,0.54199207,3.0560546,0.09077008441090584,-0.0011104270815849304,0
0.002697982,0.0015839286,0.004295199,36.083706,29.173574,0.045356855,0.002710161,0.0022722231,0.0049740444,36.046513,28.650219,0.09155143744179181,0.005876003897615841,0.0023093054436945488,0.02459184845377292,36.22994041442871,27.594510214669363,0.3687672,0.58707905,1.5920044,0.09077008441090584,-0.0011104270815849304,0
0.003034118,0.0019165558,0.005026572,36.090206,29.185991,0.04573302,0.0028691168,0.0019773857,0.005349868,36.060116,28.66661,0.09155143744179181,0.005876003897615841,0.0023093054436945488,0.02459184845377292,36.22994041442871,27.594510214669363,0.38128486,0.63166815,1.656683,0.09077008441090584,-0.0011104270815849304,0
0.003458045,0.002308712,0.0061280355,36.04528,29.13509,0.046870448,0.0031525907,0.0017731928,0.006316704,36.009106,28.641203,0.09155143744179181,0.005876003897615841,0.0023093054436945488,0.02459184845377292,36.22994041442871,27.594510214669363,0.37674588,0.6676351,1.7721099,0.09077008441090584,-0.0011104270815849304,0
0.0038574673,0.0022704883,0.00768325,35.968456,28.965012,0.04952882,0.0036842355,0.0016214139,0.00860933,35.94126,28.505587,0.09155143744179181,0.005876003897615841,0.0023093054436945488,0.02459184845377292,36.22994041442871,27.594510214669363,0.29551142,0.5885956,1.9917862,0.09077008441090584,-0.0011104270815849304,0
0.0043922383,0.0018712474,0.010254967,35.93887,28.803482,0.05426988,0.004713969,0.001640941,0.013079782,35.94124,28.417305,0.09155143744179181,0.005876003897615841,0.0023093054436945488,0.02459184845377292,36.22994041442871,27.594510214669363,0.1824723,0.42603505,2.3347929,0.09077008441090584,-0.0011104270815849304,0
0.0052165072,0.0016755925,0.014172429,35.955376,28.727314,0.06086072,0.0063014156,0.0020276278,0.01985358,35.974823,28.399864,0.09155143744179181,0.005876003897615841,0.0023093054436945488,0.02459184845377292,36.22994041442871,27.594510214669363,0.118229024,0.32120967,2.7168427,0.09077008441090584,-0.0011104270815849304,0
0.0062959464,0.0018302556,0.019170195,35.971104,28.676966,0.06826995,0.008176944,0.0025389781,0.027984094,35.966022,28.370821,0.09155143744179181,0.005876003897615841,0.0023093054436945488,0.02459184845377292,36.22994041442871,27.594510214669363,0.09547402,0.2907038,3.0448472,0.09077008441090584,-0.0011104270815849304,0
0.007510707,0.002232689,0.024733052,35.96888,28.632998,0.07530089,0.009902445,0.0028681618,0.035865556,35.951622,28.380838,0.09155143744179181,0.005876003897615841,0.0023093054436945488,0.02459184845377292,36.22994041442871,27.594510214669363,0.09027147,0.2972675,3.293039,0.09077008441090584,-0.0011104270815849304,0
0.008778537,0.0026209638,0.030608747,35.967728,28.60952,0.080930695,0.011119069,0.002938322,0.04189481,35.961823,28.43293,0.09155143744179181,0.005876003897615841,0.0023093054436945488,0.02459184845377292,36.22994041442871,27.594510214669363,0.085627936,0.298565,3.486771,0.09077008441090584,-0.0011104270815849304,0
0.009913027,0.002845883,0.036080092,35.97132,28.608139,0.083698645,0.011438753,0.0028593661,0.04400891,35.978176,28.523497,0.09155143744179181,0.005876003897615841,0.0023093054436945488,0.02459184845377292,36.22994041442871,27.594510214669363,0.078876816,0.28708515,3.6396644,0.09077008441090584,-0.0011104270815849304,0
0.0053577777,0.0022294545,0.023296107,36.141148,27.70236,0.08766247,0.0053375755,0.0022207568,0.023308223,36.152077,27.685001,0.09155143744179181,0.005876003897615841,0.0023093054436945488,0.02459184845377292,36.22994041442871,27.594510214669363,0.17066061,0.54199207,3.0560546,0.09077008441090584,-0.0011104270815849304,0
0.0053577777,0.0022294545,0.023296107,36.141148,27.70236,0.08766247,0.0053375755,0.0022207568,0.023308223,36.152077,27.685001,0.09155143744179181,0.005876003897615841,0.0023093054436945488,0.02459184845377292,36.22994041442871,27.594510214669363,0.17066061,0.54199207,3.0560546,0.09077008441090584,-0.0011104270815849304,0
0.0053577777,0.0022294545,0.023296107,36.141148,27.70236,0.08766247,0.0053375755,0.0022207568,0.023308223,36.152077,27.685001,0.09155143744179181,0.005876003897615841,0.0023093054436945488,0.02459184845377292,36.22994041442871,27.594510214669363,0.17066061,0.54199207,3.0560546,0.09077008441090584,-0.0011104270815849304,0
0.0013645592,0.00015978188,0.00037676186,36.050964,29.093542,0.042534843,0.0014503726,0.0009127394,0.0011832272,36.025726,28.573986,0.09155143744179181,0.005876003897615841,0.0023093054436945488,0.02459184845377292,36.22994041442871,27.594510214669363,0.4240925,0.11709414,0.2761052,0.09077008441090584,-0.0011104270815849304,0
0.00151266,5.7266103e-10,0.0011153044,36.064682,29.077204,0.04298273,0.0015176763,0.00024401555,0.001635541,36.03147,28.60919,0.09155143744179181,0.005876003897615841,0.0023093054436945488,0.02459184845377292,36.22994041442871,27.594510214669363,5.1345717e-07,3.7857882e-07,0.7373134,0.09077008441090584,-0.0011104270815849304,0
0.0017049044,1e-11,0.002106095,36.044174,29.075373,0.044016443,0.0016518199,1.2707327e-05,0.0025557447,36.00179,28.601364,0.09155143744179181,0.005876003897615841,0.0023093054436945488,0.02459184845377292,36.22994041442871,27.594510214669363,4.748124e-09,5.8654317e-09,1.2353156,0.09077008441090584,-0.0011104270815849304,0
0.002155706,1e-11,0.003994433,35.98913,29.004358,0.046772283,0.0022391244,1e-11,0.005153954,35.95588,28.50333,0.09155143744179181,0.005876003897615841,0.0023093054436945488,0.02459184845377292,36.22994041442871,27.594510214669363,2.503484e-09,4.6388515e-09,1.8529582,0.09077008441090584,-0.0011104270815849304,0
0.0031983657,0.000120053955,0.0077591753,35.955353,28.88205,0.052192815,0.0037627767,0.00048721686,0.010788496,35.94805,28.398048,0.09155143744179181,0.005876003897615841,0.0023093054436945488,0.02459184845377292,36.22994041442871,27.594510214669363,0.015472515,0.037536032,2.4259813,0.09077008441090584,-0.0011104270815849304,0
0.0048273667,0.0009163904,0.013544343,35.958717,28.778715,0.059963312,0.0061503653,0.0017272612,0.019448107,35.952377,28.356302,0.09155143744179181,0.005876003897615841,0.0023093054436945488,0.02459184845377292,36.22994041442871,27.594510214669363,0.06765853,0.18983236,2.8057415,0.09077008441090584,-0.0011104270815849304,0
0.0065018213,0.0016365144,0.020078594,35.963615,28.712181,0.068318754,0.008574126,0.0026379216,0.02911177,35.94205,28.368088,0.09155143744179181,0.005876003897615841,0.0023093054436945488,0.02459184845377292,36.22994041442871,27.594510214669363,0.08150543,0.25170094,3.088149,0.09077008441090584,-0.0011104270815849304,0
0.007859708,0.0021747935,0.02603065,35.964344,28.669044,0.075681746,0.010407046,0.0029654372,0.03758759,35.94272,28.41102,0.09155143744179181,0.005876003897615841,0.0023093054436945488,0.02459184845377292,36.22994041442871,27.594510214669363,0.08354741,0.27670157,3.3119106,0.09077008441090584,-0.0011104270815849304,0
0.009131234,0.0025783943,0.031976704,35.9679,28.649546,0.08166596,0.011660447,0.002985374,0.044098556,35.961655,28.519287,0.09155143744179181,0.005876003897615841,0.0023093054436945488,0.02459184845377292,36.22994041442871,27.594510214669363,0.08063352,0.28237084,3.5019038,0.09077008441090584,-0.0011104270815849304,0
0.010223415,0.002837127,0.03738623,35.9736,28.661417,0.084747136,0.011929256,0.0028708824,0.046283383,35.971455,28.59634,0.09155143744179181,0.005876003897615841,0.0023093054436945488,0.02459184845377292,36.22994041442871,27.594510214669363,0.07588695,0.27751267,3.656922,0.09077008441090584,-0.0011104270815849304,0
0.0053577777,0.0022294545,0.023296107,36.141148,27.70236,0.08766247,0.0053375755,0.0022207568,0.023308223,36.152077,27.685001,0.09155143744179181,0.005876003897615841,0.0023093054436945488,0.02459184845377292,36.22994041442871,27.594510214669363,0.17066061,0.54199207,3.0560546,0.09077008441090584,-0.0011104270815849304,0
0.0053577777,0.0022294545,0.023296107,36.141148,27.70236,0.08766247,0.0053375755,0.0022207568,0.023308223,36.152077,27.685001,0.09155143744179181,0.005876003897615841,0.0023093054436945488,0.02459184845377292,36.22994041442871,27.594510214669363,0.17066061,0.54199207,3.0560546,0.09077008441090584,-0.0011104270815849304,0
0.0053577777,0.0022294545,0.023296107,36.141148,27.70236,0.08766247,0.0053375755,0.0022207568,0.023308223,36.152077,27.685001,0.09155143744179181,0.005876003897615841,0.0023093054436945488,0.02459184845377292,36.22994041442871,27.594510214669363,0.17066061,0.54199207,3.0560546,0.09077008441090584,-0.0011104270815849304,0
0.0012793166,1e-11,0.00041085752,36.028477,29.08793,0.04199542,0.00080666813,1e-11,0.00010679406,35.997326,28.563478,0.09155143744179181,0.005876003897615841,0.0023093054436945488,0.02459184845377292,36.22994041442871,27.594510214669363,2.4339338e-08,7.8166735e-09,0.3211539,0.09077008441090584,-0.0011104270815849304,0
0.0017181128,0.00019355549,0.0021923562,36.03073,29.002539,0.04305826,0.0011662007,3.1736072e-06,0.0013940685,35.995506,28.546862,0.09155143744179181,0.005876003897615841,0.0023093054436945488,0.02459184845377292,36.22994041442871,27.594510214669363,0.08828652,0.11265586,1.2760257,0.09077008441090584,-0.0011104270815849304,0
0.0021222746,0.00036462353,0.004078902,36.028458,28.997654,0.044608597,0.0015651669,9.5127225e-06,0.0031986546,35.97864,28.544014,0.09155143744179181,0.005876003897615841,0.0023093054436945488,0.02459184845377292,36.22994041442871,27.594510214669363,0.08939257,0.1718079,1.9219482,0.09077008441090584,-0.0011104270815849304,0
0.0032004926,0.0004743276,0.0075359317,36.001724,28.98266,0.048734844,0.0029374824,0.0002510583,0.0076926253,35.948837,28.486216,0.09155143744179181,0.005876003897615841,0.0023093054436945488,0.02459184845377292,36.22994041442871,27.594510214669363,0.06294213,0.14820457,2.3546162,0.09077008441090584,-0.0011104270815849304,0
0.0053605177,0.0017170605,0.013914917,35.97377,28.906319,0.056593128,0.0058468347,0.0022315953,0.0165119,35.930878,28.392237,0.09155143744179181,0.005876003897615841,0.0023093054436945488,0.02459184845377292,36.22994041442871,27.594510214669363,0.123397104,0.32031617,2.595816,0.09077008441090584,-0.0011104270815849304,0
0.007923367,0.0031089194,0.022234987,35.961933,28.813427,0.066647954,0.00939158,0.0043337876,0.028148271,35.927944,28.395252,0.09155143744179181,0.005876003897615841,0.0023093054436945488,0.02459184845377292,36.22994041442871,27.594510214669363,0.13982105,0.3923735,2.8062549,0.09077008441090584,-0.0011104270815849304,0
0.00920089,0.0026819345,0.02864203,35.965744,28.750744,0.07484476,0.011389293,0.0041420464,0.03764876,35.935238,28.458818,0.09155143744179181,0.005876003897615841,0.0023093054436945488,0.02459184845377292,36.22994041442871,27.594510214669363,0.09363633,0.29148644,3.1129632,0.09077008441090584,-0.0011104270815849304,0
0.00940955,0.002425616,0.031593073,35.965584,28.685463,0.07974261,0.012001951,0.0034536598,0.043262754,35.9424,28.455393,0.09155143744179181,0.005876003897615841,0.0023093054436945488,0.02459184845377292,36.22994041442871,27.594510214669363,0.076776825,0.25778237,3.3575542,0.09077008441090584,-0.0011104270815849304,0
0.009954773,0.0026318508,0.034918636,35.972553,28.659435,0.084025435,0.01278034,0.0032315704,0.048307594,35.979065,28.596167,0.09155143744179181,0.005876003897615841,0.0023093054436945488,0.02459184845377292,36.22994041442871,27.594510214669363,0.07537095,0.26438078,3.507728,0.09077008441090584,-0.0011104270815849304,0
0.0053577777,0.0022294545,0.023296107,36.141148,27.70236,0.08766247,0.0053375755,0.0022207568,0.023308223,36.152077,27.685001,0.09155143744179181,0.005876003897615841,0.0023093054436945488,0.02459184845377292,36.22994041442871,27.594510214669363,0.17066061,0.54199207,3.0560546,0.09077008441090584,-0.0011104270815849304,0
0.0053577777,0.0022294545,0.023296107,36.141148,27.70236,0.08766247,0.0053375755,0.0022207568,0.023308223,36.152077,27.685001,0.09155143744179181,0.005876003897615841,0.0023093054436945488,0.02459184845377292,36.22994041442871,27.594510214669363,0.17066061,0.54199207,3.0560546,0.09077008441090584,-0.0011104270815849304,0
0.0053577777,0.0022294545,0.023296107,36.141148,27.70236,0.08766247,0.0053375755,0.0022207568,0.023308223,36.152077,27.685001,0.09155143744179181,0.005876003897615841,0.0023093054436945488,0.02459184845377292,36.22994041442871,27.594510214669363,0.17066061,0.54199207,3.0560546,0.09077008441090584,-0.0011104270815849304,0
0.0053577777,0.0022294545,0.023296107,36.141148,27.70236,0.08766247,0.0053375755,0.0022207568,0.023308223,36.152077,27.685001,0.09155143744179181,0.005876003897615841,0.0023093054436945488,0.02459184845377292,36.22994041442871,27.594510214669363,0.17066061,0.54199207,3.0560546,0.09077008441090584,-0.0011104270815849304,0
0.006925682,0.016287573,0.013632005,36.1014,29.240335,0.051258713,0.004596354,0.007165826,0.01037336,36.085693,28.878044,0.09155143744179181,0.005876003897615841,0.0023093054436945488,0.02459184845377292,36.22994041442871,27.594510214669363,1.1948038,2.3517644,1.9683267,0.09077008441090584,-0.0011104270815849304,0
0.008824723,0.03518956,0.018647378,36.04969,29.044651,0.05437806,0.0067727612,0.025163423,0.015440417,36.009933,28.599512,0.09155143744179181,0.005876003897615841,0.0023093054436945488,0.02459184845377292,36.22994041442871,27.594510214669363,1.887105,3.987611,2.1130838,0.09077008441090584,-0.0011104270815849304,0
0.010390839,0.04335919,0.022966284,36.00649,28.928986,0.05791592,0.008634148,0.03320268,0.020248562,35.953983,28.492737,0.09155143744179181,0.005876003897615841,0.0023093054436945488,0.02459184845377292,36.22994041442871,27.594510214669363,1.8879497,4.1728287,2.2102435,0.09077008441090584,-0.0011104270815849304,0
0.012768272,0.038474265,0.028282814,35.98073,28.907566,0.06469337,0.01186838,0.03085631,0.027787775,35.923824,28.44232,0.09155143744179181,0.005876003897615841,0.0023093054436945488,0.02459184845377292,36.22994041442871,27.594510214669363,1.3603408,3.013271,2.2150855,0.09077008441090584,-0.0011104270815849304,0
0.015838781,0.031159356,0.035864383,35.959324,28.875393,0.07472763,0.01638614,0.02743564,0.039120503,35.929592,28.433725,0.09155143744179181,0.005876003897615841,0.0023093054436945488,0.02459184845377292,36.22994041442871,27.594510214669363,0.8688106,1.9672824,2.2643397,0.09077008441090584,-0.0011104270815849304,0
0.016934851,0.019655257,0.041854642,35.967907,28.854548,0.08347788,0.018831072,0.019116076,0.048902426,35.954117,28.527784,0.09155143744179181,0.005876003897615841,0.0023093054436945488,0.02459184845377292,36.22994041442871,27.594510214669363,0.4696076,1.1606395,2.4715092,0.09077008441090584,-0.0011104270815849304,0
0.014050625,0.007541807,0.041661832,35.977627,28.751333,0.08571402,0.016587384,0.009076845,0.05111866,35.96337,28.559544,0.09155143744179181,0.005876003897615841,0.0023093054436945488,0.02459184845377292,36.22994041442871,27.594510214669363,0.18102437,0.5367595,2.965123,0.09077008441090584,-0.0011104270815849304,0
0.0053577777,0.0022294545,0.023296107,36.141148,27.70236,0.08766247,0.0053375755,0.0022207568,0.023308223,36.152077,27.685001,0.09155143744179181,0.005876003897615841,0.0023093054436945488,0.02459184845377292,36.22994041442871,27.594510214669363,0.17066061,0.54199207,3.0560546,0.09077008441090584,-0.0011104270815849304,0
0.0053577777,0.0022294545,0.023296107,36.141148,27.70236,0.08766247,0.0053375755,0.0022207568,0.023308223,36.152077,27.685001,0.09155143744179181,0.005876003897615841,0.0023093054436945488,0.02459184845377292,36.22994041442871,27.594510214669363,0.17066061,0.54199207,3.0560546,0.09077008441090584,-0.0011104270815849304,0
0.0053577777,0.0022294545,0.023296107,36.141148,27.70236,0.08766247,0.0053375755,0.0022207568,0.023308223,36.152077,27.685001,0.09155143744179181,0.005876003897615841,0.0023093054436945488,0.02459184845377292,36.22994041442871,27.594510214669363,0.17066061,0.54199207,3.0560546,0.09077008441090584,-0.0011104270815849304,0
0.0053577777,0.0022294545,0.023296107,36.141148,27.70236,0.08766247,0.0053375755,0.0022207568,0.023308223,36.152077,27.685001,0.09155143744179181,0.005876003897615841,0.0023093054436945488,0.02459184845377292,36.22994041442871,27.594510214669363,0.17066061,0.54199207,3.0560546,0.09077008441090584,-0.0011104270815849304,0
0.0053577777,0.0022294545,0.023296107,36.141148,27.70236,0.08766247,0.0053375755,0.0022207568,0.023308223,36.152077,27.685001,0.09155143744179181,0.005876003897615841,0.0023093054436945488,0.02459184845377292,36.22994041442871,27.594510214669363,0.17066061,0.54199207,3.0560546,0.09077008441090584,-0.0011104270815849304,0
0.0053577777,0.0022294545,0.023296107,36.141148,27.70236,0.08766247,0.0053375755,0.0022207568,0.023308223,36.152077,27.685001,0.09155143744179181,0.005876003897615841,0.0023093054436945488,0.02459184845377292,36.22994041442871,27.594510214669363,0.17066061,0.54199207,3.0560546,0.09077008441090584,-0.0011104270815849304,0
0.019034905,0.085466675,0.036195375,36.220276,29.406631,0.06641796,0.014020626,0.05680343,0.031067034,36.22656,29.107965,0.09155143744179181,0.005876003897615841,0.0023093054436945488,0.02459184845377292,36.22994041442871,27.594510214669363,2.3612595,4.4899974,1.9015265,0.09077008441090584,-0.0011104270815849304,0
0.027805116,0.18104698,0.05479645,36.066746,29.141453,0.077500544,0.02388592,0.14762749,0.050584592,36.106506,28.750895,0.09155143744179181,0.005876003897615841,0.0023093054436945488,0.02459184845377292,36.22994041442871,27.594510214669363,3.303991,6.511283,1.9707327,0.09077008441090584,-0.0011104270815849304,0
0.032354265,0.21583499,0.064657025,35.86349,28.960945,0.0846043,0.029390004,0.18235947,0.06168234,35.97985,28.552711,0.09155143744179181,0.005876003897615841,0.0023093054436945488,0.02459184845377292,36.22994041442871,27.594510214669363,3.3381522,6.6709905,1.9984081,0.09077008441090584,-0.0011104270815849304,0
0.036165,0.17784168,0.06817227,35.873158,28.940758,0.09293664,0.034861874,0.15159202,0.06848876,35.950535,28.546583,0.09155143744179181,0.005876003897615841,0.0023093054436945488,0.02459184845377292,36.22994041442871,27.594510214669363,2.60871,4.917508,1.8850344,0.09077008441090584,-0.0011104270815849304,0
0.038204566,0.12702191,0.07008163,35.921036,28.996845,0.100978985,0.038854867,0.10988976,0.07460008,35.965424,28.641989,0.09155143744179181,0.005876003897615841,0.0023093054436945488,0.02459184845377292,36.22994041442871,27.594510214669363,1.8124851,3.3247836,1.8343784,0.09077008441090584,-0.0011104270815849304,0
0.034027647,0.06776698,0.06552458,35.985332,28.970951,0.10232851,0.035977192,0.05992995,0.07323837,35.992085,28.703457,0.09155143744179181,0.005876003897615841,0.0023093054436945488,0.02459184845377292,36.22994041442871,27.594510214669363,1.0342222,1.9915271,1.9256276,0.09077008441090584,-0.0011104270815849304,0
0.0053577777,0.0022294545,0.023296107,36.141148,27.70236,0.08766247,0.0053375755,0.0022207568,0.023308223,36.152077,27.685001,0.09155143744179181,0.005876003897615841,0.0023093054436945488,0.02459184845377292,36.22994041442871,27.594510214669363,0.17066061,0.54199207,3.0560546,0.09077008441090584,-0.0011104270815849304,0
0.0053577777,0.0022294545,0.023296107,36.141148,27.70236,0.08766247,0.0053375755,0.0022207568,0.023308223,36.152077,27.685001,0.09155143744179181,0.005876003897615841,0.0023093054436945488,0.02459184845377292,36.22994041442871,27.594510214669363,0.17066061,0.54199207,3.0560546,0.09077008441090584,-0.0011104270815849304,0
0.0053577777,0.0022294545,0.023296107,36.141148,27.70236,0.08766247,0.0053375755,0.0022207568,0.023308223,36.152077,27.685001,0.09155143744179181,0.005876003897615841,0.0023093054436945488,0.02459184845377292,36.22994041442871,27.594510214669363,0.17066061,0.54199207,3.0560546,0.09077008441090584,-0.0011104270815849304,0
0.0053577777,0.0022294545,0.023296107,36.141148,27.70236,0.08766247,0.0053375755,0.0022207568,0.023308223,36.152077,27.685001,0.09155143744179181,0.005876003897615841,0.0023093054436945488,0.02459184845377292,36.22994041442871,27.594510214669363,0.17066061,0.54199207,3.0560546,0.09077008441090584,-0.0011104270815849304,0
0.0053577777,0.0022294545,0.023296107,36.141148,27.70236,0.08766247,0.0053375755,0.0022207568,0.023308223,36.152077,27.685001,0.09155143744179181,0.005876003897615841,0.0023093054436945488,0.02459184845377292,36.22994041442871,27.594510214669363,0.17066061,0.54199207,3.0560546,0.09077008441090584,-0.0011104270815849304,0
0.0053577777,0.0022294545,0.023296107,36.141148,27.70236,0.08766247,0.0053375755,0.0022207568,0.023308223,36.152077,27.685001,0.09155143744179181,0.005876003897615841,0.0023093054436945488,0.02459184845377292,36.22994041442871,27.594510214669363,0.17066061,0.54199207,3.0560546,0.09077008441090584,-0.0011104270815849304,0
0.0053577777,0.0022294545,0.023296107,36.141148,27.70236,0.08766247,0.0053375755,0.0022207568,0.023308223,36.152077,27.685001,0.09155143744179181,0.005876003897615841,0.0023093054436945488,0.02459184845377292,36.22994041442871,27.594510214669363,0.17066061,0.54199207,3.0560546,0.09077008441090584,-0.0011104270815849304,0
0.0053577777,0.0022294545,0.023296107,36.141148,27.70236,0.08766247,0.0053375755,0.0022207568,0.023308223,36.152077,27.685001,0.09155143744179181,0.005876003897615841,0.0023093054436945488,0.02459184845377292,36.22994041442871,27.594510214669363,0.17066061,0.54199207,3.0560546,0.09077008441090584,-0.0011104270815849304,0
0.05184053,0.4630327,0.10637786,35.74027,29.073816,0.10580294,0.048562467,0.40594187,0.102852285,35.98666,28.765282,0.09155143744179181,0.005876003897615841,0.0023093054436945488,0.02459184845377292,36.22994041442871,27.594510214669363,4.3527164,8.931867,2.0520213,0.09077008441090584,-0.0011104270815849304,0
0.054579113,0.51755226,0.11646925,34.981148,28.937313,0.11057149,0.052273344,0.46024248,0.11416162,35.942608,28.859812,0.09155143744179181,0.005876003897615841,0.0023093054436945488,0.02459184845377292,36.22994041442871,27.594510214669363,4.4436817,9.482607,2.1339529,0.09077008441090584,-0.0011104270815849304,0
0.058160473,0.3817229,0.109157145,35.42783,28.966894,0.11755151,0.05759872,0.3361501,0.1104205,35.80657,28.769606,0.09155143744179181,0.005876003897615841,0.0023093054436945488,0.02459184845377292,36.22994041442871,27.594510214669363,3.4970033,6.56327,1.876827,0.09077008441090584,-0.0011104270815849304,0
0.06069211,0.28560418,0.10459595,35.838886,29.19259,0.1230796,0.061639983,0.24916749,0.108978614,35.881527,28.896238,0.09155143744179181,0.005876003897615841,0.0023093054436945488,0.02459184845377292,36.22994041442871,27.594510214669363,2.7305472,4.7057877,1.7233863,0.09077008441090584,-0.0011104270815849304,0
0.0053577777,0.0022294545,0.023296107,36.141148,27.70236,0.08766247,0.0053375755,0.0022207568,0.023308223,36.152077,27.685001,0.09155143744179181,0.005876003897615841,0.0023093054436945488,0.02459184845377292,36.22994041442871,27.594510214669363,0.17066061,0.54199207,3.0560546,0.09077008441090584,-0.0011104270815849304,0
0.0053577777,0.0022294545,0.023296107,36.141148,27.70236,0.08766247,0.0053375755,0.0022207568,0.023308223,36.152077,27.685001,0.09155143744179181,0.005876003897615841,0.0023093054436945488,0.02459184845377292,36.22994041442871,27.594510214669363,0.17066061,0.54199207,3.0560546,0.09077008441090584,-0.0011104270815849304,0
0.0053577777,0.0022294545,0.023296107,36.141148,27.70236,0.08766247,0.0053375755,0.0022207568,0.023308223,36.152077,27.685001,0.09155143744179181,0.005876003897615841,0.0023093054436945488,0.02459184845377292,36.22994041442871,27.594510214669363,0.17066061,0.54199207,3.0560546,0.09077008441090584,-0.0011104270815849304,0
0.0053577777,0.0022294545,0.023296107,36.141148,27.70236,0.08766247,0.0053375755,0.0022207568,0.023308223,36.152077,27.685001,0.09155143744179181,0.005876003897615841,0.0023093054436945488,0.02459184845377292,36.22994041442871,27.594510214669363,0.17066061,0.54199207,3.0560546,0.09077008441090584,-0.0011104270815849304,0
0.0053577777,0.0022294545,0.023296107,36.141148,27.70236,0.08766247,0.0053375755,0.0022207568,0.023308223,36.152077,27.685001,0.09155143744179181,0.005876003897615841,0.0023093054436945488,0.02459184845377292,36.22994041442871,27.594510214669363,0.17066061,0.54199207,3.0560546,0.09077008441090584,-0.0011104270815849304,0
0.0053577777,0.0022294545,0.023296107,36.141148,27.70236,0.08766247,0.0053375755,0.0022207568,0.023308223,36.152077,27.685001,0.09155143744179181,0.005876003897615841,0.0023093054436945488,0.02459184845377292,36.22994041442871,27.594510214669363,0.17066061,0.54199207,3.0560546,0.09077008441090584,-0.0011104270815849304,0
0.0053577777,0.0022294545,0.023296107,36.141148,27.70236,0.08766247,0.0053375755,0.0022207568,0.023308223,36.152077,27.685001,0.09155143744179181,0.005876003897615841,0.0023093054436945488,0.02459184845377292,36.22994041442871,27.594510214669363,0.17066061,0.54199207,3.0560546,0.09077008441090584,-0.0011104270815849304,0
0.0053577777,0.0022294545,0.023296107,36.141148,27.70236,0.08766247,0.0053375755,0.0022207568,0.023308223,36.152077,27.685001,0.09155143744179181,0.005876003897615841,0.0023093054436945488,0.02459184845377292,36.22994041442871,27.594510214669363,0.17066061,0.54199207,3.0560546,0.09077008441090584,-0.0011104270815849304,0
0.0053577777,0.0022294545,0.023296107,36.141148,27.70236,0.08766247,0.0053375755,0.0022207568,0.023308223,36.152077,27.685001,0.09155143744179181,0.005876003897615841,0.0023093054436945488,0.02459184845377292,36.22994041442871,27.594510214669363,0.17066061,0.54199207,3.0560546,0.09077008441090584,-0.0011104270815849304,0
0.0053577777,0.0022294545,0.023296107,36.141148,27.70236,0.08766247,0.0053375755,0.0022207568,0.023308223,36.152077,27.685001,0.09155143744179181,0.005876003897615841,0.0023093054436945488,0.02459184845377292,36.22994041442871,27.594510214669363,0.17066061,0.54199207,3.0560546,0.09077008441090584,-0.0011104270815849304,0
0.0053577777,0.0022294545,0.023296107,36.141148,27.70236,0.08766247,0.0053375755,0.0022207568,0.023308223,36.152077,27.685001,0.09155143744179181,0.005876003897615841,0.0023093054436945488,0.02459184845377292,36.22994041442871,27.594510214669363,0.17066061,0.54199207,3.0560546,0.09077008441090584,-0.0011104270815849304,0
0.0053577777,0.0022294545,0.023296107,36.141148,27.70236,0.08766247,0.0053375755,0.0022207568,0.023308223,36.152077,27.685001,0.09155143744179181,0.005876003897615841,0.0023093054436945488,0.02459184845377292,36.22994041442871,27.594510214669363,0.17066061,0.54199207,3.0560546,0.09077008441090584,-0.0011104270815849304,0
0.0053577777,0.0022294545,0.023296107,36.141148,27.70236,0.08766247,0.0053375755,0.0022207568,0.023308223,36.152077,27.685001,0.09155143744179181,0.005876003897615841,0.0023093054436945488,0.02459184845377292,36.22994041442871,27.594510214669363,0.17066061,0.54199207,3.0560546,0.09077008441090584,-0.0011104270815849304,0
0.0053577777,0.0022294545,0.023296107,36.141148,27.70236,0.08766247,0.0053375755,0.0022207568,0.023308223,36.152077,27.685001,0.09155143744179181,0.005876003897615841,0.0023093054436945488,0.02459184845377292,36.22994041442871,27.594510214669363,0.17066061,0.54199207,3.0560546,0.09077008441090584,-0.0011104270815849304,0
0.0053577777,0.0022294545,0.023296107,36.141148,27.70236,0.08766247,0.0053375755,0.0022207568,0.023308223,36.152077,27.685001,0.09155143744179181,0.005876003897615841,0.0023093054436945488,0.02459184845377292,36.22994041442871,27.594510214669363,0.17066061,0.54199207,3.0560546,0.09077008441090584,-0.0011104270815849304,0
0.0053577777,0.0022294545,0.023296107,36.141148,27.70236,0.08766247,0.0053375755,0.0022207568,0.023308223,36.152077,27.685001,0.09155143744179181,0.005876003897615841,0.0023093054436945488,0.02459184845377292,36.22994041442871,27.594510214669363,0.17066061,0.54199207,3.0560546,0.09077008441090584,-0.0011104270815849304,0
0.0053577777,0.0022294545,0.023296107,36.141148,27.70236,0.08766247,0.0053375755,0.0022207568,0.023308223,36.152077,27.685001,0.09155143744179181,0.005876003897615841,0.0023093054436945488,0.02459184845377292,36.22994041442871,27.594510214669363,0.17066061,0.54199207,3.0560546,0.09077008441090584,-0.0011104270815849304,0
0.0053577777,0.0022294545,0.023296107,36.141148,27.70236,0.08766247,0.0053375755,0.0022207568,0.023308223,36.152077,27.685001,0.09155143744179181,0.005876003897615841,0.0023093054436945488,0.02459184845377292,36.22994041442871,27.594510214669363,0.17066061,0.54199207,3.0560546,0.09077008441090584,-0.0011104270815849304,0
0.0053577777,0.0022294545,0.023296107,36.141148,27.70236,0.08766247,0.0053375755,0.0022207568,0.023308223,36.152077,27.685001,0.09155143744179181,0.005876003897615841,0.0023093054436945488,0.02459184845377292,36.22994041442871,27.594510214669363,0.17066061,0.54199207,3.0560546,0.09077008441090584,-0.0011104270815849304,0
0.0053577777,0.0022294545,0.023296107,36.141148,27.70236,0.08766247,0.0053375755,0.0022207568,0.023308223,36.152077,27.685001,0.09155143744179181,0.005876003897615841,0.0023093054436945488,0.02459184845377292,36.22994041442871,27.594510214669363,0.17066061,0.54199207,3.0560546,0.09077008441090584,-0.0011104270815849304,0
0.0053577777,0.0022294545,0.023296107,36.141148,27.70236,0.08766247,0.0053375755,0.0022207568,0.023308223,36.152077,27.685001,0.09155143744179181,0.005876003897615841,0.0023093054436945488,0.02459184845377292,36.22994041442871,27.594510214669363,0.17066061,0.54199207,3.0560546,0.09077008441090584,-0.0011104270815849304,0
0.0053577777,0.0022294545,0.023296107,36.141148,27.70236,0.08766247,0.0053375755,0.0022207568,0.023308223,36.152077,27.685001,0.09155143744179181,0.005876003897615841,0.0023093054436945488,0.02459184845377292,36.22994041442871,27.594510214669363,0.17066061,0.54199207,3.0560546,0.09077008441090584,-0.0011104270815849304,0
0.0053577777,0.0022294545,0.023296107,36.141148,27.70236,0.08766247,0.0053375755,0.0022207568,0.023308223,36.152077,27.685001,0.09155143744179181,0.005876003897615841,0.0023093054436945488,0.02459184845377292,36.22994041442871,27.594510214669363,0.17066061,0.54199207,3.0560546,0.09077008441090584,-0.0011104270815849304,0
0.0053577777,0.0022294545,0.023296107,36.141148,27.70236,0.08766247,0.0053375755,0.0022207568,0.023308223,36.152077,27.685001,0.09155143744179181,0.005876003897615841,0.0023093054436945488,0.02459184845377292,36.22994041442871,27.594510214669363,0.17066061,0.54199207,3.0560546,0.09077008441090584,-0.0011104270815849304,0
0.0053577777,0.0022294545,0.023296107,36.141148,27.70236,0.08766247,0.0053375755,0.0022207568,0.023308223,36.152077,27.685001,0.09155143744179181,0.005876003897615841,0.0023093054436945488,0.02459184845377292,36.22994041442871,27.594510214669363,0.17066061,0.54199207,3.0560546,0.09077008441090584,-0.0011104270815849304,0
0.0053577777,0.0022294545,0.023296107,36.141148,27.70236,0.08766247,0.0053375755,0.0022207568,0.023308223,36.152077,27.685001,0.09155143744179181,0.005876003897615841,0.0023093054436945488,0.02459184845377292,36.22994041442871,27.594510214669363,0.17066061,0.54199207,3.0560546,0.09077008441090584,-0.0011104270815849304,0
0.0053577777,0.0022294545,0.023296107,36.141148,27.70236,0.08766247,0.0053375755,0.0022207568,0.023308223,36.152077,27.685001,0.09155143744179181,0.005876003897615841,0.0023093054436945488,0.02459184845377292,36.22994041442871,27.594510214669363,0.17066061,0.54199207,3.0560546,0.09077008441090584,-0.0011104270815849304,0
0.0053577777,0.0022294545,0.023296107,36.141148,27.70236,0.08766247,0.0053375755,0.0022207568,0.023308223,36.152077,27.685001,0.09155143744179181,0.005876003897615841,0.0023093054436945488,0.02459184845377292,36.22994041442871,27.594510214669363,0.17066061,0.54199207,3.0560546,0.09077008441090584,-0.0011104270815849304,0
0.0053577777,0.0022294545,0.023296107,36.141148,27.70236,0.08766247,0.0053375755,0.0022207568,0.023308223,36.152077,27.685001,0.09155143744179181,0.005876003897615841,0.0023093054436945488,0.02459184845377292,36.22994041442871,27.594510214669363,0.17066061,0.54199207,3.0560546,0.09077008441090584,-0.0011104270815849304,0
0.0053577777,0.0022294545,0.023296107,36.141148,27.70236,0.08766247,0.0053375755,0.0022207568,0.023308223,36.152077,27.685001,0.09155143744179181,0.005876003897615841,0.0023093054436945488,0.02459184845377292,36.22994041442871,27.594510214669363,0.17066061,0.54199207,3.0560546,0.09077008441090584,-0.0011104270815849304,0
0.0053577777,0.0022294545,0.023296107,36.141148,27.70236,0.08766247,0.0053375755,0.0022207568,0.023308223,36.152077,27.685001,0.09155143744179181,0.005876003897615841,0.0023093054436945488,0.02459184845377292,36.22994041442871,27.594510214669363,0.17066061,0.54199207,3.0560546,0.09077008441090584,-0.0011104270815849304,0
0.0053577777,0.0022294545,0.023296107,36.141148,27.70236,0.08766247,0.0053375755,0.0022207568,0.023308223,36.152077,27.685001,0.09155143744179181,0.005876003897615841,0.0023093054436945488,0.02459184845377292,36.22994041442871,27.594510214669363,0.17066061,0.54199207,3.0560546,0.09077008441090584,-0.0011104270815849304,0
0.0053577777,0.0022294545,0.023296107,36.141148,27.70236,0.08766247,0.0053375755,0.0022207568,0.023308223,36.152077,27.685001,0.09155143744179181,0.005876003897615841,0.0023093054436945488,0.02459184845377292,36.22994041442871,27.594510214669363,0.17066061,0.54199207,3.0560546,0.09077008441090584,-0.0011104270815849304,0
0.0053577777,0.0022294545,0.023296107,36.141148,27.70236,0.08766247,0.0053375755,0.0022207568,0.023308223,36.152077,27.685001,0.09155143744179181,0.005876003897615841,0.0023093054436945488,0.02459184845377292,36.22994041442871,27.594510214669363,0.17066061,0.54199207,3.0560546,0.09077008441090584,-0.0011104270815849304,0
0.0053577777,0.0022294545,0.023296107,36.141148,27.70236,0.08766247,0.0053375755,0.0022207568,0.023308223,36.152077,27.685001,0.09155143744179181,0.005876003897615841,0.0023093054436945488,0.02459184845377292,36.22994041442871,27.594510214669363,0.17066061,0.54199207,3.0560546,0.09077008441090584,-0.0011104270815849304,0
0.0053577777,0.0022294545,0.023296107,36.141148,27.70236,0.08766247,0.0053375755,0.0022207568,0.023308223,36.152077,27.685001,0.09155143744179181,0.005876003897615841,0.0023093054436945488,0.02459184845377292,36.22994041442871,27.594510214669363,0.17066061,0.54199207,3.0560546,0.09077008441090584,-0.0011104270815849304,0
0.0053577777,0.0022294545,0.023296107,36.141148,27.70236,0.08766247,0.0053375755,0.0022207568,0.023308223,36.152077,27.685001,0.09155143744179181,0.005876003897615841,0.0023093054436945488,0.02459184845377292,36.22994041442871,27.594510214669363,0.17066061,0.54199207,3.0560546,0.09077008441090584,-0.0011104270815849304,0
0.0053577777,0.0022294545,0.023296107,36.141148,27.70236,0.08766247,0.0053375755,0.0022207568,0.023308223,36.152077,27.685001,0.09155143744179181,0.005876003897615841,0.0023093054436945488,0.02459184845377292,36.22994041442871,27.594510214669363,0.17066061,0.54199207,3.0560546,0.09077008441090584,-0.0011104270815849304,0
0.0053577777,0.0022294545,0.023296107,36.141148,27.70236,0.08766247,0.0053375755,0.0022207568,0.023308223,36.152077,27.685001,0.09155143744179181,0.005876003897615841,0.0023093054436945488,0.02459184845377292,36.22994041442871,27.594510214669363,0.17066061,0.54199207,3.0560546,0.09077008441090584,-0.0011104270815849304,0
0.0053577777,0.0022294545,0.023296107,36.141148,27.70236,0.08766247,0.0053375755,0.0022207568,0.023308223,36.152077,27.685001,0.09155143744179181,0.005876003897615841,0.0023093054436945488,0.02459184845377292,36.22994041442871,27.594510214669363,0.17066061,0.54199207,3.0560546,0.09077008441090584,-0.0011104270815849304,0
0.0053577777,0.0022294545,0.023296107,36.141148,27.70236,0.08766247,0.0053375755,0.0022207568,0.023308223,36.152077,27.685001,0.09155143744179181,0.005876003897615841,0.0023093054436945488,0.02459184845377292,36.22994041442871,27.594510214669363,0.17066061,0.54199207,3.0560546,0.09077008441090584,-0.0011104270815849304,0
0.0053577777,0.0022294545,0.023296107,36.141148,27.70236,0.08766247,0.0053375755,0.0022207568,0.023308223,36.152077,27.685001,0.09155143744179181,0.005876003897615841,0.0023093054436945488,0.02459184845377292,36.22994041442871,27.594510214669363,0.17066061,0.54199207,3.0560546,0.09077008441090584,-0.0011104270815849304,0
0.0053577777,0.0022294545,0.023296107,36.141148,27.70236,0.08766247,0.0053375755,0.0022207568,0.023308223,36.152077,27.685001,0.09155143744179181,0.005876003897615841,0.0023093054436945488,0.02459184845377292,36.22994041442871,27.594510214669363,0.17066061,0.54199207,3.0560546,0.09077008441090584,-0.0011104270815849304,0
0.0053577777,0.0022294545,0.023296107,36.141148,27.70236,0.08766247,0.0053375755,0.0022207568,0.023308223,36.152077,27.685001,0.09155143744179181,0.005876003897615841,0.0023093054436945488,0.02459184845377292,36.22994041442871,27.594510214669363,0.17066061,0.54199207,3.0560546,0.09077008441090584,-0.0011104270815849304,0
0.0053577777,0.0022294545,0.023296107,36.141148,27.70236,0.08766247,0.0053375755,0.0022207568,0.023308223,36.152077,27.685001,0.09155143744179181,0.005876003897615841,0.0023093054436945488,0.02459184845377292,36.22994041442871,27.594510214669363,0.17066061,0.54199207,3.0560546,0.09077008441090584,-0.0011104270815849304,0
0.0053577777,0.0022294545,0.023296107,36.141148,27.70236,0.08766247,0.0053375755,0.0022207568,0.023308223,36.152077,27.685001,0.09155143744179181,0.005876003897615841,0.0023093054436945488,0.02459184845377292,36.22994041442871,27.594510214669363,0.17066061,0.54199207,3.0560546,0.09077008441090584,-0.0011104270815849304,0
0.0053577777,0.0022294545,0.023296107,36.141148,27.70236,0.08766247,0.0053375755,0.0022207568,0.023308223,36.152077,27.685001,0.09155143744179181,0.005876003897615841,0.0023093054436945488,0.02459184845377292,36.22994041442871,27.594510214669363,0.17066061,0.54199207,3.0560546,0.09077008441090584,-0.0011104270815849304,0
0.0053577777,0.0022294545,0.023296107,36.141148,27.70236,0.08766247,0.0053375755,0.0022207568,0.023308223,36.152077,27.685001,0.09155143744179181,0.005876003897615841,0.0023093054436945488,0.02459184845377292,36.22994041442871,27.594510214669363,0.17066061,0.54199207,3.0560546,0.09077008441090584,-0.0011104270815849304,0
0.0053577777,0.0022294545,0.023296107,36.141148,27.70236,0.08766247,0.0053375755,0.0022207568,0.023308223,36.152077,27.685001,0.09155143744179181,0.005876003897615841,0.0023093054436945488,0.02459184845377292,36.22994041442871,27.594510214669363,0.17066061,0.54199207,3.0560546,0.09077008441090584,-0.0011104270815849304,0
0.0053577777,0.0022294545,0.023296107,36.141148,27.70236,0.08766247,0.0053375755,0.0022207568,0.023308223,36.152077,27.685001,0.09155143744179181,0.005876003897615841,0.0023093054436945488,0.02459184845377292,36.22994041442871,27.594510214669363,0.17066061,0.54199207,3.0560546,0.09077008441090584,-0.0011104270815849304,0
0.0053577777,0.0022294545,0.023296107,36.141148,27.70236,0.08766247,0.0053375755,0.0022207568,0.023308223,36.152077,27.685001,0.09155143744179181,0.005876003897615841,0.0023093054436945488,0.02459184845377292,36.22994041442871,27.594510214669363,0.17066061,0.54199207,3.0560546,0.09077008441090584,-0.0011104270815849304,0
0.0053577777,0.0022294545,0.023296107,36.141148,27.70236,0.08766247,0.0053375755,0.0022207568,0.023308223,36.152077,27.685001,0.09155143744179181,0.005876003897615841,0.0023093054436945488,0.02459184845377292,36.22994041442871,27.594510214669363,0.17066061,0.54199207,3.0560546,0.09077008441090584,-0.0011104270815849304,0
0.0053577777,0.0022294545,0.023296107,36.141148,27.70236,0.08766247,0.0053375755,0.0022207568,0.023308223,36.152077,27.685001,0.09155143744179181,0.005876003897615841,0.0023093054436945488,0.02459184845377292,36.22994041442871,27.594510214669363,0.17066061,0.54199207,3.0560546,0.09077008441090584,-0.0011104270815849304,0
0.0053577777,0.0022294545,0.023296107,36.141148,27.70236,0.08766247,0.0053375755,0.0022207568,0.023308223,36.152077,27.685001,0.09155143744179181,0.005876003897615841,0.0023093054436945488,0.02459184845377292,36.22994041442871,27.594510214669363,0.17066061,0.54199207,3.0560546,0.09077008441090584,-0.0011104270815849304,0
0.0053577777,0.0022294545,0.023296107,36.141148,27.70236,0.08766247,0.0053375755,0.0022207568,0.023308223,36.152077,27.685001,0.09155143744179181,0.005876003897615841,0.0023093054436945488,0.02459184845377292,36.22994041442871,27.594510214669363,0.17066061,0.54199207,3.0560546,0.09077008441090584,-0.0011104270815849304,0
0.0053577777,0.0022294545,0.023296107,36.141148,27.70236,0.08766247,0.0053375755,0.0022207568,0.023308223,36.152077,27.685001,0.09155143744179181,0.005876003897615841,0.0023093054436945488,0.02459184845377292,36.22994041442871,27.594510214669363,0.17066061,0.54199207,3.0560546,0.09077008441090584,-0.0011104270815849304,0
0.0053577777,0.0022294545,0.023296107,36.141148,27.70236,0.08766247,0.0053375755,0.0022207568,0.023308223,36.152077,27.685001,0.09155143744179181,0.005876003897615841,0.0023093054436945488,0.02459184845377292,36.22994041442871,27.594510214669363,0.17066061,0.54199207,3.0560546,0.09077008441090584,-0.0011104270815849304,0
0.0053577777,0.0022294545,0.023296107,36.141148,27.70236,0.08766247,0.0053375755,0.0022207568,0.023308223,36.152077,27.685001,0.09155143744179181,0.005876003897615841,0.0023093054436945488,0.02459184845377292,36.22994041442871,27.594510214669363,0.17066061,0.54199207,3.0560546,0.09077008441090584,-0.0011104270815849304,0
0.0053577777,0.0022294545,0.023296107,36.141148,27.70236,0.08766247,0.0053375755,0.0022207568,0.023308223,36.152077,27.685001,0.09155143744179181,0.005876003897615841,0.0023093054436945488,0.02459184845377292,36.22994041442871,27.594510214669363,0.17066061,0.54199207,3.0560546,0.09077008441090584,-0.0011104270815849304,0
0.0053577777,0.0022294545,0.023296107,36.141148,27.70236,0.08766247,0.0053375755,0.0022207568,0.023308223,36.152077,27.685001,0.09155143744179181,0.005876003897615841,0.0023093054436945488,0.02459184845377292,36.22994041442871,27.594510214669363,0.17066061,0.54199207,3.0560546,0.09077008441090584,-0.0011104270815849304,0
0.0053577777,0.0022294545,0.023296107,36.141148,27.70236,0.08766247,0.0053375755,0.0022207568,0.023308223,36.152077,27.685001,0.09155143744179181,0.005876003897615841,0.0023093054436945488,0.02459184845377292,36.22994041442871,27.594510214669363,0.17066061,0.54199207,3.0560546,0.09077008441090584,-0.0011104270815849304,0
0.0053577777,0.0022294545,0.023296107,36.141148,27.70236,0.08766247,0.0053375755,0.0022207568,0.023308223,36.152077,27.685001,0.09155143744179181,0.005876003897615841,0.0023093054436945488,0.02459184845377292,36.22994041442871,27.594510214669363,0.17066061,0.54199207,3.0560546,0.09077008441090584,-0.0011104270815849304,0
0.0053577777,0.0022294545,0.023296107,36.141148,27.70236,0.08766247,0.0053375755,0.0022207568,0.023308223,36.152077,27.685001,0.09155143744179181,0.005876003897615841,0.0023093054436945488,0.02459184845377292,36.22994041442871,27.594510214669363,0.17066061,0.54199207,3.0560546,0.09077008441090584,-0.0011104270815849304,0
0.0053577777,0.0022294545,0.023296107,36.141148,27.70236,0.08766247,0.0053375755,0.0022207568,0.023308223,36.152077,27.685001,0.09155143744179181,0.005876003897615841,0.0023093054436945488,0.02459184845377292,36.22994041442871,27.594510214669363,0.17066061,0.54199207,3.0560546,0.09077008441090584,-0.0011104270815849304,0
0.0053577777,0.0022294545,0.023296107,36.141148,27.70236,0.08766247,0.0053375755,0.0022207568,0.023308223,36.152077,27.685001,0.09155143744179181,0.005876003897615841,0.0023093054436945488,0.02459184845377292,36.22994041442871,27.594510214669363,0.17066061,0.54199207,3.0560546,0.09077008441090584,-0.0011104270815849304,0
0.0053577777,0.0022294545,0.023296107,36.141148,27.70236,0.08766247,0.0053375755,0.0022207568,0.023308223,36.152077,27.685001,0.09155143744179181,0.005876003897615841,0.0023093054436945488,0.02459184845377292,36.22994041442871,27.594510214669363,0.17066061,0.54199207,3.0560546,0.09077008441090584,-0.0011104270815849304,0
0.0053577777,0.0022294545,0.023296107,36.141148,27.70236,0.08766247,0.0053375755,0.0022207568,0.023308223,36.152077,27.685001,0.09155143744179181,0.005876003897615841,0.0023093054436945488,0.02459184845377292,36.22994041442871,27.594510214669363,0.17066061,0.54199207,3.0560546,0.09077008441090584,-0.0011104270815849304,0
0.0053577777,0.0022294545,0.023296107,36.141148,27.70236,0.08766247,0.0053375755,0.0022207568,0.023308223,36.152077,27.685001,0.09155143744179181,0.005876003897615841,0.0023093054436945488,0.02459184845377292,36.22994041442871,27.594510214669363,0.17066061,0.54199207,3.0560546,0.09077008441090584,-0.0011104270815849304,0
0.0053577777,0.0022294545,0.023296107,36.141148,27.70236,0.08766247,0.0053375755,0.0022207568,0.023308223,36.152077,27.685001,0.09155143744179181,0.005876003897615841,0.0023093054436945488,0.02459184845377292,36.22994041442871,27.594510214669363,0.17066061,0.54199207,3.0560546,0.09077008441090584,-0.0011104270815849304,0
0.0053577777,0.0022294545,0.023296107,36.141148,27.70236,0.08766247,0.0053375755,0.0022207568,0.023308223,36.152077,27.685001,0.09155143744179181,0.005876003897615841,0.0023093054436945488,0.02459184845377292,36.22994041442871,27.594510214669363,0.17066061,0.54199207,3.0560546,0.09077008441090584,-0.0011104270815849304,0
0.0053577777,0.0022294545,0.023296107,36.141148,27.70236,0.08766247,0.0053375755,0.0022207568,0.023308223,36.152077,27.685001,0.09155143744179181,0.005876003897615841,0.0023093054436945488,0.02459184845377292,36.22994041442871,27.594510214669363,0.17066061,0.54199207,3.0560546,0.09077008441090584,-0.0011104270815849304,0
0.0053577777,0.0022294545,0.023296107,36.141148,27.70236,0.08766247,0.0053375755,0.0022207568,0.023308223,36.152077,27.685001,0.09155143744179181,0.005876003897615841,0.0023093054436945488,0.02459184845377292,36.22994041442871,27.594510214669363,0.17066061,0.54199207,3.0560546,0.09077008441090584,-0.0011104270815849304,0
0.0053577777,0.0022294545,0.023296107,36.141148,27.70236,0.08766247,0.0053375755,0.0022207568,0.023308223,36.152077,27.685001,0.09155143744179181,0.005876003897615841,0.0023093054436945488,0.02459184845377292,36.22994041442871,27.594510214669363,0.17066061,0.54199207,3.0560546,0.09077008441090584,-0.0011104270815849304,0
0.0036612803,0.0019243298,0.007181038,36.11335,28.821362,0.04416761,0.0036613452,0.0019265041,0.007181134,36.11899,29.223463,0.09155143744179181,0.005876003897615841,0.0023093054436945488,0.02459184845377292,36.22994041442871,27.594510214669363,0.26797375,0.5255893,1.9613461,0.09077008441090584,-0.0011104270815849304,0
0.0044272775,0.0036296232,0.008446941,36.102657,28.942392,0.044883575,0.004427393,0.0036319685,0.008447114,36.10725,29.223936,0.09155143744179181,0.005876003897615841,0.0023093054436945488,0.02459184845377292,36.22994041442871,27.594510214669363,0.42969677,0.8198319,1.9079313,0.09077008441090584,-0.0011104270815849304,0
0.0052279565,0.0053367317,0.0099082785,36.034473,28.887165,0.045943655,0.0052281185,0.005339289,0.009908504,36.03867,29.104523,0.09155143744179181,0.005876003897615841,0.0023093054436945488,0.02459184845377292,36.22994041442871,27.594510214669363,0.53861344,1.0208064,1.8952489,0.09077008441090584,-0.0011104270815849304,0
0.0056718215,0.0054873824,0.011295529,35.957623,28.716309,0.047488965,0.005671976,0.0054899557,0.0112957405,35.967205,28.870085,0.09155143744179181,0.005876003897615841,0.0023093054436945488,0.02459184845377292,36.22994041442871,27.594510214669363,0.48580128,0.9674815,1.9915171,0.09077008441090584,-0.0011104270815849304,0
0.0058641555,0.0040558903,0.013111525,35.942688,28.59417,0.04992806,0.0058642738,0.0040583056,0.013111698,35.951897,28.710533,0.09155143744179181,0.005876003897615841,0.0023093054436945488,0.02459184845377292,36.22994041442871,27.594510214669363,0.3093378,0.691641,2.235876,0.09077008441090584,-0.0011104270815849304,0
0.0061351224,0.002351512,0.015963756,35.96436,28.580435,0.053480674,0.006135205,0.0023537588,0.015963895,35.970642,28.66942,0.09155143744179181,0.005876003897615841,0.0023093054436945488,0.02459184845377292,36.22994041442871,27.594510214669363,0.14730318,0.3832869,2.6020272,0.09077008441090584,-0.0011104270815849304,0
0.0067304396,0.0015228429,0.020066014,35.97975,28.58302,0.05799371,0.006730499,0.0015249762,0.020066127,35.98318,28.661055,0.09155143744179181,0.005876003897615841,0.0023093054436945488,0.02459184845377292,36.22994041442871,27.594510214669363,0.07589165,0.22626203,2.9813824,0.09077008441090584,-0.0011104270815849304,0
0.0076765902,0.0017183226,0.02516399,35.977306,28.552664,0.06307163,0.007676644,0.0017204211,0.025164109,35.980003,28.630684,0.09155143744179181,0.005876003897615841,0.0023093054436945488,0.02459184845377292,36.22994041442871,27.594510214669363,0.06828498,0.22383931,3.2780166,0.09077008441090584,-0.0011104270815849304,0
0.008794373,0.002299641,0.030633949,35.96997,28.51992,0.06823998,0.008794442,0.00230176,0.030634122,35.972633,28.592459,0.09155143744179181,0.005876003897615841,0.0023093054436945488,0.02459184845377292,36.22994041442871,27.594510214669363,0.075068384,0.26149005,3.483358,0.09077008441090584,-0.0011104270815849304,0
0.009799572,0.0027174966,0.035522234,35.971104,28.520327,0.07292413,0.009799655,0.0027196235,0.035522413,35.974026,28.592783,0.09155143744179181,0.005876003897615841,0.0023093054436945488,0.02459184845377292,36.22994041442871,27.594510214669363,0.07650129,0.2773077,3.6248763,0.09077008441090584,-0.0011104270815849304,0
0.0053577777,0.0022294545,0.023296107,36.141148,27.70236,0.08766247,0.0053375755,0.0022207568,0.023308223,36.152077,27.685001,0.09155143744179181,0.005876003897615841,0.0023093054436945488,0.02459184845377292,36.22994041442871,27.594510214669363,0.17066061,0.54199207,3.0560546,0.09077008441090584,-0.0011104270815849304,0
0.0053577777,0.0022294545,0.023296107,36.141148,27.70236,0.08766247,0.0053375755,0.0022207568,0.023308223,36.152077,27.685001,0.09155143744179181,0.005876003897615841,0.0023093054436945488,0.02459184845377292,36.22994041442871,27.594510214669363,0.17066061,0.54199207,3.0560546,0.09077008441090584,-0.0011104270815849304,0
0.0053577777,0.0022294545,0.023296107,36.141148,27.70236,0.08766247,0.0053375755,0.0022207568,0.023308223,36.152077,27.685001,0.09155143744179181,0.005876003897615841,0.0023093054436945488,0.02459184845377292,36.22994041442871,27.594510214669363,0.17066061,0.54199207,3.0560546,0.09077008441090584,-0.0011104270815849304,0
0.0026979647,0.0015818394,0.0042952183,36.07692,28.878778,0.042399015,0.002697982,0.0015839286,0.004295199,36.083706,29.173574,0.09155143744179181,0.005876003897615841,0.0023093054436945488,0.02459184845377292,36.22994041442871,27.594510214669363,0.36827916,0.5863084,1.5920217,0.09077008441090584,-0.0011104270815849304,0
0.003034053,0.0019143977,0.005026446,36.08432,28.921541,0.042886194,0.003034118,0.0019165558,0.005026572,36.090206,29.185991,0.09155143744179181,0.005876003897615841,0.0023093054436945488,0.02459184845377292,36.22994041442871,27.594510214669363,0.38086507,0.6309704,1.6566771,0.09077008441090584,-0.0011104270815849304,0
0.003457961,0.0023065114,0.006127878,36.03936,28.882345,0.043804042,0.003458045,0.002308712,0.0061280355,36.04528,29.13509,0.09155143744179181,0.005876003897615841,0.0023093054436945488,0.02459184845377292,36.22994041442871,27.594510214669363,0.37639642,0.6670149,1.7721074,0.09077008441090584,-0.0011104270815849304,0
0.0038573844,0.0022682843,0.0076830997,35.962513,28.75885,0.04546122,0.0038574673,0.0022704883,0.00768325,35.968456,28.965012,0.09155143744179181,0.005876003897615841,0.0023093054436945488,0.02459184845377292,36.22994041442871,27.594510214669363,0.29523036,0.5880369,1.9917899,0.09077008441090584,-0.0011104270815849304,0
0.004392168,0.0018690636,0.0102548385,35.932133,28.639238,0.048317574,0.0043922383,0.0018712474,0.010254967,35.93887,28.803482,0.09155143744179181,0.005876003897615841,0.0023093054436945488,0.02459184845377292,36.22994041442871,27.594510214669363,0.18226163,0.42554465,2.334801,0.09077008441090584,-0.0011104270815849304,0
0.005216454,0.0016734455,0.014172331,35.94864,28.596254,0.052430898,0.0052165072,0.0016755925,0.014172429,35.955376,28.727314,0.09155143744179181,0.005876003897615841,0.0023093054436945488,0.02459184845377292,36.22994041442871,27.594510214669363,0.11807834,0.32080135,2.7168515,0.09077008441090584,-0.0011104270815849304,0
0.006295903,0.0018281365,0.019170098,35.966244,28.567194,0.057318434,0.0062959464,0.0018302556,0.019170195,35.971104,28.676966,0.09155143744179181,0.005876003897615841,0.0023093054436945488,0.02459184845377292,36.22994041442871,27.594510214669363,0.09536396,0.2903692,3.0448527,0.09077008441090584,-0.0011104270815849304,0
0.007510659,0.002230577,0.024732918,35.965168,28.530682,0.062457155,0.007510707,0.002232689,0.024733052,35.96888,28.632998,0.09155143744179181,0.005876003897615841,0.0023093054436945488,0.02459184845377292,36.22994041442871,27.594510214669363,0.090186566,0.2969882,3.2930424,0.09077008441090584,-0.0011104270815849304,0
0.008778471,0.0026188383,0.030608587,35.963387,28.507925,0.06772548,0.008778537,0.0026209638,0.030608747,35.967728,28.60952,0.09155143744179181,0.005876003897615841,0.0023093054436945488,0.02459184845377292,36.22994041442871,27.594510214669363,0.08555894,0.29832512,3.486779,0.09077008441090584,-0.0011104270815849304,0
0.0099129435,0.0028437593,0.03607991,35.968716,28.545502,0.072789446,0.009913027,0.002845883,0.036080092,35.97132,28.608139,0.09155143744179181,0.005876003897615841,0.0023093054436945488,0.02459184845377292,36.22994041442871,27.594510214669363,0.07881836,0.28687334,3.6396768,0.09077008441090584,-0.0011104270815849304,0
0.0053577777,0.0022294545,0.023296107,36.141148,27.70236,0.08766247,0.0053375755,0.0022207568,0.023308223,36.152077,27.685001,0.09155143744179181,0.005876003897615841,0.0023093054436945488,0.02459184845377292,36.22994041442871,27.594510214669363,0.17066061,0.54199207,3.0560546,0.09077008441090584,-0.0011104270815849304,0
0.0053577777,0.0022294545,0.023296107,36.141148,27.70236,0.08766247,0.0053375755,0.0022207568,0.023308223,36.152077,27.685001,0.09155143744179181,0.005876003897615841,0.0023093054436945488,0.02459184845377292,36.22994041442871,27.594510214669363,0.17066061,0.54199207,3.0560546,0.09077008441090584,-0.0011104270815849304,0
0.0053577777,0.0022294545,0.023296107,36.141148,27.70236,0.08766247,0.0053375755,0.0022207568,0.023308223,36.152077,27.685001,0.09155143744179181,0.005876003897615841,0.0023093054436945488,0.02459184845377292,36.22994041442871,27.594510214669363,0.17066061,0.54199207,3.0560546,0.09077008441090584,-0.0011104270815849304,0
0.0013645825,0.00015808886,0.00037676733,36.045822,28.810469,0.039685965,0.0013645592,0.00015978188,0.00037676186,36.050964,29.093542,0.09155143744179181,0.005876003897615841,0.0023093054436945488,0.02459184845377292,36.22994041442871,27.594510214669363,0.4195928,0.115851454,0.27610448,0.09077008441090584,-0.0011104270815849304,0
0.0015126432,1e-11,0.0011152937,36.06062,28.82557,0.04014263,0.00151266,5.7266103e-10,0.0011153044,36.064682,29.077204,0.09155143744179181,0.005876003897615841,0.0023093054436945488,0.02459184845377292,36.22994041442871,27.594510214669363,8.966248e-09,6.6109442e-09,0.73731446,0.09077008441090584,-0.0011104270815849304,0
0.0017048669,1e-11,0.0021060146,36.039978,28.819942,0.04089965,0.0017049044,1e-11,0.002106095,36.044174,29.075373,0.09155143744179181,0.005876003897615841,0.0023093054436945488,0.02459184845377292,36.22994041442871,27.594510214669363,4.748305e-09,5.8655605e-09,1.2352957,0.09077008441090584,-0.0011104270815849304,0
0.002155671,1e-11,0.003994365,35.984936,28.76287,0.0427147,0.002155706,1e-11,0.003994433,35.98913,29.004358,0.09155143744179181,0.005876003897615841,0.0023093054436945488,0.02459184845377292,36.22994041442871,27.594510214669363,2.5035267e-09,4.638927e-09,1.8529569,0.09077008441090584,-0.0011104270815849304,0
0.003198342,0.00011798643,0.0077591436,35.95014,28.671467,0.04638368,0.0031983657,0.000120053955,0.0077591753,35.955353,28.88205,0.09155143744179181,0.005876003897615841,0.0023093054436945488,0.02459184845377292,36.22994041442871,27.594510214669363,0.015206114,0.036889873,2.4259894,0.09077008441090584,-0.0011104270815849304,0
0.004827355,0.0009142842,0.013544355,35.952847,28.60126,0.051837657,0.0048273667,0.0009163904,0.013544343,35.958717,28.778715,0.09155143744179181,0.005876003897615841,0.0023093054436945488,0.02459184845377292,36.22994041442871,27.594510214669363,0.067502975,0.18939652,2.8057506,0.09077008441090584,-0.0011104270815849304,0
0.0065017994,0.0016343944,0.0200786,35.958237,28.566557,0.05783558,0.0065018213,0.0016365144,0.020078594,35.963615,28.712181,0.09155143744179181,0.005876003897615841,0.0023093054436945488,0.02459184845377292,36.22994041442871,27.594510214669363,0.08139982,0.2513757,3.0881603,0.09077008441090584,-0.0011104270815849304,0
0.007859663,0.002172669,0.02603059,35.96023,28.55576,0.063223496,0.007859708,0.0021747935,0.02603065,35.964344,28.669044,0.09155143744179181,0.005876003897615841,0.0023093054436945488,0.02459184845377292,36.22994041442871,27.594510214669363,0.083465986,0.27643284,3.3119218,0.09077008441090584,-0.0011104270815849304,0
0.009131153,0.0025762576,0.031976562,35.96372,28.543291,0.06848952,0.009131234,0.0025783943,0.031976704,35.9679,28.649546,0.09155143744179181,0.005876003897615841,0.0023093054436945488,0.02459184845377292,36.22994041442871,27.594510214669363,0.08056706,0.28213933,3.5019193,0.09077008441090584,-0.0011104270815849304,0
0.010223291,0.0028349978,0.037385944,35.97138,28.60433,0.07329491,0.010223415,0.002837127,0.03738623,35.9736,28.661417,0.09155143744179181,0.005876003897615841,0.0023093054436945488,0.02459184845377292,36.22994041442871,27.594510214669363,0.07583058,0.27730775,3.6569383,0.09077008441090584,-0.0011104270815849304,0
0.0053577777,0.0022294545,0.023296107,36.141148,27.70236,0.08766247,0.0053375755,0.0022207568,0.023308223,36.152077,27.685001,0.09155143744179181,0.005876003897615841,0.0023093054436945488,0.02459184845377292,36.22994041442871,27.594510214669363,0.17066061,0.54199207,3.0560546,0.09077008441090584,-0.0011104270815849304,0
0.0053577777,0.0022294545,0.023296107,36.141148,27.70236,0.08766247,0.0053375755,0.0022207568,0.023308223,36.152077,27.685001,0.09155143744179181,0.005876003897615841,0.0023093054436945488,0.02459184845377292,36.22994041442871,27.594510214669363,0.17066061,0.54199207,3.0560546,0.09077008441090584,-0.0011104270815849304,0
0.0053577777,0.0022294545,0.023296107,36.141148,27.70236,0.08766247,0.0053375755,0.0022207568,0.023308223,36.152077,27.685001,0.09155143744179181,0.005876003897615841,0.0023093054436945488,0.02459184845377292,36.22994041442871,27.594510214669363,0.17066061,0.54199207,3.0560546,0.09077008441090584,-0.0011104270815849304,0
0.0012791035,1e-11,0.00041027667,36.02316,28.844877,0.040236913,0.0012793166,1e-11,0.00041085752,36.028477,29.08793,0.09155143744179181,0.005876003897615841,0.0023093054436945488,0.02459184845377292,36.22994041442871,27.594510214669363,2.4373797e-08,7.817976e-09,0.3207533,0.09077008441090584,-0.0011104270815849304,0
0.0017181493,0.00019146386,0.002192481,36.02614,28.770264,0.04143964,0.0017181128,0.00019355549,0.0021923562,36.03073,29.002539,0.09155143744179181,0.005876003897615841,0.0023093054436945488,0.02459184845377292,36.22994041442871,27.594510214669363,0.08732749,0.1114361,1.2760713,0.09077008441090584,-0.0011104270815849304,0
0.0021222685,0.0003625424,0.0040789293,36.023968,28.74233,0.042814087,0.0021222746,0.00036462353,0.004078902,36.028458,28.997654,0.09155143744179181,0.005876003897615841,0.0023093054436945488,0.02459184845377292,36.22994041442871,27.594510214669363,0.08888175,0.17082776,1.9219667,0.09077008441090584,-0.0011104270815849304,0
0.0032005028,0.00047229847,0.007536007,35.997673,28.722557,0.04588506,0.0032004926,0.0004743276,0.0075359317,36.001724,28.98266,0.09155143744179181,0.005876003897615841,0.0023093054436945488,0.02459184845377292,36.22994041442871,27.594510214669363,0.06267224,0.14757009,2.3546321,0.09077008441090584,-0.0011104270815849304,0
0.00536054,0.0017150046,0.013915054,35.969994,28.658909,0.051693138,0.0053605177,0.0017170605,0.013914917,35.97377,28.906319,0.09155143744179181,0.005876003897615841,0.0023093054436945488,0.02459184845377292,36.22994041442871,27.594510214669363,0.123248145,0.3199313,2.5958307,0.09077008441090584,-0.0011104270815849304,0
0.007923405,0.0031069417,0.022235205,35.956997,28.60284,0.059203085,0.007923367,0.0031089194,0.022234987,35.961933,28.813427,0.09155143744179181,0.005876003897615841,0.0023093054436945488,0.02459184845377292,36.22994041442871,27.594510214669363,0.13973074,0.39212206,2.8062692,0.09077008441090584,-0.0011104270815849304,0
0.009200852,0.0026798046,0.028642105,35.96059,28.587505,0.06511082,0.00920089,0.0026819345,0.02864203,35.965744,28.750744,0.09155143744179181,0.005876003897615841,0.0023093054436945488,0.02459184845377292,36.22994041442871,27.594510214669363,0.09356172,0.29125613,3.112984,0.09077008441090584,-0.0011104270815849304,0
0.009409489,0.002423486,0.031593043,35.961426,28.568129,0.067903735,0.00940955,0.002425616,0.031593073,35.965584,28.685463,0.09155143744179181,0.005876003897615841,0.0023093054436945488,0.02459184845377292,36.22994041442871,27.594510214669363,0.07670948,0.25755766,3.3575726,0.09077008441090584,-0.0011104270815849304,0
0.009954708,0.002629738,0.034918576,35.967747,28.533714,0.070843585,0.009954773,0.0026318508,0.034918636,35.972553,28.659435,0.09155143744179181,0.005876003897615841,0.0023093054436945488,0.02459184845377292,36.22994041442871,27.594510214669363,0.07531057,0.2641703,3.507745,0.09077008441090584,-0.0011104270815849304,0
0.0053577777,0.0022294545,0.023296107,36.141148,27.70236,0.08766247,0.0053375755,0.0022207568,0.023308223,36.152077,27.685001,0.09155143744179181,0.005876003897615841,0.0023093054436945488,0.02459184845377292,36.22994041442871,27.594510214669363,0.17066061,0.54199207,3.0560546,0.09077008441090584,-0.0011104270815849304,0
0.0053577777,0.0022294545,0.023296107,36.141148,27.70236,0.08766247,0.0053375755,0.0022207568,0.023308223,36.152077,27.685001,0.09155143744179181,0.005876003897615841,0.0023093054436945488,0.02459184845377292,36.22994041442871,27.594510214669363,0.17066061,0.54199207,3.0560546,0.09077008441090584,-0.0011104270815849304,0
0.0053577777,0.0022294545,0.023296107,36.141148,27.70236,0.08766247,0.0053375755,0.0022207568,0.023308223,36.152077,27.685001,0.09155143744179181,0.005876003897615841,0.0023093054436945488,0.02459184845377292,36.22994041442871,27.594510214669363,0.17066061,0.54199207,3.0560546,0.09077008441090584,-0.0011104270815849304,0
0.0053577777,0.0022294545,0.023296107,36.141148,27.70236,0.08766247,0.0053375755,0.0022207568,0.023308223,36.152077,27.685001,0.09155143744179181,0.005876003897615841,0.0023093054436945488,0.02459184845377292,36.22994041442871,27.594510214669363,0.17066061,0.54199207,3.0560546,0.09077008441090584,-0.0011104270815849304,0
0.00692554,0.016284062,0.013631711,36.09344,29.056562,0.050965052,0.006925682,0.016287573,0.013632005,36.1014,29.240335,0.09155143744179181,0.005876003897615841,0.0023093054436945488,0.02459184845377292,36.22994041442871,27.594510214669363,1.1945721,2.3513057,1.9683245,0.09077008441090584,-0.0011104270815849304,0
0.008824578,0.035187047,0.018647313,36.04201,28.816692,0.05404415,0.008824723,0.03518956,0.018647378,36.04969,29.044651,0.09155143744179181,0.005876003897615841,0.0023093054436945488,0.02459184845377292,36.22994041442871,27.594510214669363,1.8869768,3.9873917,2.113111,0.09077008441090584,-0.0011104270815849304,0
0.010390709,0.04335627,0.0229661,36.001335,28.674059,0.05722062,0.010390839,0.04335919,0.022966284,36.00649,28.928986,0.09155143744179181,0.005876003897615841,0.0023093054436945488,0.02459184845377292,36.22994041442871,27.594510214669363,1.8878378,4.1726,2.2102535,0.09077008441090584,-0.0011104270815849304,0
0.0127683105,0.038472585,0.028283034,35.975483,28.629284,0.06236974,0.012768272,0.038474265,0.028282814,35.98073,28.907566,0.09155143744179181,0.005876003897615841,0.0023093054436945488,0.02459184845377292,36.22994041442871,27.594510214669363,1.3602709,3.0131304,2.215096,0.09077008441090584,-0.0011104270815849304,0
0.01583885,0.031157866,0.035864685,35.954662,28.61307,0.06965252,0.015838781,0.031159356,0.035864383,35.959324,28.875393,0.09155143744179181,0.005876003897615841,0.0023093054436945488,0.02459184845377292,36.22994041442871,27.594510214669363,0.8687617,1.9671798,2.264349,0.09077008441090584,-0.0011104270815849304,0
0.016934786,0.019653138,0.041854724,35.962708,28.634779,0.075668104,0.016934851,0.019655257,0.041854642,35.967907,28.854548,0.09155143744179181,0.005876003897615841,0.0023093054436945488,0.02459184845377292,36.22994041442871,27.594510214669363,0.46955603,1.1605188,2.4715238,0.09077008441090584,-0.0011104270815849304,0
0.014050528,0.0075395657,0.041661784,35.972645,28.59402,0.076221816,0.014050625,0.007541807,0.041661832,35.977627,28.751333,0.09155143744179181,0.005876003897615841,0.0023093054436945488,0.02459184845377292,36.22994041442871,27.594510214669363,0.18097079,0.5366037,2.96514,0.09077008441090584,-0.0011104270815849304,0
0.0053577777,0.0022294545,0.023296107,36.141148,27.70236,0.08766247,0.0053375755,0.0022207568,0.023308223,36.152077,27.685001,0.09155143744179181,0.005876003897615841,0.0023093054436945488,0.02459184845377292,36.22994041442871,27.594510214669363,0.17066061,0.54199207,3.0560546,0.09077008441090584,-0.0011104270815849304,0
0.0053577777,0.0022294545,0.023296107,36.141148,27.70236,0.08766247,0.0053375755,0.0022207568,0.023308223,36.152077,27.685001,0.09155143744179181,0.005876003897615841,0.0023093054436945488,0.02459184845377292,36.22994041442871,27.594510214669363,0.17066061,0.54199207,3.0560546,0.09077008441090584,-0.0011104270815849304,0
0.0053577777,0.0022294545,0.023296107,36.141148,27.70236,0.08766247,0.0053375755,0.0022207568,0.023308223,36.152077,27.685001,0.09155143744179181,0.005876003897615841,0.0023093054436945488,0.02459184845377292,36.22994041442871,27.594510214669363,0.17066061,0.54199207,3.0560546,0.09077008441090584,-0.0011104270815849304,0
0.0053577777,0.0022294545,0.023296107,36.141148,27.70236,0.08766247,0.0053375755,0.0022207568,0.023308223,36.152077,27.685001,0.09155143744179181,0.005876003897615841,0.0023093054436945488,0.02459184845377292,36.22994041442871,27.594510214669363,0.17066061,0.54199207,3.0560546,0.09077008441090584,-0.0011104270815849304,0
0.0053577777,0.0022294545,0.023296107,36.141148,27.70236,0.08766247,0.0053375755,0.0022207568,0.023308223,36.152077,27.685001,0.09155143744179181,0.005876003897615841,0.0023093054436945488,0.02459184845377292,36.22994041442871,27.594510214669363,0.17066061,0.54199207,3.0560546,0.09077008441090584,-0.0011104270815849304,0
0.0053577777,0.0022294545,0.023296107,36.141148,27.70236,0.08766247,0.0053375755,0.0022207568,0.023308223,36.152077,27.685001,0.09155143744179181,0.005876003897615841,0.0023093054436945488,0.02459184845377292,36.22994041442871,27.594510214669363,0.17066061,0.54199207,3.0560546,0.09077008441090584,-0.0011104270815849304,0
0.019035053,0.085464925,0.03619558,36.214577,29.244549,0.06675811,0.019034905,0.085466675,0.036195375,36.220276,29.406631,0.09155143744179181,0.005876003897615841,0.0023093054436945488,0.02459184845377292,36.22994041442871,27.594510214669363,2.3611977,4.4898705,1.9015225,0.09077008441090584,-0.0011104270815849304,0
0.027805155,0.18104711,0.054796733,36.072716,28.940674,0.07707257,0.027805116,0.18104698,0.05479645,36.066746,29.141453,0.09155143744179181,0.005876003897615841,0.0023093054436945488,0.02459184845377292,36.22994041442871,27.594510214669363,3.3039763,6.5112786,1.9707401,0.09077008441090584,-0.0011104270815849304,0
0.032353703,0.2158243,0.06465571,35.942844,28.725475,0.08339127,0.032354265,0.21583499,0.064657025,35.86349,28.960945,0.09155143744179181,0.005876003897615841,0.0023093054436945488,0.02459184845377292,36.22994041442871,27.594510214669363,3.3380551,6.670776,1.998402,0.09077008441090584,-0.0011104270815849304,0
0.03616472,0.17783833,0.06817202,35.89134,28.68313,0.08969734,0.036165,0.17784168,0.06817227,35.873158,28.940758,0.09155143744179181,0.005876003897615841,0.0023093054436945488,0.02459184845377292,36.22994041442871,27.594510214669363,2.6086702,4.9174533,1.8850422,0.09077008441090584,-0.0011104270815849304,0
0.038204297,0.12701944,0.07008156,35.91557,28.726255,0.094953306,0.038204566,0.12702191,0.07008163,35.921036,28.996845,0.09155143744179181,0.005876003897615841,0.0023093054436945488,0.02459184845377292,36.22994041442871,27.594510214669363,1.8124516,3.324742,1.8343894,0.09077008441090584,-0.0011104270815849304,0
0.034027375,0.06776452,0.06552452,35.978996,28.743685,0.0941485,0.034027647,0.06776698,0.06552458,35.985332,28.970951,0.09155143744179181,0.005876003897615841,0.0023093054436945488,0.02459184845377292,36.22994041442871,27.594510214669363,1.0341858,1.9914707,1.9256413,0.09077008441090584,-0.0011104270815849304,0
0.0053577777,0.0022294545,0.023296107,36.141148,27.70236,0.08766247,0.0053375755,0.0022207568,0.023308223,36.152077,27.685001,0.09155143744179181,0.005876003897615841,0.0023093054436945488,0.02459184845377292,36.22994041442871,27.594510214669363,0.17066061,0.54199207,3.0560546,0.09077008441090584,-0.0011104270815849304,0
0.0053577777,0.0022294545,0.023296107,36.141148,27.70236,0.08766247,0.0053375755,0.0022207568,0.023308223,36.152077,27.685001,0.09155143744179181,0.005876003897615841,0.0023093054436945488,0.02459184845377292,36.22994041442871,27.594510214669363,0.17066061,0.54199207,3.0560546,0.09077008441090584,-0.0011104270815849304,0
0.0053577777,0.0022294545,0.023296107,36.141148,27.70236,0.08766247,0.0053375755,0.0022207568,0.023308223,36.152077,27.685001,0.09155143744179181,0.005876003897615841,0.0023093054436945488,0.02459184845377292,36.22994041442871,27.594510214669363,0.17066061,0.54199207,3.0560546,0.09077008441090584,-0.0011104270815849304,0
0.0053577777,0.0022294545,0.023296107,36.141148,27.70236,0.08766247,0.0053375755,0.0022207568,0.023308223,36.152077,27.685001,0.09155143744179181,0.005876003897615841,0.0023093054436945488,0.02459184845377292,36.22994041442871,27.594510214669363,0.17066061,0.54199207,3.0560546,0.09077008441090584,-0.0011104270815849304,0
0.0053577777,0.0022294545,0.023296107,36.141148,27.70236,0.08766247,0.0053375755,0.0022207568,0.023308223,36.152077,27.685001,0.09155143744179181,0.005876003897615841,0.0023093054436945488,0.02459184845377292,36.22994041442871,27.594510214669363,0.17066061,0.54199207,3.0560546,0.09077008441090584,-0.0011104270815849304,0
0.0053577777,0.0022294545,0.023296107,36.141148,27.70236,0.08766247,0.0053375755,0.0022207568,0.023308223,36.152077,27.685001,0.09155143744179181,0.005876003897615841,0.0023093054436945488,0.02459184845377292,36.22994041442871,27.594510214669363,0.17066061,0.54199207,3.0560546,0.09077008441090584,-0.0011104270815849304,0
0.0053577777,0.0022294545,0.023296107,36.141148,27.70236,0.08766247,0.0053375755,0.0022207568,0.023308223,36.152077,27.685001,0.09155143744179181,0.005876003897615841,0.0023093054436945488,0.02459184845377292,36.22994041442871,27.594510214669363,0.17066061,0.54199207,3.0560546,0.09077008441090584,-0.0011104270815849304,0
0.0053577777,0.0022294545,0.023296107,36.141148,27.70236,0.08766247,0.0053375755,0.0022207568,0.023308223,36.152077,27.685001,0.09155143744179181,0.005876003897615841,0.0023093054436945488,0.02459184845377292,36.22994041442871,27.594510214669363,0.17066061,0.54199207,3.0560546,0.09077008441090584,-0.0011104270815849304,0
0.05184009,0.46301937,0.10637634,35.881992,28.896437,0.10366368,0.05184053,0.4630327,0.10637786,35.74027,29.073816,0.09155143744179181,0.005876003897615841,0.0023093054436945488,0.02459184845377292,36.22994041442871,27.594510214669363,4.3526535,8.931685,2.0520093,0.09077008441090584,-0.0011104270815849304,0
0.054578934,0.516988,0.11641201,35.93502,28.885117,0.10768497,0.054579113,0.51755226,0.11646925,34.981148,28.937313,0.09155143744179181,0.005876003897615841,0.0023093054436945488,0.02459184845377292,36.22994041442871,27.594510214669363,4.4410195,9.472299,2.132911,0.09077008441090584,-0.0011104270815849304,0
0.058160037,0.3817106,0.10915599,35.83387,28.889606,0.11302316,0.058160473,0.3817229,0.109157145,35.42783,28.966894,0.09155143744179181,0.005876003897615841,0.0023093054436945488,0.02459184845377292,36.22994041442871,27.594510214669363,3.4969275,6.563108,1.8768212,0.09077008441090584,-0.0011104270815849304,0
0.060691677,0.28560075,0.104595736,35.85183,28.893219,0.11696091,0.06069211,0.28560418,0.10459595,35.838886,29.19259,0.09155143744179181,0.005876003897615841,0.0023093054436945488,0.02459184845377292,36.22994041442871,27.594510214669363,2.73052,4.705765,1.723395,0.09077008441090584,-0.0011104270815849304,0
0.0053577777,0.0022294545,0.023296107,36.141148,27.70236,0.08766247,0.0053375755,0.0022207568,0.023308223,36.152077,27.685001,0.09155143744179181,0.005876003897615841,0.0023093054436945488,0.02459184845377292,36.22994041442871,27.594510214669363,0.17066061,0.54199207,3.0560546,0.09077008441090584,-0.0011104270815849304,0
0.0053577777,0.0022294545,0.023296107,36.141148,27.70236,0.08766247,0.0053375755,0.0022207568,0.023308223,36.152077,27.685001,0.09155143744179181,0.005876003897615841,0.0023093054436945488,0.02459184845377292,36.22994041442871,27.594510214669363,0.17066061,0.54199207,3.0560546,0.09077008441090584,-0.0011104270815849304,0
0.0053577777,0.0022294545,0.023296107,36.141148,27.70236,0.08766247,0.0053375755,0.0022207568,0.023308223,36.152077,27.685001,0.09155143744179181,0.005876003897615841,0.0023093054436945488,0.02459184845377292,36.22994041442871,27.594510214669363,0.17066061,0.54199207,3.0560546,0.09077008441090584,-0.0011104270815849304,0
0.0053577777,0.0022294545,0.023296107,36.141148,27.70236,0.08766247,0.0053375755,0.0022207568,0.023308223,36.152077,27.685001,0.09155143744179181,0.005876003897615841,0.0023093054436945488,0.02459184845377292,36.22994041442871,27.594510214669363,0.17066061,0.54199207,3.0560546,0.09077008441090584,-0.0011104270815849304,0
0.0053577777,0.0022294545,0.023296107,36.141148,27.70236,0.08766247,0.0053375755,0.0022207568,0.023308223,36.152077,27.685001,0.09155143744179181,0.005876003897615841,0.0023093054436945488,0.02459184845377292,36.22994041442871,27.594510214669363,0.17066061,0.54199207,3.0560546,0.09077008441090584,-0.0011104270815849304,0
0.0053577777,0.0022294545,0.023296107,36.141148,27.70236,0.08766247,0.0053375755,0.0022207568,0.023308223,36.152077,27.685001,0.09155143744179181,0.005876003897615841,0.0023093054436945488,0.02459184845377292,36.22994041442871,27.594510214669363,0.17066061,0.54199207,3.0560546,0.09077008441090584,-0.0011104270815849304,0
0.0053577777,0.0022294545,0.023296107,36.141148,27.70236,0.08766247,0.0053375755,0.0022207568,0.023308223,36.152077,27.685001,0.09155143744179181,0.005876003897615841,0.0023093054436945488,0.02459184845377292,36.22994041442871,27.594510214669363,0.17066061,0.54199207,3.0560546,0.09077008441090584,-0.0011104270815849304,0
0.0053577777,0.0022294545,0.023296107,36.141148,27.70236,0.08766247,0.0053375755,0.0022207568,0.023308223,36.152077,27.685001,0.09155143744179181,0.005876003897615841,0.0023093054436945488,0.02459184845377292,36.22994041442871,27.594510214669363,0.17066061,0.54199207,3.0560546,0.09077008441090584,-0.0011104270815849304,0
0.0053577777,0.0022294545,0.023296107,36.141148,27.70236,0.08766247,0.0053375755,0.0022207568,0.023308223,36.152077,27.685001,0.09155143744179181,0.005876003897615841,0.0023093054436945488,0.02459184845377292,36.22994041442871,27.594510214669363,0.17066061,0.54199207,3.0560546,0.09077008441090584,-0.0011104270815849304,0
0.0053577777,0.0022294545,0.023296107,36.141148,27.70236,0.08766247,0.0053375755,0.0022207568,0.023308223,36.152077,27.685001,0.09155143744179181,0.005876003897615841,0.0023093054436945488,0.02459184845377292,36.22994041442871,27.594510214669363,0.17066061,0.54199207,3.0560546,0.09077008441090584,-0.0011104270815849304,0
0.0053577777,0.0022294545,0.023296107,36.141148,27.70236,0.08766247,0.0053375755,0.0022207568,0.023308223,36.152077,27.685001,0.09155143744179181,0.005876003897615841,0.0023093054436945488,0.02459184845377292,36.22994041442871,27.594510214669363,0.17066061,0.54199207,3.0560546,0.09077008441090584,-0.0011104270815849304,0
0.0053577777,0.0022294545,0.023296107,36.141148,27.70236,0.08766247,0.0053375755,0.0022207568,0.023308223,36.152077,27.685001,0.09155143744179181,0.005876003897615841,0.0023093054436945488,0.02459184845377292,36.22994041442871,27.594510214669363,0.17066061,0.54199207,3.0560546,0.09077008441090584,-0.0011104270815849304,0
0.0053577777,0.0022294545,0.023296107,36.141148,27.70236,0.08766247,0.0053375755,0.0022207568,0.023308223,36.152077,27.685001,0.09155143744179181,0.005876003897615841,0.0023093054436945488,0.02459184845377292,36.22994041442871,27.594510214669363,0.17066061,0.54199207,3.0560546,0.09077008441090584,-0.0011104270815849304,0
0.0053577777,0.0022294545,0.023296107,36.141148,27.70236,0.08766247,0.0053375755,0.0022207568,0.023308223,36.152077,27.685001,0.09155143744179181,0.005876003897615841,0.0023093054436945488,0.02459184845377292,36.22994041442871,27.594510214669363,0.17066061,0.54199207,3.0560546,0.09077008441090584,-0.0011104270815849304,0
0.0053577777,0.0022294545,0.023296107,36.141148,27.70236,0.08766247,0.0053375755,0.0022207568,0.023308223,36.152077,27.685001,0.09155143744179181,0.005876003897615841,0.0023093054436945488,0.02459184845377292,36.22994041442871,27.594510214669363,0.17066061,0.54199207,3.0560546,0.09077008441090584,-0.0011104270815849304,0
0.0053577777,0.0022294545,0.023296107,36.141148,27.70236,0.08766247,0.0053375755,0.0022207568,0.023308223,36.152077,27.685001,0.09155143744179181,0.005876003897615841,0.0023093054436945488,0.02459184845377292,36.22994041442871,27.594510214669363,0.17066061,0.54199207,3.0560546,0.09077008441090584,-0.0011104270815849304,0
0.0053577777,0.0022294545,0.023296107,36.141148,27.70236,0.08766247,0.0053375755,0.0022207568,0.023308223,36.152077,27.685001,0.09155143744179181,0.005876003897615841,0.0023093054436945488,0.02459184845377292,36.22994041442871,27.594510214669363,0.17066061,0.54199207,3.0560546,0.09077008441090584,-0.0011104270815849304,0
0.0053577777,0.0022294545,0.023296107,36.141148,27.70236,0.08766247,0.0053375755,0.0022207568,0.023308223,36.152077,27.685001,0.09155143744179181,0.005876003897615841,0.0023093054436945488,0.02459184845377292,36.22994041442871,27.594510214669363,0.17066061,0.54199207,3.0560546,0.09077008441090584,-0.0011104270815849304,0
0.0053577777,0.0022294545,0.023296107,36.141148,27.70236,0.08766247,0.0053375755,0.0022207568,0.023308223,36.152077,27.685001,0.09155143744179181,0.005876003897615841,0.0023093054436945488,0.02459184845377292,36.22994041442871,27.594510214669363,0.17066061,0.54199207,3.0560546,0.09077008441090584,-0.0011104270815849304,0
0.0053577777,0.0022294545,0.023296107,36.141148,27.70236,0.08766247,0.0053375755,0.0022207568,0.023308223,36.152077,27.685001,0.09155143744179181,0.005876003897615841,0.0023093054436945488,0.02459184845377292,36.22994041442871,27.594510214669363,0.17066061,0.54199207,3.0560546,0.09077008441090584,-0.0011104270815849304,0
0.0053577777,0.0022294545,0.023296107,36.141148,27.70236,0.08766247,0.0053375755,0.0022207568,0.023308223,36.152077,27.685001,0.09155143744179181,0.005876003897615841,0.0023093054436945488,0.02459184845377292,36.22994041442871,27.594510214669363,0.17066061,0.54199207,3.0560546,0.09077008441090584,-0.0011104270815849304,0
0.0053577777,0.0022294545,0.023296107,36.141148,27.70236,0.08766247,0.0053375755,0.0022207568,0.023308223,36.152077,27.685001,0.09155143744179181,0.005876003897615841,0.0023093054436945488,0.02459184845377292,36.22994041442871,27.594510214669363,0.17066061,0.54199207,3.0560546,0.09077008441090584,-0.0011104270815849304,0
0.0053577777,0.0022294545,0.023296107,36.141148,27.70236,0.08766247,0.0053375755,0.0022207568,0.023308223,36.152077,27.685001,0.09155143744179181,0.005876003897615841,0.0023093054436945488,0.02459184845377292,36.22994041442871,27.594510214669363,0.17066061,0.54199207,3.0560546,0.09077008441090584,-0.0011104270815849304,0
0.0053577777,0.0022294545,0.023296107,36.141148,27.70236,0.08766247,0.0053375755,0.0022207568,0.023308223,36.152077,27.685001,0.09155143744179181,0.005876003897615841,0.0023093054436945488,0.02459184845377292,36.22994041442871,27.594510214669363,0.17066061,0.54199207,3.0560546,0.09077008441090584,-0.0011104270815849304,0
0.0053577777,0.0022294545,0.023296107,36.141148,27.70236,0.08766247,0.0053375755,0.0022207568,0.023308223,36.152077,27.685001,0.09155143744179181,0.005876003897615841,0.0023093054436945488,0.02459184845377292,36.22994041442871,27.594510214669363,0.17066061,0.54199207,3.0560546,0.09077008441090584,-0.0011104270815849304,0
0.0053577777,0.0022294545,0.023296107,36.141148,27.70236,0.08766247,0.0053375755,0.0022207568,0.023308223,36.152077,27.685001,0.09155143744179181,0.005876003897615841,0.0023093054436945488,0.02459184845377292,36.22994041442871,27.594510214669363,0.17066061,0.54199207,3.0560546,0.09077008441090584,-0.0011104270815849304,0
0.0053577777,0.0022294545,0.023296107,36.141148,27.70236,0.08766247,0.0053375755,0.0022207568,0.023308223,36.152077,27.685001,0.09155143744179181,0.005876003897615841,0.0023093054436945488,0.02459184845377292,36.22994041442871,27.594510214669363,0.17066061,0.54199207,3.0560546,0.09077008441090584,-0.0011104270815849304,0
0.0053577777,0.0022294545,0.023296107,36.141148,27.70236,0.08766247,0.0053375755,0.0022207568,0.023308223,36.152077,27.685001,0.09155143744179181,0.005876003897615841,0.0023093054436945488,0.02459184845377292,36.22994041442871,27.594510214669363,0.17066061,0.54199207,3.0560546,0.09077008441090584,-0.0011104270815849304,0
0.0053577777,0.0022294545,0.023296107,36.141148,27.70236,0.08766247,0.0053375755,0.0022207568,0.023308223,36.152077,27.685001,0.09155143744179181,0.005876003897615841,0.0023093054436945488,0.02459184845377292,36.22994041442871,27.594510214669363,0.17066061,0.54199207,3.0560546,0.09077008441090584,-0.0011104270815849304,0
0.0053577777,0.0022294545,0.023296107,36.141148,27.70236,0.08766247,0.0053375755,0.0022207568,0.023308223,36.152077,27.685001,0.09155143744179181,0.005876003897615841,0.0023093054436945488,0.02459184845377292,36.22994041442871,27.594510214669363,0.17066061,0.54199207,3.0560546,0.09077008441090584,-0.0011104270815849304,0
0.0053577777,0.0022294545,0.023296107,36.141148,27.70236,0.08766247,0.0053375755,0.0022207568,0.023308223,36.152077,27.685001,0.09155143744179181,0.005876003897615841,0.0023093054436945488,0.02459184845377292,36.22994041442871,27.594510214669363,0.17066061,0.54199207,3.0560546,0.09077008441090584,-0.0011104270815849304,0
0.0053577777,0.0022294545,0.023296107,36.141148,27.70236,0.08766247,0.0053375755,0.0022207568,0.023308223,36.152077,27.685001,0.09155143744179181,0.005876003897615841,0.0023093054436945488,0.02459184845377292,36.22994041442871,27.594510214669363,0.17066061,0.54199207,3.0560546,0.09077008441090584,-0.0011104270815849304,0
0.0053577777,0.0022294545,0.023296107,36.141148,27.70236,0.08766247,0.0053375755,0.0022207568,0.023308223,36.152077,27.685001,0.09155143744179181,0.005876003897615841,0.0023093054436945488,0.02459184845377292,36.22994041442871,27.594510214669363,0.17066061,0.54199207,3.0560546,0.09077008441090584,-0.0011104270815849304,0
0.0053577777,0.0022294545,0.023296107,36.141148,27.70236,0.08766247,0.0053375755,0.0022207568,0.023308223,36.152077,27.685001,0.09155143744179181,0.005876003897615841,0.0023093054436945488,0.02459184845377292,36.22994041442871,27.594510214669363,0.17066061,0.54199207,3.0560546,0.09077008441090584,-0.0011104270815849304,0
0.0053577777,0.0022294545,0.023296107,36.141148,27.70236,0.08766247,0.0053375755,0.0022207568,0.023308223,36.152077,27.685001,0.09155143744179181,0.005876003897615841,0.0023093054436945488,0.02459184845377292,36.22994041442871,27.594510214669363,0.17066061,0.54199207,3.0560546,0.09077008441090584,-0.0011104270815849304,0
0.0053577777,0.0022294545,0.023296107,36.141148,27.70236,0.08766247,0.0053375755,0.0022207568,0.023308223,36.152077,27.685001,0.09155143744179181,0.005876003897615841,0.0023093054436945488,0.02459184845377292,36.22994041442871,27.594510214669363,0.17066061,0.54199207,3.0560546,0.09077008441090584,-0.0011104270815849304,0
0.0053577777,0.0022294545,0.023296107,36.141148,27.70236,0.08766247,0.0053375755,0.0022207568,0.023308223,36.152077,27.685001,0.09155143744179181,0.005876003897615841,0.0023093054436945488,0.02459184845377292,36.22994041442871,27.594510214669363,0.17066061,0.54199207,3.0560546,0.09077008441090584,-0.0011104270815849304,0
0.0053577777,0.0022294545,0.023296107,36.141148,27.70236,0.08766247,0.0053375755,0.0022207568,0.023308223,36.152077,27.685001,0.09155143744179181,0.005876003897615841,0.0023093054436945488,0.02459184845377292,36.22994041442871,27.594510214669363,0.17066061,0.54199207,3.0560546,0.09077008441090584,-0.0011104270815849304,0
0.0053577777,0.0022294545,0.023296107,36.141148,27.70236,0.08766247,0.0053375755,0.0022207568,0.023308223,36.152077,27.685001,0.09155143744179181,0.005876003897615841,0.0023093054436945488,0.02459184845377292,36.22994041442871,27.594510214669363,0.17066061,0.54199207,3.0560546,0.09077008441090584,-0.0011104270815849304,0
0.0053577777,0.0022294545,0.023296107,36.141148,27.70236,0.08766247,0.0053375755,0.0022207568,0.023308223,36.152077,27.685001,0.09155143744179181,0.005876003897615841,0.0023093054436945488,0.02459184845377292,36.22994041442871,27.594510214669363,0.17066061,0.54199207,3.0560546,0.09077008441090584,-0.0011104270815849304,0
0.0053577777,0.0022294545,0.023296107,36.141148,27.70236,0.08766247,0.0053375755,0.0022207568,0.023308223,36.152077,27.685001,0.09155143744179181,0.005876003897615841,0.0023093054436945488,0.02459184845377292,36.22994041442871,27.594510214669363,0.17066061,0.54199207,3.0560546,0.09077008441090584,-0.0011104270815849304,0
0.0053577777,0.0022294545,0.023296107,36.141148,27.70236,0.08766247,0.0053375755,0.0022207568,0.023308223,36.152077,27.685001,0.09155143744179181,0.005876003897615841,0.0023093054436945488,0.02459184845377292,36.22994041442871,27.594510214669363,0.17066061,0.54199207,3.0560546,0.09077008441090584,-0.0011104270815849304,0
0.0053577777,0.0022294545,0.023296107,36.141148,27.70236,0.08766247,0.0053375755,0.0022207568,0.023308223,36.152077,27.685001,0.09155143744179181,0.005876003897615841,0.0023093054436945488,0.02459184845377292,36.22994041442871,27.594510214669363,0.17066061,0.54199207,3.0560546,0.09077008441090584,-0.0011104270815849304,0
0.0053577777,0.0022294545,0.023296107,36.141148,27.70236,0.08766247,0.0053375755,0.0022207568,0.023308223,36.152077,27.685001,0.09155143744179181,0.005876003897615841,0.0023093054436945488,0.02459184845377292,36.22994041442871,27.594510214669363,0.17066061,0.54199207,3.0560546,0.09077008441090584,-0.0011104270815849304,0
0.0053577777,0.0022294545,0.023296107,36.141148,27.70236,0.08766247,0.0053375755,0.0022207568,0.023308223,36.152077,27.685001,0.09155143744179181,0.005876003897615841,0.0023093054436945488,0.02459184845377292,36.22994041442871,27.594510214669363,0.17066061,0.54199207,3.0560546,0.09077008441090584,-0.0011104270815849304,0
0.0053577777,0.0022294545,0.023296107,36.141148,27.70236,0.08766247,0.0053375755,0.0022207568,0.023308223,36.152077,27.685001,0.09155143744179181,0.005876003897615841,0.0023093054436945488,0.02459184845377292,36.22994041442871,27.594510214669363,0.17066061,0.54199207,3.0560546,0.09077008441090584,-0.0011104270815849304,0
0.0053577777,0.0022294545,0.023296107,36.141148,27.70236,0.08766247,0.0053375755,0.0022207568,0.023308223,36.152077,27.685001,0.09155143744179181,0.005876003897615841,0.0023093054436945488,0.02459184845377292,36.22994041442871,27.594510214669363,0.17066061,0.54199207,3.0560546,0.09077008441090584,-0.0011104270815849304,0
0.0053577777,0.0022294545,0.023296107,36.141148,27.70236,0.08766247,0.0053375755,0.0022207568,0.023308223,36.152077,27.685001,0.09155143744179181,0.005876003897615841,0.0023093054436945488,0.02459184845377292,36.22994041442871,27.594510214669363,0.17066061,0.54199207,3.0560546,0.09077008441090584,-0.0011104270815849304,0
0.0053577777,0.0022294545,0.023296107,36.141148,27.70236,0.08766247,0.0053375755,0.0022207568,0.023308223,36.152077,27.685001,0.09155143744179181,0.005876003897615841,0.0023093054436945488,0.02459184845377292,36.22994041442871,27.594510214669363,0.17066061,0.54199207,3.0560546,0.09077008441090584,-0.0011104270815849304,0
0.0053577777,0.0022294545,0.023296107,36.141148,27.70236,0.08766247,0.0053375755,0.0022207568,0.023308223,36.152077,27.685001,0.09155143744179181,0.005876003897615841,0.0023093054436945488,0.02459184845377292,36.22994041442871,27.594510214669363,0.17066061,0.54199207,3.0560546,0.09077008441090584,-0.0011104270815849304,0
0.0053577777,0.0022294545,0.023296107,36.141148,27.70236,0.08766247,0.0053375755,0.0022207568,0.023308223,36.152077,27.685001,0.09155143744179181,0.005876003897615841,0.0023093054436945488,0.02459184845377292,36.22994041442871,27.594510214669363,0.17066061,0.54199207,3.0560546,0.09077008441090584,-0.0011104270815849304,0
0.0053577777,0.0022294545,0.023296107,36.141148,27.70236,0.08766247,0.0053375755,0.0022207568,0.023308223,36.152077,27.685001,0.09155143744179181,0.005876003897615841,0.0023093054436945488,0.02459184845377292,36.22994041442871,27.594510214669363,0.17066061,0.54199207,3.0560546,0.09077008441090584,-0.0011104270815849304,0
0.0053577777,0.0022294545,0.023296107,36.141148,27.70236,0.08766247,0.0053375755,0.0022207568,0.023308223,36.152077,27.685001,0.09155143744179181,0.005876003897615841,0.0023093054436945488,0.02459184845377292,36.22994041442871,27.594510214669363,0.17066061,0.54199207,3.0560546,0.09077008441090584,-0.0011104270815849304,0
0.0053577777,0.0022294545,0.023296107,36.141148,27.70236,0.08766247,0.0053375755,0.0022207568,0.023308223,36.152077,27.685001,0.09155143744179181,0.005876003897615841,0.0023093054436945488,0.02459184845377292,36.22994041442871,27.594510214669363,0.17066061,0.54199207,3.0560546,0.09077008441090584,-0.0011104270815849304,0
0.0053577777,0.0022294545,0.023296107,36.141148,27.70236,0.08766247,0.0053375755,0.0022207568,0.023308223,36.152077,27.685001,0.09155143744179181,0.005876003897615841,0.0023093054436945488,0.02459184845377292,36.22994041442871,27.594510214669363,0.17066061,0.54199207,3.0560546,0.09077008441090584,-0.0011104270815849304,0
0.0053577777,0.0022294545,0.023296107,36.141148,27.70236,0.08766247,0.0053375755,0.0022207568,0.023308223,36.152077,27.685001,0.09155143744179181,0.005876003897615841,0.0023093054436945488,0.02459184845377292,36.22994041442871,27.594510214669363,0.17066061,0.54199207,3.0560546,0.09077008441090584,-0.0011104270815849304,0
0.0053577777,0.0022294545,0.023296107,36.141148,27.70236,0.08766247,0.0053375755,0.0022207568,0.023308223,36.152077,27.685001,0.09155143744179181,0.005876003897615841,0.0023093054436945488,0.02459184845377292,36.22994041442871,27.594510214669363,0.17066061,0.54199207,3.0560546,0.09077008441090584,-0.0011104270815849304,0
0.0053577777,0.0022294545,0.023296107,36.141148,27.70236,0.08766247,0.0053375755,0.0022207568,0.023308223,36.152077,27.685001,0.09155143744179181,0.005876003897615841,0.0023093054436945488,0.02459184845377292,36.22994041442871,27.594510214669363,0.17066061,0.54199207,3.0560546,0.09077008441090584,-0.0011104270815849304,0
0.0053577777,0.0022294545,0.023296107,36.141148,27.70236,0.08766247,0.0053375755,0.0022207568,0.023308223,36.152077,27.685001,0.09155143744179181,0.005876003897615841,0.0023093054436945488,0.02459184845377292,36.22994041442871,27.594510214669363,0.17066061,0.54199207,3.0560546,0.09077008441090584,-0.0011104270815849304,0
0.0053577777,0.0022294545,0.023296107,36.141148,27.70236,0.08766247,0.0053375755,0.0022207568,0.023308223,36.152077,27.685001,0.09155143744179181,0.005876003897615841,0.0023093054436945488,0.02459184845377292,36.22994041442871,27.594510214669363,0.17066061,0.54199207,3.0560546,0.09077008441090584,-0.0011104270815849304,0
0.0053577777,0.0022294545,0.023296107,36.141148,27.70236,0.08766247,0.0053375755,0.0022207568,0.023308223,36.152077,27.685001,0.09155143744179181,0.005876003897615841,0.0023093054436945488,0.02459184845377292,36.22994041442871,27.594510214669363,0.17066061,0.54199207,3.0560546,0.09077008441090584,-0.0011104270815849304,0
0.0053577777,0.0022294545,0.023296107,36.141148,27.70236,0.08766247,0.0053375755,0.0022207568,0.023308223,36.152077,27.685001,0.09155143744179181,0.005876003897615841,0.0023093054436945488,0.02459184845377292,36.22994041442871,27.594510214669363,0.17066061,0.54199207,3.0560546,0.09077008441090584,-0.0011104270815849304,0
0.0053577777,0.0022294545,0.023296107,36.141148,27.70236,0.08766247,0.0053375755,0.0022207568,0.023308223,36.152077,27.685001,0.09155143744179181,0.005876003897615841,0.0023093054436945488,0.02459184845377292,36.22994041442871,27.594510214669363,0.17066061,0.54199207,3.0560546,0.09077008441090584,-0.0011104270815849304,0
0.0053577777,0.0022294545,0.023296107,36.141148,27.70236,0.08766247,0.0053375755,0.0022207568,0.023308223,36.152077,27.685001,0.09155143744179181,0.005876003897615841,0.0023093054436945488,0.02459184845377292,36.22994041442871,27.594510214669363,0.17066061,0.54199207,3.0560546,0.09077008441090584,-0.0011104270815849304,0
0.0053577777,0.0022294545,0.023296107,36.141148,27.70236,0.08766247,0.0053375755,0.0022207568,0.023308223,36.152077,27.685001,0.09155143744179181,0.005876003897615841,0.0023093054436945488,0.02459184845377292,36.22994041442871,27.594510214669363,0.17066061,0.54199207,3.0560546,0.09077008441090584,-0.0011104270815849304,0
0.0053577777,0.0022294545,0.023296107,36.141148,27.70236,0.08766247,0.0053375755,0.0022207568,0.023308223,36.152077,27.685001,0.09155143744179181,0.005876003897615841,0.0023093054436945488,0.02459184845377292,36.22994041442871,27.594510214669363,0.17066061,0.54199207,3.0560546,0.09077008441090584,-0.0011104270815849304,0
0.0053577777,0.0022294545,0.023296107,36.141148,27.70236,0.08766247,0.0053375755,0.0022207568,0.023308223,36.152077,27.685001,0.09155143744179181,0.005876003897615841,0.0023093054436945488,0.02459184845377292,36.22994041442871,27.594510214669363,0.17066061,0.54199207,3.0560546,0.09077008441090584,-0.0011104270815849304,0
0.0053577777,0.0022294545,0.023296107,36.141148,27.70236,0.08766247,0.0053375755,0.0022207568,0.023308223,36.152077,27.685001,0.09155143744179181,0.005876003897615841,0.0023093054436945488,0.02459184845377292,36.22994041442871,27.594510214669363,0.17066061,0.54199207,3.0560546,0.09077008441090584,-0.0011104270815849304,0
0.0053577777,0.0022294545,0.023296107,36.141148,27.70236,0.08766247,0.0053375755,0.0022207568,0.023308223,36.152077,27.685001,0.09155143744179181,0.005876003897615841,0.0023093054436945488,0.02459184845377292,36.22994041442871,27.594510214669363,0.17066061,0.54199207,3.0560546,0.09077008441090584,-0.0011104270815849304,0
0.0053577777,0.0022294545,0.023296107,36.141148,27.70236,0.08766247,0.0053375755,0.0022207568,0.023308223,36.152077,27.685001,0.09155143744179181,0.005876003897615841,0.0023093054436945488,0.02459184845377292,36.22994041442871,27.594510214669363,0.17066061,0.54199207,3.0560546,0.09077008441090584,-0.0011104270815849304,0
