nh4,no3,po4,so,thetao,chl_t-1,nh4_t-1,no3_t-1,po4_t-1,so_t-1,thetao_t-1,chl_7day_avg,nh4_7day_avg,no3_7day_avg,po4_7day_avg,so_7day_avg,thetao_7day_avg,n_p_ratio,n_nh4_ratio,p_nh4_ratio,chl_monthly_median,chl_anomaly,bloom_proxy_label
0.006378621,0.0025433952,0.020026332,36.048767,28.048584,0.08488421,0.0063557317,0.0025247328,0.019973874,36.048138,28.038448,0.08849773715649331,0.006607462128158659,0.0026142418085198316,0.020809228997677565,36.05205999101911,28.00419970921108,0.19196597,0.56985044,2.7639165,0.09072062745690346,-0.0003275461494922638,0
0.006378621,0.0025433952,0.020026332,36.048767,28.048584,0.08488421,0.0063557317,0.0025247328,0.019973874,36.048138,28.038448,0.08849773715649331,0.006607462128158659,0.0026142418085198316,0.020809228997677565,36.05205999101911,28.00419970921108,0.19196597,0.56985044,2.7639165,0.09072062745690346,-0.0003275461494922638,0
0.006378621,0.0025433952,0.020026332,36.048767,28.048584,0.08488421,0.0063557317,0.0025247328,0.019973874,36.048138,28.038448,0.08849773715649331,0.006607462128158659,0.0026142418085198316,0.020809228997677565,36.05205999101911,28.00419970921108,0.19196597,0.56985044,2.7639165,0.09072062745690346,-0.0003275461494922638,0
0.006884532,0.0034333186,0.016080668,36.142815,28.845139,0.06402675,0.0074686348,0.0035750563,0.01814521,36.126007,28.476511,0.08849773715649331,0.006607462128158659,0.0026142418085198316,0.020809228997677565,36.05205999101911,28.00419970921108,0.21350597,0.49870035,2.3357677,0.09072062745690346,-0.0003275461494922638,0
0.0062385597,0.0030736648,0.015120047,36.101242,28.729084,0.06073664,0.006810205,0.0033639662,0.017049478,36.073593,28.40606,0.08849773715649331,0.006607462128158659,0.0026142418085198316,0.020809228997677565,36.05205999101911,28.00419970921108,0.20328408,0.4926882,2.4236438,0.09072062745690346,-0.0003275461494922638,0
0.0052304827,0.0026428758,0.01382391,36.10409,28.562304,0.056126084,0.005787827,0.0030614906,0.015514888,36.060177,28.30983,0.08849773715649331,0.006607462128158659,0.0026142418085198316,0.020809228997677565,36.05205999101911,28.00419970921108,0.1911815,0.50528336,2.642951,0.09072062745690346,-0.0003275461494922638,0
0.0043383758,0.0022705202,0.012931841,36.167797,28.475311,0.05264099,0.0048631798,0.0027693,0.014356249,36.123596,28.283686,0.08849773715649331,0.006607462128158659,0.0026142418085198316,0.020809228997677565,36.05205999101911,28.00419970921108,0.17557594,0.5233572,2.9808025,0.09072062745690346,-0.0003275461494922638,0
0.0041211024,0.0022318698,0.013264238,36.198727,28.46593,0.05212425,0.004516478,0.0026937223,0.0142971,36.178047,28.257113,0.08849773715649331,0.006607462128158659,0.0026142418085198316,0.020809228997677565,36.05205999101911,28.00419970921108,0.1682622,0.5415711,3.218614,0.09072062745690346,-0.0003275461494922638,0
0.0048319283,0.0026752949,0.015170315,36.17318,28.472073,0.054797422,0.0049127964,0.0028970747,0.01549831,36.166195,28.243246,0.08849773715649331,0.006607462128158659,0.0026142418085198316,0.020809228997677565,36.05205999101911,28.00419970921108,0.17635064,0.5536702,3.1395986,0.09072062745690346,-0.0003275461494922638,0
0.006235863,0.0034103382,0.01825938,36.13049,28.486227,0.05924501,0.005753867,0.0031867016,0.017395696,36.11885,28.23063,0.08849773715649331,0.006607462128158659,0.0026142418085198316,0.020809228997677565,36.05205999101911,28.00419970921108,0.18677185,0.54689115,2.928124,0.09072062745690346,-0.0003275461494922638,0
0.007734852,0.003989949,0.021562647,36.09485,28.52376,0.0632618,0.0064602955,0.00330844,0.018975701,36.089794,28.25133,0.08849773715649331,0.006607462128158659,0.0026142418085198316,0.020809228997677565,36.05205999101911,28.00419970921108,0.18503985,0.51584035,2.787726,0.09072062745690346,-0.0003275461494922638,0
0.008798062,0.004145269,0.024042757,36.063797,28.55222,0.065243326,0.006669632,0.0032419073,0.019521903,36.0789,28.267618,0.08849773715649331,0.006607462128158659,0.0026142418085198316,0.020809228997677565,36.05205999101911,28.00419970921108,0.17241237,0.47115704,2.7327332,0.09072062745690346,-0.0003275461494922638,0
0.009072686,0.0039253137,0.02484229,36.054996,28.585127,0.06449398,0.006293321,0.0030997666,0.018809322,36.082924,28.31354,0.08849773715649331,0.006607462128158659,0.0026142418085198316,0.020809228997677565,36.05205999101911,28.00419970921108,0.15800934,0.4326518,2.7381408,0.09072062745690346,-0.0003275461494922638,0
0.006378621,0.0025433952,0.020026332,36.048767,28.048584,0.08488421,0.0063557317,0.0025247328,0.019973874,36.048138,28.038448,0.08849773715649331,0.006607462128158659,0.0026142418085198316,0.020809228997677565,36.05205999101911,28.00419970921108,0.19196597,0.56985044,2.7639165,0.09072062745690346,-0.0003275461494922638,0
0.006378621,0.0025433952,0.020026332,36.048767,28.048584,0.08488421,0.0063557317,0.0025247328,0.019973874,36.048138,28.038448,0.08849773715649331,0.006607462128158659,0.0026142418085198316,0.020809228997677565,36.05205999101911,28.00419970921108,0.19196597,0.56985044,2.7639165,0.09072062745690346,-0.0003275461494922638,0
0.006378621,0.0025433952,0.020026332,36.048767,28.048584,0.08488421,0.0063557317,0.0025247328,0.019973874,36.048138,28.038448,0.08849773715649331,0.006607462128158659,0.0026142418085198316,0.020809228997677565,36.05205999101911,28.00419970921108,0.19196597,0.56985044,2.7639165,0.09072062745690346,-0.0003275461494922638,0
0.0065103774,0.0031985545,0.01561868,36.137627,28.713907,0.06292994,0.0070011937,0.0029540774,0.017160863,36.121696,28.424414,0.08849773715649331,0.006607462128158659,0.0026142418085198316,0.020809228997677565,36.05205999101911,28.00419970921108,0.20479032,0.49130094,2.3990438,0.09072062745690346,-0.0003275461494922638,0
0.0058981283,0.0026666184,0.0147372205,36.105427,28.668558,0.060239453,0.006379593,0.002536998,0.016192624,36.08314,28.38535,0.08849773715649331,0.006607462128158659,0.0026142418085198316,0.020809228997677565,36.05205999101911,28.00419970921108,0.18094446,0.45211264,2.4986267,0.09072062745690346,-0.0003275461494922638,0
0.0049197655,0.0019120787,0.013451835,36.08825,28.547218,0.056545496,0.0054520373,0.0020007463,0.014863627,36.055965,28.289005,0.08849773715649331,0.006607462128158659,0.0026142418085198316,0.020809228997677565,36.05205999101911,28.00419970921108,0.1421426,0.3886524,2.7342432,0.09072062745690346,-0.0003275461494922638,0
0.004190322,0.0012884054,0.012797565,36.119617,28.467249,0.05441574,0.004824896,0.0015979495,0.014249808,36.088814,28.276737,0.08849773715649331,0.006607462128158659,0.0026142418085198316,0.020809228997677565,36.05205999101911,28.00419970921108,0.10067582,0.3074717,3.0540767,0.09072062745690346,-0.0003275461494922638,0
0.004504397,0.0017448429,0.013993105,36.15302,28.441486,0.055891313,0.005141054,0.0019514065,0.015370913,36.1284,28.25865,0.08849773715649331,0.006607462128158659,0.0026142418085198316,0.020809228997677565,36.05205999101911,28.00419970921108,0.12469304,0.38736436,3.1065433,0.09072062745690346,-0.0003275461494922638,0
0.006141567,0.0034832836,0.017389981,36.144707,28.433792,0.0610972,0.0065007713,0.0030888142,0.018297335,36.12004,28.20567,0.08849773715649331,0.006607462128158659,0.0026142418085198316,0.020809228997677565,36.05205999101911,28.00419970921108,0.20030405,0.56716526,2.8315217,0.09072062745690346,-0.0003275461494922638,0
0.008457721,0.0054021967,0.022022478,36.107758,28.450712,0.067836635,0.0081531275,0.0041047777,0.02178567,36.09028,28.19674,0.08849773715649331,0.006607462128158659,0.0026142418085198316,0.020809228997677565,36.05205999101911,28.00419970921108,0.24530375,0.6387296,2.6038313,0.09072062745690346,-0.0003275461494922638,0
0.010243879,0.0060673147,0.026097577,36.067852,28.503212,0.072788104,0.009014657,0.0042084423,0.023957647,36.06484,28.234573,0.08849773715649331,0.006607462128158659,0.0026142418085198316,0.020809228997677565,36.05205999101911,28.00419970921108,0.23248574,0.5922868,2.5476265,0.09072062745690346,-0.0003275461494922638,0
0.011069346,0.005623497,0.028465718,36.042057,28.558313,0.074272476,0.008900827,0.0037898177,0.024109317,36.061413,28.27826,0.08849773715649331,0.006607462128158659,0.0026142418085198316,0.020809228997677565,36.05205999101911,28.00419970921108,0.19755332,0.50802433,2.571581,0.09072062745690346,-0.0003275461494922638,0
0.010748651,0.0046884487,0.028281648,36.047462,28.61747,0.07158276,0.007910308,0.0033339038,0.022187388,36.072872,28.374996,0.08849773715649331,0.006607462128158659,0.0026142418085198316,0.020809228997677565,36.05205999101911,28.00419970921108,0.16577707,0.4361895,2.6311812,0.09072062745690346,-0.0003275461494922638,0
0.006378621,0.0025433952,0.020026332,36.048767,28.048584,0.08488421,0.0063557317,0.0025247328,0.019973874,36.048138,28.038448,0.08849773715649331,0.006607462128158659,0.0026142418085198316,0.020809228997677565,36.05205999101911,28.00419970921108,0.19196597,0.56985044,2.7639165,0.09072062745690346,-0.0003275461494922638,0
0.006378621,0.0025433952,0.020026332,36.048767,28.048584,0.08488421,0.0063557317,0.0025247328,0.019973874,36.048138,28.038448,0.08849773715649331,0.006607462128158659,0.0026142418085198316,0.020809228997677565,36.05205999101911,28.00419970921108,0.19196597,0.56985044,2.7639165,0.09072062745690346,-0.0003275461494922638,0
0.006378621,0.0025433952,0.020026332,36.048767,28.048584,0.08488421,0.0063557317,0.0025247328,0.019973874,36.048138,28.038448,0.08849773715649331,0.006607462128158659,0.0026142418085198316,0.020809228997677565,36.05205999101911,28.00419970921108,0.19196597,0.56985044,2.7639165,0.09072062745690346,-0.0003275461494922638,0
0.005361587,0.0015492978,0.013226502,36.151592,28.730165,0.062857695,0.006120129,0.0011337489,0.015542214,36.142857,28.548714,0.08849773715649331,0.006607462128158659,0.0026142418085198316,0.020809228997677565,36.05205999101911,28.00419970921108,0.117135875,0.28896254,2.4669006,0.09072062745690346,-0.0003275461494922638,0
0.0047465465,0.00069433247,0.012565067,36.117016,28.63594,0.060514197,0.0054912986,0.0004091092,0.014708982,36.10346,28.41606,0.08849773715649331,0.006607462128158659,0.0026142418085198316,0.020809228997677565,36.05205999101911,28.00419970921108,0.055258956,0.14628161,2.647202,0.09072062745690346,-0.0003275461494922638,0
0.00404111,1e-11,0.011948232,36.08502,28.519072,0.058125705,0.0048649325,1e-11,0.014046124,36.06183,28.280949,0.08849773715649331,0.006607462128158659,0.0026142418085198316,0.020809228997677565,36.05205999101911,28.00419970921108,8.3694396e-10,2.4745674e-09,2.9566705,0.09072062745690346,-0.0003275461494922638,0
0.004218707,0.000115797506,0.012864764,36.08791,28.449461,0.058375895,0.005137334,0.0003232384,0.014992674,36.06649,28.260439,0.08849773715649331,0.006607462128158659,0.0026142418085198316,0.020809228997677565,36.05205999101911,28.00419970921108,0.009001138,0.027448578,3.0494566,0.09072062745690346,-0.0003275461494922638,0
0.006218062,0.0032975362,0.016608417,36.10144,28.414495,0.06305509,0.0069992957,0.002809519,0.018534295,36.084057,28.245127,0.08849773715649331,0.006607462128158659,0.0026142418085198316,0.020809228997677565,36.05205999101911,28.00419970921108,0.19854608,0.53031576,2.6709957,0.09072062745690346,-0.0003275461494922638,0
0.009830716,0.008461629,0.022743547,36.082428,28.427063,0.07133932,0.01002122,0.006388511,0.02395765,36.074635,28.241913,0.08849773715649331,0.006607462128158659,0.0026142418085198316,0.020809228997677565,36.05205999101911,28.00419970921108,0.37204525,0.86073375,2.313519,0.09072062745690346,-0.0003275461494922638,0
0.013065407,0.011457003,0.028716866,36.038315,28.502516,0.07920074,0.012231295,0.007874008,0.02849499,36.047462,28.269718,0.08849773715649331,0.006607462128158659,0.0026142418085198316,0.020809228997677565,36.05205999101911,28.00419970921108,0.39896426,0.87689596,2.1979313,0.09072062745690346,-0.0003275461494922638,0
0.013946592,0.010224446,0.032012675,36.011845,28.557486,0.082494706,0.012100011,0.006520931,0.029590335,36.03652,28.315634,0.08849773715649331,0.006607462128158659,0.0026142418085198316,0.020809228997677565,36.05205999101911,28.00419970921108,0.31938744,0.7331143,2.2953763,0.09072062745690346,-0.0003275461494922638,0
0.013505183,0.0077523226,0.032817185,36.02383,28.625292,0.08139314,0.010839314,0.0047902204,0.028026035,36.053185,28.382866,0.08849773715649331,0.006607462128158659,0.0026142418085198316,0.020809228997677565,36.05205999101911,28.00419970921108,0.23622753,0.57402575,2.4299695,0.09072062745690346,-0.0003275461494922638,0
0.011917763,0.005363445,0.03055885,36.04902,28.671322,0.07523081,0.008806257,0.003624739,0.023967974,36.077946,28.439886,0.08849773715649331,0.006607462128158659,0.0026142418085198316,0.020809228997677565,36.05205999101911,28.00419970921108,0.175512,0.45003787,2.5641432,0.09072062745690346,-0.0003275461494922638,0
0.006378621,0.0025433952,0.020026332,36.048767,28.048584,0.08488421,0.0063557317,0.0025247328,0.019973874,36.048138,28.038448,0.08849773715649331,0.006607462128158659,0.0026142418085198316,0.020809228997677565,36.05205999101911,28.00419970921108,0.19196597,0.56985044,2.7639165,0.09072062745690346,-0.0003275461494922638,0
0.006378621,0.0025433952,0.020026332,36.048767,28.048584,0.08488421,0.0063557317,0.0025247328,0.019973874,36.048138,28.038448,0.08849773715649331,0.006607462128158659,0.0026142418085198316,0.020809228997677565,36.05205999101911,28.00419970921108,0.19196597,0.56985044,2.7639165,0.09072062745690346,-0.0003275461494922638,0
0.006378621,0.0025433952,0.020026332,36.048767,28.048584,0.08488421,0.0063557317,0.0025247328,0.019973874,36.048138,28.038448,0.08849773715649331,0.006607462128158659,0.0026142418085198316,0.020809228997677565,36.05205999101911,28.00419970921108,0.19196597,0.56985044,2.7639165,0.09072062745690346,-0.0003275461494922638,0
0.005196071,1e-11,0.013005141,36.132698,28.816603,0.06770497,0.0066664875,1e-11,0.017157871,36.115196,28.633146,0.08849773715649331,0.006607462128158659,0.0026142418085198316,0.020809228997677565,36.05205999101911,28.00419970921108,7.689267e-10,1.924531e-09,2.5028796,0.09072062745690346,-0.0003275461494922638,0
0.00496753,1e-11,0.013220129,36.12078,28.638496,0.06638433,0.006425289,3.881728e-06,0.017093882,36.101852,28.471573,0.08849773715649331,0.006607462128158659,0.0026142418085198316,0.020809228997677565,36.05205999101911,28.00419970921108,7.564223e-10,2.013073e-09,2.6613083,0.09072062745690346,-0.0003275461494922638,0
0.0053142915,0.00071435334,0.014407845,36.09353,28.490557,0.06591409,0.0067653405,0.0011818071,0.017930048,36.076874,28.30873,0.08849773715649331,0.006607462128158659,0.0026142418085198316,0.020809228997677565,36.05205999101911,28.00419970921108,0.04958086,0.13442118,2.7111506,0.09072062745690346,-0.0003275461494922638,0
0.007829517,0.0063055903,0.018531248,36.08604,28.429688,0.06938836,0.009082289,0.0059692273,0.02150791,36.06963,28.27375,0.08849773715649331,0.006607462128158659,0.0026142418085198316,0.020809228997677565,36.05205999101911,28.00419970921108,0.340268,0.80536133,2.3668444,0.09072062745690346,-0.0003275461494922638,0
0.013083719,0.017258946,0.02608795,36.06276,28.455526,0.077627346,0.013653717,0.014324688,0.028105184,36.0581,28.277493,0.08849773715649331,0.006607462128158659,0.0026142418085198316,0.020809228997677565,36.05205999101911,28.00419970921108,0.6615677,1.3191162,1.9939247,0.09072062745690346,-0.0003275461494922638,0
0.01908109,0.02620588,0.034414917,35.99687,28.558737,0.08752126,0.018355403,0.020042978,0.035035316,36.014843,28.338024,0.08849773715649331,0.006607462128158659,0.0026142418085198316,0.020809228997677565,36.05205999101911,28.00419970921108,0.76146865,1.3733954,1.8036138,0.09072062745690346,-0.0003275461494922638,0
0.021537408,0.02514312,0.03907443,35.96641,28.623344,0.09302356,0.019244121,0.01739549,0.03788402,36.00103,28.412687,0.08849773715649331,0.006607462128158659,0.0026142418085198316,0.020809228997677565,36.05205999101911,28.00419970921108,0.64346737,1.1674162,1.8142586,0.09072062745690346,-0.0003275461494922638,0
0.018449334,0.016068604,0.03837069,35.986843,28.614649,0.09080142,0.015375294,0.010093372,0.034845892,36.01776,28.380728,0.08849773715649331,0.006607462128158659,0.0026142418085198316,0.020809228997677565,36.05205999101911,28.00419970921108,0.41877285,0.87095845,2.0797873,0.09072062745690346,-0.0003275461494922638,0
0.016495358,0.0106595615,0.037729137,36.027157,28.666132,0.0883654,0.012883315,0.0061075827,0.032169595,36.06553,28.486109,0.08849773715649331,0.006607462128158659,0.0026142418085198316,0.020809228997677565,36.05205999101911,28.00419970921108,0.28252864,0.6462158,2.287258,0.09072062745690346,-0.0003275461494922638,0
0.006378621,0.0025433952,0.020026332,36.048767,28.048584,0.08488421,0.0063557317,0.0025247328,0.019973874,36.048138,28.038448,0.08849773715649331,0.006607462128158659,0.0026142418085198316,0.020809228997677565,36.05205999101911,28.00419970921108,0.19196597,0.56985044,2.7639165,0.09072062745690346,-0.0003275461494922638,0
0.006378621,0.0025433952,0.020026332,36.048767,28.048584,0.08488421,0.0063557317,0.0025247328,0.019973874,36.048138,28.038448,0.08849773715649331,0.006607462128158659,0.0026142418085198316,0.020809228997677565,36.05205999101911,28.00419970921108,0.19196597,0.56985044,2.7639165,0.09072062745690346,-0.0003275461494922638,0
0.006378621,0.0025433952,0.020026332,36.048767,28.048584,0.08488421,0.0063557317,0.0025247328,0.019973874,36.048138,28.038448,0.08849773715649331,0.006607462128158659,0.0026142418085198316,0.020809228997677565,36.05205999101911,28.00419970921108,0.19196597,0.56985044,2.7639165,0.09072062745690346,-0.0003275461494922638,0
0.006378621,0.0025433952,0.020026332,36.048767,28.048584,0.08488421,0.0063557317,0.0025247328,0.019973874,36.048138,28.038448,0.08849773715649331,0.006607462128158659,0.0026142418085198316,0.020809228997677565,36.05205999101911,28.00419970921108,0.19196597,0.56985044,2.7639165,0.09072062745690346,-0.0003275461494922638,0
0.009873182,0.0013511708,0.021146324,36.060143,29.02221,0.08129445,0.012995145,0.0050071324,0.027532244,36.026417,28.864508,0.08849773715649331,0.006607462128158659,0.0026142418085198316,0.020809228997677565,36.05205999101911,28.00419970921108,0.06389625,0.13685262,2.1417942,0.09072062745690346,-0.0003275461494922638,0
0.011014631,0.015837992,0.023408877,36.095768,28.712448,0.08115204,0.013922327,0.01814382,0.029131016,36.062645,28.558598,0.08849773715649331,0.006607462128158659,0.0026142418085198316,0.020809228997677565,36.05205999101911,28.00419970921108,0.6765806,1.4379048,2.125253,0.09072062745690346,-0.0003275461494922638,0
0.013731897,0.03138412,0.027597114,36.087975,28.52216,0.08317285,0.016436417,0.03243481,0.032477062,36.059124,28.341873,0.08849773715649331,0.006607462128158659,0.0026142418085198316,0.020809228997677565,36.05205999101911,28.00419970921108,1.1372248,2.2854905,2.009709,0.09072062745690346,-0.0003275461494922638,0
0.020066598,0.048668068,0.035039138,36.044376,28.523153,0.08952899,0.022059698,0.046219096,0.038525373,36.022305,28.339586,0.08849773715649331,0.006607462128158659,0.0026142418085198316,0.020809228997677565,36.05205999101911,28.00419970921108,1.3889631,2.4253273,1.7461424,0.09072062745690346,-0.0003275461494922638,0
0.028897284,0.06552362,0.04451324,35.930004,28.645405,0.099071,0.029448017,0.057566673,0.046112496,35.958447,28.403992,0.08849773715649331,0.006607462128158659,0.0026142418085198316,0.020809228997677565,36.05205999101911,28.00419970921108,1.4720029,2.2674663,1.5403954,0.09072062745690346,-0.0003275461494922638,0
0.034859672,0.06519964,0.05079623,35.888077,28.743946,0.1064749,0.033350613,0.052864347,0.05045353,35.928963,28.505913,0.08849773715649331,0.006607462128158659,0.0026142418085198316,0.020809228997677565,36.05205999101911,28.00419970921108,1.2835528,1.8703458,1.4571631,0.09072062745690346,-0.0003275461494922638,0
0.03419921,0.049483616,0.050934985,35.937683,28.694391,0.10727989,0.030530605,0.035623576,0.049061075,35.97484,28.569658,0.08849773715649331,0.006607462128158659,0.0026142418085198316,0.020809228997677565,36.05205999101911,28.00419970921108,0.97150546,1.4469227,1.4893614,0.09072062745690346,-0.0003275461494922638,0
0.006378621,0.0025433952,0.020026332,36.048767,28.048584,0.08488421,0.0063557317,0.0025247328,0.019973874,36.048138,28.038448,0.08849773715649331,0.006607462128158659,0.0026142418085198316,0.020809228997677565,36.05205999101911,28.00419970921108,0.19196597,0.56985044,2.7639165,0.09072062745690346,-0.0003275461494922638,0
0.006378621,0.0025433952,0.020026332,36.048767,28.048584,0.08488421,0.0063557317,0.0025247328,0.019973874,36.048138,28.038448,0.08849773715649331,0.006607462128158659,0.0026142418085198316,0.020809228997677565,36.05205999101911,28.00419970921108,0.19196597,0.56985044,2.7639165,0.09072062745690346,-0.0003275461494922638,0
0.006378621,0.0025433952,0.020026332,36.048767,28.048584,0.08488421,0.0063557317,0.0025247328,0.019973874,36.048138,28.038448,0.08849773715649331,0.006607462128158659,0.0026142418085198316,0.020809228997677565,36.05205999101911,28.00419970921108,0.19196597,0.56985044,2.7639165,0.09072062745690346,-0.0003275461494922638,0
0.006378621,0.0025433952,0.020026332,36.048767,28.048584,0.08488421,0.0063557317,0.0025247328,0.019973874,36.048138,28.038448,0.08849773715649331,0.006607462128158659,0.0026142418085198316,0.020809228997677565,36.05205999101911,28.00419970921108,0.19196597,0.56985044,2.7639165,0.09072062745690346,-0.0003275461494922638,0
0.006378621,0.0025433952,0.020026332,36.048767,28.048584,0.08488421,0.0063557317,0.0025247328,0.019973874,36.048138,28.038448,0.08849773715649331,0.006607462128158659,0.0026142418085198316,0.020809228997677565,36.05205999101911,28.00419970921108,0.19196597,0.56985044,2.7639165,0.09072062745690346,-0.0003275461494922638,0
0.006378621,0.0025433952,0.020026332,36.048767,28.048584,0.08488421,0.0063557317,0.0025247328,0.019973874,36.048138,28.038448,0.08849773715649331,0.006607462128158659,0.0026142418085198316,0.020809228997677565,36.05205999101911,28.00419970921108,0.19196597,0.56985044,2.7639165,0.09072062745690346,-0.0003275461494922638,0
0.020101462,0.037904438,0.035543825,35.97052,29.121548,0.09761432,0.026107125,0.045507547,0.043506205,35.93363,28.920504,0.08849773715649331,0.006607462128158659,0.0026142418085198316,0.020809228997677565,36.05205999101911,28.00419970921108,1.0664141,1.8856558,1.7682209,0.09072062745690346,-0.0003275461494922638,0
0.027421894,0.11105797,0.046882518,36.004337,28.806995,0.102671474,0.032890387,0.114056095,0.053676993,35.959682,28.673845,0.08849773715649331,0.006607462128158659,0.0026142418085198316,0.020809228997677565,36.05205999101911,28.00419970921108,2.3688567,4.0499744,1.7096747,0.09072062745690346,-0.0003275461494922638,0
0.033234753,0.15832724,0.055476166,35.913837,28.648933,0.106881924,0.037926726,0.15721494,0.06091723,35.902588,28.519857,0.08849773715649331,0.006607462128158659,0.0026142418085198316,0.020809228997677565,36.05205999101911,28.00419970921108,2.8539686,4.763906,1.6692215,0.09072062745690346,-0.0003275461494922638,0
0.0413402,0.16766286,0.062382486,35.8024,28.708818,0.113516286,0.04468431,0.1606641,0.065825954,35.872837,28.529196,0.08849773715649331,0.006607462128158659,0.0026142418085198316,0.020809228997677565,36.05205999101911,28.00419970921108,2.6876593,4.055686,1.509003,0.09072062745690346,-0.0003275461494922638,0
0.049162325,0.15993029,0.06787079,35.761627,28.864597,0.12033106,0.05067042,0.14661352,0.06906118,35.849373,28.592072,0.08849773715649331,0.006607462128158659,0.0026142418085198316,0.020809228997677565,36.05205999101911,28.00419970921108,2.3563936,3.2531068,1.3805448,0.09072062745690346,-0.0003275461494922638,0
0.05090229,0.12548485,0.06687417,35.84052,28.852673,0.12198438,0.050381355,0.10842735,0.06627316,35.87276,28.673733,0.08849773715649331,0.006607462128158659,0.0026142418085198316,0.020809228997677565,36.05205999101911,28.00419970921108,1.8764323,2.4652104,1.3137753,0.09072062745690346,-0.0003275461494922638,0
0.006378621,0.0025433952,0.020026332,36.048767,28.048584,0.08488421,0.0063557317,0.0025247328,0.019973874,36.048138,28.038448,0.08849773715649331,0.006607462128158659,0.0026142418085198316,0.020809228997677565,36.05205999101911,28.00419970921108,0.19196597,0.56985044,2.7639165,0.09072062745690346,-0.0003275461494922638,0
0.006378621,0.0025433952,0.020026332,36.048767,28.048584,0.08488421,0.0063557317,0.0025247328,0.019973874,36.048138,28.038448,0.08849773715649331,0.006607462128158659,0.0026142418085198316,0.020809228997677565,36.05205999101911,28.00419970921108,0.19196597,0.56985044,2.7639165,0.09072062745690346,-0.0003275461494922638,0
0.006378621,0.0025433952,0.020026332,36.048767,28.048584,0.08488421,0.0063557317,0.0025247328,0.019973874,36.048138,28.038448,0.08849773715649331,0.006607462128158659,0.0026142418085198316,0.020809228997677565,36.05205999101911,28.00419970921108,0.19196597,0.56985044,2.7639165,0.09072062745690346,-0.0003275461494922638,0
0.006378621,0.0025433952,0.020026332,36.048767,28.048584,0.08488421,0.0063557317,0.0025247328,0.019973874,36.048138,28.038448,0.08849773715649331,0.006607462128158659,0.0026142418085198316,0.020809228997677565,36.05205999101911,28.00419970921108,0.19196597,0.56985044,2.7639165,0.09072062745690346,-0.0003275461494922638,0
0.006378621,0.0025433952,0.020026332,36.048767,28.048584,0.08488421,0.0063557317,0.0025247328,0.019973874,36.048138,28.038448,0.08849773715649331,0.006607462128158659,0.0026142418085198316,0.020809228997677565,36.05205999101911,28.00419970921108,0.19196597,0.56985044,2.7639165,0.09072062745690346,-0.0003275461494922638,0
0.006378621,0.0025433952,0.020026332,36.048767,28.048584,0.08488421,0.0063557317,0.0025247328,0.019973874,36.048138,28.038448,0.08849773715649331,0.006607462128158659,0.0026142418085198316,0.020809228997677565,36.05205999101911,28.00419970921108,0.19196597,0.56985044,2.7639165,0.09072062745690346,-0.0003275461494922638,0
0.006378621,0.0025433952,0.020026332,36.048767,28.048584,0.08488421,0.0063557317,0.0025247328,0.019973874,36.048138,28.038448,0.08849773715649331,0.006607462128158659,0.0026142418085198316,0.020809228997677565,36.05205999101911,28.00419970921108,0.19196597,0.56985044,2.7639165,0.09072062745690346,-0.0003275461494922638,0
0.006378621,0.0025433952,0.020026332,36.048767,28.048584,0.08488421,0.0063557317,0.0025247328,0.019973874,36.048138,28.038448,0.08849773715649331,0.006607462128158659,0.0026142418085198316,0.020809228997677565,36.05205999101911,28.00419970921108,0.19196597,0.56985044,2.7639165,0.09072062745690346,-0.0003275461494922638,0
0.04888832,0.3249915,0.08263313,35.909958,28.842312,0.12342924,0.055633347,0.3220401,0.08878354,35.95105,28.821945,0.08849773715649331,0.006607462128158659,0.0026142418085198316,0.020809228997677565,36.05205999101911,28.00419970921108,3.9329443,6.6476307,1.6902429,0.09072062745690346,-0.0003275461494922638,0
0.05265991,0.3931178,0.09218465,35.41152,28.756311,0.12601225,0.058527432,0.38533923,0.09700122,35.948833,28.763481,0.08849773715649331,0.006607462128158659,0.0026142418085198316,0.020809228997677565,36.05205999101911,28.00419970921108,4.2644606,7.4652195,1.750566,0.09072062745690346,-0.0003275461494922638,0
0.058972016,0.33134365,0.09039595,35.535275,28.798277,0.13050514,0.06336648,0.31950527,0.09341235,35.908863,28.768282,0.08849773715649331,0.006607462128158659,0.0026142418085198316,0.020809228997677565,36.05205999101911,28.00419970921108,3.6654701,5.618659,1.5328618,0.09072062745690346,-0.0003275461494922638,0
0.06429295,0.28521636,0.089642346,35.616245,28.910368,0.13439104,0.0673656,0.2692565,0.09104457,35.822083,28.818445,0.08849773715649331,0.006607462128158659,0.0026142418085198316,0.020809228997677565,36.05205999101911,28.00419970921108,3.1817145,4.4361997,1.3942795,0.09072062745690346,-0.0003275461494922638,0
0.006378621,0.0025433952,0.020026332,36.048767,28.048584,0.08488421,0.0063557317,0.0025247328,0.019973874,36.048138,28.038448,0.08849773715649331,0.006607462128158659,0.0026142418085198316,0.020809228997677565,36.05205999101911,28.00419970921108,0.19196597,0.56985044,2.7639165,0.09072062745690346,-0.0003275461494922638,0
0.006378621,0.0025433952,0.020026332,36.048767,28.048584,0.08488421,0.0063557317,0.0025247328,0.019973874,36.048138,28.038448,0.08849773715649331,0.006607462128158659,0.0026142418085198316,0.020809228997677565,36.05205999101911,28.00419970921108,0.19196597,0.56985044,2.7639165,0.09072062745690346,-0.0003275461494922638,0
0.006378621,0.0025433952,0.020026332,36.048767,28.048584,0.08488421,0.0063557317,0.0025247328,0.019973874,36.048138,28.038448,0.08849773715649331,0.006607462128158659,0.0026142418085198316,0.020809228997677565,36.05205999101911,28.00419970921108,0.19196597,0.56985044,2.7639165,0.09072062745690346,-0.0003275461494922638,0
0.006378621,0.0025433952,0.020026332,36.048767,28.048584,0.08488421,0.0063557317,0.0025247328,0.019973874,36.048138,28.038448,0.08849773715649331,0.006607462128158659,0.0026142418085198316,0.020809228997677565,36.05205999101911,28.00419970921108,0.19196597,0.56985044,2.7639165,0.09072062745690346,-0.0003275461494922638,0
0.006378621,0.0025433952,0.020026332,36.048767,28.048584,0.08488421,0.0063557317,0.0025247328,0.019973874,36.048138,28.038448,0.08849773715649331,0.006607462128158659,0.0026142418085198316,0.020809228997677565,36.05205999101911,28.00419970921108,0.19196597,0.56985044,2.7639165,0.09072062745690346,-0.0003275461494922638,0
0.006378621,0.0025433952,0.020026332,36.048767,28.048584,0.08488421,0.0063557317,0.0025247328,0.019973874,36.048138,28.038448,0.08849773715649331,0.006607462128158659,0.0026142418085198316,0.020809228997677565,36.05205999101911,28.00419970921108,0.19196597,0.56985044,2.7639165,0.09072062745690346,-0.0003275461494922638,0
0.006378621,0.0025433952,0.020026332,36.048767,28.048584,0.08488421,0.0063557317,0.0025247328,0.019973874,36.048138,28.038448,0.08849773715649331,0.006607462128158659,0.0026142418085198316,0.020809228997677565,36.05205999101911,28.00419970921108,0.19196597,0.56985044,2.7639165,0.09072062745690346,-0.0003275461494922638,0
0.006378621,0.0025433952,0.020026332,36.048767,28.048584,0.08488421,0.0063557317,0.0025247328,0.019973874,36.048138,28.038448,0.08849773715649331,0.006607462128158659,0.0026142418085198316,0.020809228997677565,36.05205999101911,28.00419970921108,0.19196597,0.56985044,2.7639165,0.09072062745690346,-0.0003275461494922638,0
0.006378621,0.0025433952,0.020026332,36.048767,28.048584,0.08488421,0.0063557317,0.0025247328,0.019973874,36.048138,28.038448,0.08849773715649331,0.006607462128158659,0.0026142418085198316,0.020809228997677565,36.05205999101911,28.00419970921108,0.19196597,0.56985044,2.7639165,0.09072062745690346,-0.0003275461494922638,0
0.006378621,0.0025433952,0.020026332,36.048767,28.048584,0.08488421,0.0063557317,0.0025247328,0.019973874,36.048138,28.038448,0.08849773715649331,0.006607462128158659,0.0026142418085198316,0.020809228997677565,36.05205999101911,28.00419970921108,0.19196597,0.56985044,2.7639165,0.09072062745690346,-0.0003275461494922638,0
0.006378621,0.0025433952,0.020026332,36.048767,28.048584,0.08488421,0.0063557317,0.0025247328,0.019973874,36.048138,28.038448,0.08849773715649331,0.006607462128158659,0.0026142418085198316,0.020809228997677565,36.05205999101911,28.00419970921108,0.19196597,0.56985044,2.7639165,0.09072062745690346,-0.0003275461494922638,0
0.006378621,0.0025433952,0.020026332,36.048767,28.048584,0.08488421,0.0063557317,0.0025247328,0.019973874,36.048138,28.038448,0.08849773715649331,0.006607462128158659,0.0026142418085198316,0.020809228997677565,36.05205999101911,28.00419970921108,0.19196597,0.56985044,2.7639165,0.09072062745690346,-0.0003275461494922638,0
0.006378621,0.0025433952,0.020026332,36.048767,28.048584,0.08488421,0.0063557317,0.0025247328,0.019973874,36.048138,28.038448,0.08849773715649331,0.006607462128158659,0.0026142418085198316,0.020809228997677565,36.05205999101911,28.00419970921108,0.19196597,0.56985044,2.7639165,0.09072062745690346,-0.0003275461494922638,0
0.006378621,0.0025433952,0.020026332,36.048767,28.048584,0.08488421,0.0063557317,0.0025247328,0.019973874,36.048138,28.038448,0.08849773715649331,0.006607462128158659,0.0026142418085198316,0.020809228997677565,36.05205999101911,28.00419970921108,0.19196597,0.56985044,2.7639165,0.09072062745690346,-0.0003275461494922638,0
0.006378621,0.0025433952,0.020026332,36.048767,28.048584,0.08488421,0.0063557317,0.0025247328,0.019973874,36.048138,28.038448,0.08849773715649331,0.006607462128158659,0.0026142418085198316,0.020809228997677565,36.05205999101911,28.00419970921108,0.19196597,0.56985044,2.7639165,0.09072062745690346,-0.0003275461494922638,0
0.006378621,0.0025433952,0.020026332,36.048767,28.048584,0.08488421,0.0063557317,0.0025247328,0.019973874,36.048138,28.038448,0.08849773715649331,0.006607462128158659,0.0026142418085198316,0.020809228997677565,36.05205999101911,28.00419970921108,0.19196597,0.56985044,2.7639165,0.09072062745690346,-0.0003275461494922638,0
0.006378621,0.0025433952,0.020026332,36.048767,28.048584,0.08488421,0.0063557317,0.0025247328,0.019973874,36.048138,28.038448,0.08849773715649331,0.006607462128158659,0.0026142418085198316,0.020809228997677565,36.05205999101911,28.00419970921108,0.19196597,0.56985044,2.7639165,0.09072062745690346,-0.0003275461494922638,0
0.006378621,0.0025433952,0.020026332,36.048767,28.048584,0.08488421,0.0063557317,0.0025247328,0.019973874,36.048138,28.038448,0.08849773715649331,0.006607462128158659,0.0026142418085198316,0.020809228997677565,36.05205999101911,28.00419970921108,0.19196597,0.56985044,2.7639165,0.09072062745690346,-0.0003275461494922638,0
0.006378621,0.0025433952,0.020026332,36.048767,28.048584,0.08488421,0.0063557317,0.0025247328,0.019973874,36.048138,28.038448,0.08849773715649331,0.006607462128158659,0.0026142418085198316,0.020809228997677565,36.05205999101911,28.00419970921108,0.19196597,0.56985044,2.7639165,0.09072062745690346,-0.0003275461494922638,0
0.006378621,0.0025433952,0.020026332,36.048767,28.048584,0.08488421,0.0063557317,0.0025247328,0.019973874,36.048138,28.038448,0.08849773715649331,0.006607462128158659,0.0026142418085198316,0.020809228997677565,36.05205999101911,28.00419970921108,0.19196597,0.56985044,2.7639165,0.09072062745690346,-0.0003275461494922638,0
0.006378621,0.0025433952,0.020026332,36.048767,28.048584,0.08488421,0.0063557317,0.0025247328,0.019973874,36.048138,28.038448,0.08849773715649331,0.006607462128158659,0.0026142418085198316,0.020809228997677565,36.05205999101911,28.00419970921108,0.19196597,0.56985044,2.7639165,0.09072062745690346,-0.0003275461494922638,0
0.006378621,0.0025433952,0.020026332,36.048767,28.048584,0.08488421,0.0063557317,0.0025247328,0.019973874,36.048138,28.038448,0.08849773715649331,0.006607462128158659,0.0026142418085198316,0.020809228997677565,36.05205999101911,28.00419970921108,0.19196597,0.56985044,2.7639165,0.09072062745690346,-0.0003275461494922638,0
0.006378621,0.0025433952,0.020026332,36.048767,28.048584,0.08488421,0.0063557317,0.0025247328,0.019973874,36.048138,28.038448,0.08849773715649331,0.006607462128158659,0.0026142418085198316,0.020809228997677565,36.05205999101911,28.00419970921108,0.19196597,0.56985044,2.7639165,0.09072062745690346,-0.0003275461494922638,0
0.006378621,0.0025433952,0.020026332,36.048767,28.048584,0.08488421,0.0063557317,0.0025247328,0.019973874,36.048138,28.038448,0.08849773715649331,0.006607462128158659,0.0026142418085198316,0.020809228997677565,36.05205999101911,28.00419970921108,0.19196597,0.56985044,2.7639165,0.09072062745690346,-0.0003275461494922638,0
0.006378621,0.0025433952,0.020026332,36.048767,28.048584,0.08488421,0.0063557317,0.0025247328,0.019973874,36.048138,28.038448,0.08849773715649331,0.006607462128158659,0.0026142418085198316,0.020809228997677565,36.05205999101911,28.00419970921108,0.19196597,0.56985044,2.7639165,0.09072062745690346,-0.0003275461494922638,0
0.006378621,0.0025433952,0.020026332,36.048767,28.048584,0.08488421,0.0063557317,0.0025247328,0.019973874,36.048138,28.038448,0.08849773715649331,0.006607462128158659,0.0026142418085198316,0.020809228997677565,36.05205999101911,28.00419970921108,0.19196597,0.56985044,2.7639165,0.09072062745690346,-0.0003275461494922638,0
0.006378621,0.0025433952,0.020026332,36.048767,28.048584,0.08488421,0.0063557317,0.0025247328,0.019973874,36.048138,28.038448,0.08849773715649331,0.006607462128158659,0.0026142418085198316,0.020809228997677565,36.05205999101911,28.00419970921108,0.19196597,0.56985044,2.7639165,0.09072062745690346,-0.0003275461494922638,0
0.006378621,0.0025433952,0.020026332,36.048767,28.048584,0.08488421,0.0063557317,0.0025247328,0.019973874,36.048138,28.038448,0.08849773715649331,0.006607462128158659,0.0026142418085198316,0.020809228997677565,36.05205999101911,28.00419970921108,0.19196597,0.56985044,2.7639165,0.09072062745690346,-0.0003275461494922638,0
0.006378621,0.0025433952,0.020026332,36.048767,28.048584,0.08488421,0.0063557317,0.0025247328,0.019973874,36.048138,28.038448,0.08849773715649331,0.006607462128158659,0.0026142418085198316,0.020809228997677565,36.05205999101911,28.00419970921108,0.19196597,0.56985044,2.7639165,0.09072062745690346,-0.0003275461494922638,0
0.006378621,0.0025433952,0.020026332,36.048767,28.048584,0.08488421,0.0063557317,0.0025247328,0.019973874,36.048138,28.038448,0.08849773715649331,0.006607462128158659,0.0026142418085198316,0.020809228997677565,36.05205999101911,28.00419970921108,0.19196597,0.56985044,2.7639165,0.09072062745690346,-0.0003275461494922638,0
0.006378621,0.0025433952,0.020026332,36.048767,28.048584,0.08488421,0.0063557317,0.0025247328,0.019973874,36.048138,28.038448,0.08849773715649331,0.006607462128158659,0.0026142418085198316,0.020809228997677565,36.05205999101911,28.00419970921108,0.19196597,0.56985044,2.7639165,0.09072062745690346,-0.0003275461494922638,0
0.006378621,0.0025433952,0.020026332,36.048767,28.048584,0.08488421,0.0063557317,0.0025247328,0.019973874,36.048138,28.038448,0.08849773715649331,0.006607462128158659,0.0026142418085198316,0.020809228997677565,36.05205999101911,28.00419970921108,0.19196597,0.56985044,2.7639165,0.09072062745690346,-0.0003275461494922638,0
0.006378621,0.0025433952,0.020026332,36.048767,28.048584,0.08488421,0.0063557317,0.0025247328,0.019973874,36.048138,28.038448,0.08849773715649331,0.006607462128158659,0.0026142418085198316,0.020809228997677565,36.05205999101911,28.00419970921108,0.19196597,0.56985044,2.7639165,0.09072062745690346,-0.0003275461494922638,0
0.006378621,0.0025433952,0.020026332,36.048767,28.048584,0.08488421,0.0063557317,0.0025247328,0.019973874,36.048138,28.038448,0.08849773715649331,0.006607462128158659,0.0026142418085198316,0.020809228997677565,36.05205999101911,28.00419970921108,0.19196597,0.56985044,2.7639165,0.09072062745690346,-0.0003275461494922638,0
0.006378621,0.0025433952,0.020026332,36.048767,28.048584,0.08488421,0.0063557317,0.0025247328,0.019973874,36.048138,28.038448,0.08849773715649331,0.006607462128158659,0.0026142418085198316,0.020809228997677565,36.05205999101911,28.00419970921108,0.19196597,0.56985044,2.7639165,0.09072062745690346,-0.0003275461494922638,0
0.006378621,0.0025433952,0.020026332,36.048767,28.048584,0.08488421,0.0063557317,0.0025247328,0.019973874,36.048138,28.038448,0.08849773715649331,0.006607462128158659,0.0026142418085198316,0.020809228997677565,36.05205999101911,28.00419970921108,0.19196597,0.56985044,2.7639165,0.09072062745690346,-0.0003275461494922638,0
0.006378621,0.0025433952,0.020026332,36.048767,28.048584,0.08488421,0.0063557317,0.0025247328,0.019973874,36.048138,28.038448,0.08849773715649331,0.006607462128158659,0.0026142418085198316,0.020809228997677565,36.05205999101911,28.00419970921108,0.19196597,0.56985044,2.7639165,0.09072062745690346,-0.0003275461494922638,0
0.006378621,0.0025433952,0.020026332,36.048767,28.048584,0.08488421,0.0063557317,0.0025247328,0.019973874,36.048138,28.038448,0.08849773715649331,0.006607462128158659,0.0026142418085198316,0.020809228997677565,36.05205999101911,28.00419970921108,0.19196597,0.56985044,2.7639165,0.09072062745690346,-0.0003275461494922638,0
0.006378621,0.0025433952,0.020026332,36.048767,28.048584,0.08488421,0.0063557317,0.0025247328,0.019973874,36.048138,28.038448,0.08849773715649331,0.006607462128158659,0.0026142418085198316,0.020809228997677565,36.05205999101911,28.00419970921108,0.19196597,0.56985044,2.7639165,0.09072062745690346,-0.0003275461494922638,0
0.006378621,0.0025433952,0.020026332,36.048767,28.048584,0.08488421,0.0063557317,0.0025247328,0.019973874,36.048138,28.038448,0.08849773715649331,0.006607462128158659,0.0026142418085198316,0.020809228997677565,36.05205999101911,28.00419970921108,0.19196597,0.56985044,2.7639165,0.09072062745690346,-0.0003275461494922638,0
0.006378621,0.0025433952,0.020026332,36.048767,28.048584,0.08488421,0.0063557317,0.0025247328,0.019973874,36.048138,28.038448,0.08849773715649331,0.006607462128158659,0.0026142418085198316,0.020809228997677565,36.05205999101911,28.00419970921108,0.19196597,0.56985044,2.7639165,0.09072062745690346,-0.0003275461494922638,0
0.006378621,0.0025433952,0.020026332,36.048767,28.048584,0.08488421,0.0063557317,0.0025247328,0.019973874,36.048138,28.038448,0.08849773715649331,0.006607462128158659,0.0026142418085198316,0.020809228997677565,36.05205999101911,28.00419970921108,0.19196597,0.56985044,2.7639165,0.09072062745690346,-0.0003275461494922638,0
0.006378621,0.0025433952,0.020026332,36.048767,28.048584,0.08488421,0.0063557317,0.0025247328,0.019973874,36.048138,28.038448,0.08849773715649331,0.006607462128158659,0.0026142418085198316,0.020809228997677565,36.05205999101911,28.00419970921108,0.19196597,0.56985044,2.7639165,0.09072062745690346,-0.0003275461494922638,0
0.006378621,0.0025433952,0.020026332,36.048767,28.048584,0.08488421,0.0063557317,0.0025247328,0.019973874,36.048138,28.038448,0.08849773715649331,0.006607462128158659,0.0026142418085198316,0.020809228997677565,36.05205999101911,28.00419970921108,0.19196597,0.56985044,2.7639165,0.09072062745690346,-0.0003275461494922638,0
0.006378621,0.0025433952,0.020026332,36.048767,28.048584,0.08488421,0.0063557317,0.0025247328,0.019973874,36.048138,28.038448,0.08849773715649331,0.006607462128158659,0.0026142418085198316,0.020809228997677565,36.05205999101911,28.00419970921108,0.19196597,0.56985044,2.7639165,0.09072062745690346,-0.0003275461494922638,0
0.006378621,0.0025433952,0.020026332,36.048767,28.048584,0.08488421,0.0063557317,0.0025247328,0.019973874,36.048138,28.038448,0.08849773715649331,0.006607462128158659,0.0026142418085198316,0.020809228997677565,36.05205999101911,28.00419970921108,0.19196597,0.56985044,2.7639165,0.09072062745690346,-0.0003275461494922638,0
0.006378621,0.0025433952,0.020026332,36.048767,28.048584,0.08488421,0.0063557317,0.0025247328,0.019973874,36.048138,28.038448,0.08849773715649331,0.006607462128158659,0.0026142418085198316,0.020809228997677565,36.05205999101911,28.00419970921108,0.19196597,0.56985044,2.7639165,0.09072062745690346,-0.0003275461494922638,0
0.006378621,0.0025433952,0.020026332,36.048767,28.048584,0.08488421,0.0063557317,0.0025247328,0.019973874,36.048138,28.038448,0.08849773715649331,0.006607462128158659,0.0026142418085198316,0.020809228997677565,36.05205999101911,28.00419970921108,0.19196597,0.56985044,2.7639165,0.09072062745690346,-0.0003275461494922638,0
0.006378621,0.0025433952,0.020026332,36.048767,28.048584,0.08488421,0.0063557317,0.0025247328,0.019973874,36.048138,28.038448,0.08849773715649331,0.006607462128158659,0.0026142418085198316,0.020809228997677565,36.05205999101911,28.00419970921108,0.19196597,0.56985044,2.7639165,0.09072062745690346,-0.0003275461494922638,0
0.006378621,0.0025433952,0.020026332,36.048767,28.048584,0.08488421,0.0063557317,0.0025247328,0.019973874,36.048138,28.038448,0.08849773715649331,0.006607462128158659,0.0026142418085198316,0.020809228997677565,36.05205999101911,28.00419970921108,0.19196597,0.56985044,2.7639165,0.09072062745690346,-0.0003275461494922638,0
0.006378621,0.0025433952,0.020026332,36.048767,28.048584,0.08488421,0.0063557317,0.0025247328,0.019973874,36.048138,28.038448,0.08849773715649331,0.006607462128158659,0.0026142418085198316,0.020809228997677565,36.05205999101911,28.00419970921108,0.19196597,0.56985044,2.7639165,0.09072062745690346,-0.0003275461494922638,0
0.006378621,0.0025433952,0.020026332,36.048767,28.048584,0.08488421,0.0063557317,0.0025247328,0.019973874,36.048138,28.038448,0.08849773715649331,0.006607462128158659,0.0026142418085198316,0.020809228997677565,36.05205999101911,28.00419970921108,0.19196597,0.56985044,2.7639165,0.09072062745690346,-0.0003275461494922638,0
0.006378621,0.0025433952,0.020026332,36.048767,28.048584,0.08488421,0.0063557317,0.0025247328,0.019973874,36.048138,28.038448,0.08849773715649331,0.006607462128158659,0.0026142418085198316,0.020809228997677565,36.05205999101911,28.00419970921108,0.19196597,0.56985044,2.7639165,0.09072062745690346,-0.0003275461494922638,0
0.006378621,0.0025433952,0.020026332,36.048767,28.048584,0.08488421,0.0063557317,0.0025247328,0.019973874,36.048138,28.038448,0.08849773715649331,0.006607462128158659,0.0026142418085198316,0.020809228997677565,36.05205999101911,28.00419970921108,0.19196597,0.56985044,2.7639165,0.09072062745690346,-0.0003275461494922638,0
0.006378621,0.0025433952,0.020026332,36.048767,28.048584,0.08488421,0.0063557317,0.0025247328,0.019973874,36.048138,28.038448,0.08849773715649331,0.006607462128158659,0.0026142418085198316,0.020809228997677565,36.05205999101911,28.00419970921108,0.19196597,0.56985044,2.7639165,0.09072062745690346,-0.0003275461494922638,0
0.006378621,0.0025433952,0.020026332,36.048767,28.048584,0.08488421,0.0063557317,0.0025247328,0.019973874,36.048138,28.038448,0.08849773715649331,0.006607462128158659,0.0026142418085198316,0.020809228997677565,36.05205999101911,28.00419970921108,0.19196597,0.56985044,2.7639165,0.09072062745690346,-0.0003275461494922638,0
0.006378621,0.0025433952,0.020026332,36.048767,28.048584,0.08488421,0.0063557317,0.0025247328,0.019973874,36.048138,28.038448,0.08849773715649331,0.006607462128158659,0.0026142418085198316,0.020809228997677565,36.05205999101911,28.00419970921108,0.19196597,0.56985044,2.7639165,0.09072062745690346,-0.0003275461494922638,0
0.006378621,0.0025433952,0.020026332,36.048767,28.048584,0.08488421,0.0063557317,0.0025247328,0.019973874,36.048138,28.038448,0.08849773715649331,0.006607462128158659,0.0026142418085198316,0.020809228997677565,36.05205999101911,28.00419970921108,0.19196597,0.56985044,2.7639165,0.09072062745690346,-0.0003275461494922638,0
0.006378621,0.0025433952,0.020026332,36.048767,28.048584,0.08488421,0.0063557317,0.0025247328,0.019973874,36.048138,28.038448,0.08849773715649331,0.006607462128158659,0.0026142418085198316,0.020809228997677565,36.05205999101911,28.00419970921108,0.19196597,0.56985044,2.7639165,0.09072062745690346,-0.0003275461494922638,0
0.006378621,0.0025433952,0.020026332,36.048767,28.048584,0.08488421,0.0063557317,0.0025247328,0.019973874,36.048138,28.038448,0.08849773715649331,0.006607462128158659,0.0026142418085198316,0.020809228997677565,36.05205999101911,28.00419970921108,0.19196597,0.56985044,2.7639165,0.09072062745690346,-0.0003275461494922638,0
0.006378621,0.0025433952,0.020026332,36.048767,28.048584,0.08488421,0.0063557317,0.0025247328,0.019973874,36.048138,28.038448,0.08849773715649331,0.006607462128158659,0.0026142418085198316,0.020809228997677565,36.05205999101911,28.00419970921108,0.19196597,0.56985044,2.7639165,0.09072062745690346,-0.0003275461494922638,0
0.006378621,0.0025433952,0.020026332,36.048767,28.048584,0.08488421,0.0063557317,0.0025247328,0.019973874,36.048138,28.038448,0.08849773715649331,0.006607462128158659,0.0026142418085198316,0.020809228997677565,36.05205999101911,28.00419970921108,0.19196597,0.56985044,2.7639165,0.09072062745690346,-0.0003275461494922638,0
0.006378621,0.0025433952,0.020026332,36.048767,28.048584,0.08488421,0.0063557317,0.0025247328,0.019973874,36.048138,28.038448,0.08849773715649331,0.006607462128158659,0.0026142418085198316,0.020809228997677565,36.05205999101911,28.00419970921108,0.19196597,0.56985044,2.7639165,0.09072062745690346,-0.0003275461494922638,0
0.006378621,0.0025433952,0.020026332,36.048767,28.048584,0.08488421,0.0063557317,0.0025247328,0.019973874,36.048138,28.038448,0.08849773715649331,0.006607462128158659,0.0026142418085198316,0.020809228997677565,36.05205999101911,28.00419970921108,0.19196597,0.56985044,2.7639165,0.09072062745690346,-0.0003275461494922638,0
0.006378621,0.0025433952,0.020026332,36.048767,28.048584,0.08488421,0.0063557317,0.0025247328,0.019973874,36.048138,28.038448,0.08849773715649331,0.006607462128158659,0.0026142418085198316,0.020809228997677565,36.05205999101911,28.00419970921108,0.19196597,0.56985044,2.7639165,0.09072062745690346,-0.0003275461494922638,0
0.006378621,0.0025433952,0.020026332,36.048767,28.048584,0.08488421,0.0063557317,0.0025247328,0.019973874,36.048138,28.038448,0.08849773715649331,0.006607462128158659,0.0026142418085198316,0.020809228997677565,36.05205999101911,28.00419970921108,0.19196597,0.56985044,2.7639165,0.09072062745690346,-0.0003275461494922638,0
0.006378621,0.0025433952,0.020026332,36.048767,28.048584,0.08488421,0.0063557317,0.0025247328,0.019973874,36.048138,28.038448,0.08849773715649331,0.006607462128158659,0.0026142418085198316,0.020809228997677565,36.05205999101911,28.00419970921108,0.19196597,0.56985044,2.7639165,0.09072062745690346,-0.0003275461494922638,0
0.006378621,0.0025433952,0.020026332,36.048767,28.048584,0.08488421,0.0063557317,0.0025247328,0.019973874,36.048138,28.038448,0.08849773715649331,0.006607462128158659,0.0026142418085198316,0.020809228997677565,36.05205999101911,28.00419970921108,0.19196597,0.56985044,2.7639165,0.09072062745690346,-0.0003275461494922638,0
0.006378621,0.0025433952,0.020026332,36.048767,28.048584,0.08488421,0.0063557317,0.0025247328,0.019973874,36.048138,28.038448,0.08849773715649331,0.006607462128158659,0.0026142418085198316,0.020809228997677565,36.05205999101911,28.00419970921108,0.19196597,0.56985044,2.7639165,0.09072062745690346,-0.0003275461494922638,0
0.006378621,0.0025433952,0.020026332,36.048767,28.048584,0.08488421,0.0063557317,0.0025247328,0.019973874,36.048138,28.038448,0.08849773715649331,0.006607462128158659,0.0026142418085198316,0.020809228997677565,36.05205999101911,28.00419970921108,0.19196597,0.56985044,2.7639165,0.09072062745690346,-0.0003275461494922638,0
0.006378621,0.0025433952,0.020026332,36.048767,28.048584,0.08488421,0.0063557317,0.0025247328,0.019973874,36.048138,28.038448,0.08849773715649331,0.006607462128158659,0.0026142418085198316,0.020809228997677565,36.05205999101911,28.00419970921108,0.19196597,0.56985044,2.7639165,0.09072062745690346,-0.0003275461494922638,0
0.006378621,0.0025433952,0.020026332,36.048767,28.048584,0.08488421,0.0063557317,0.0025247328,0.019973874,36.048138,28.038448,0.08849773715649331,0.006607462128158659,0.0026142418085198316,0.020809228997677565,36.05205999101911,28.00419970921108,0.19196597,0.56985044,2.7639165,0.09072062745690346,-0.0003275461494922638,0
0.006378621,0.0025433952,0.020026332,36.048767,28.048584,0.08488421,0.0063557317,0.0025247328,0.019973874,36.048138,28.038448,0.08849773715649331,0.006607462128158659,0.0026142418085198316,0.020809228997677565,36.05205999101911,28.00419970921108,0.19196597,0.56985044,2.7639165,0.09072062745690346,-0.0003275461494922638,0
0.0068845213,0.0034311907,0.016080625,36.141106,28.72386,0.06042462,0.006884532,0.0034333186,0.016080668,36.142815,28.845139,0.08849773715649331,0.006607462128158659,0.0026142418085198316,0.020809228997677565,36.05205999101911,28.00419970921108,0.21337421,0.49839205,2.3357651,0.09072062745690346,-0.0003275461494922638,0
0.0062385784,0.0030715466,0.015120042,36.097507,28.604893,0.057588436,0.0062385597,0.0030736648,0.015120047,36.101242,28.729084,0.08849773715649331,0.006607462128158659,0.0026142418085198316,0.020809228997677565,36.05205999101911,28.00419970921108,0.20314406,0.49234718,2.4236357,0.09072062745690346,-0.0003275461494922638,0
0.005230516,0.0026407607,0.013823904,36.10146,28.471424,0.053552628,0.0052304827,0.0026428758,0.01382391,36.10409,28.562304,0.08849773715649331,0.006607462128158659,0.0026142418085198316,0.020809228997677565,36.05205999101911,28.00419970921108,0.19102858,0.5048757,2.6429331,0.09072062745690346,-0.0003275461494922638,0
0.004338389,0.0022684063,0.01293179,36.166603,28.398207,0.05047258,0.0043383758,0.0022705202,0.012931841,36.167797,28.475311,0.08849773715649331,0.006607462128158659,0.0026142418085198316,0.020809228997677565,36.05205999101911,28.00419970921108,0.17541318,0.5228684,2.9807818,0.09072062745690346,-0.0003275461494922638,0
0.0041210586,0.0022297304,0.013264089,36.19823,28.389463,0.050260097,0.0041211024,0.0022318698,0.013264238,36.198727,28.46593,0.08849773715649331,0.006607462128158659,0.0026142418085198316,0.020809228997677565,36.05205999101911,28.00419970921108,0.16810279,0.54105765,3.218612,0.09072062745690346,-0.0003275461494922638,0
0.004831825,0.002673117,0.015170072,36.173153,28.37783,0.05344693,0.0048319283,0.0026752949,0.015170315,36.17318,28.472073,0.08849773715649331,0.006607462128158659,0.0026142418085198316,0.020809228997677565,36.05205999101911,28.00419970921108,0.17620991,0.55323136,3.1396155,0.09072062745690346,-0.0003275461494922638,0
0.0062357313,0.0034081445,0.018259104,36.129517,28.367891,0.059056766,0.006235863,0.0034103382,0.01825938,36.13049,28.486227,0.08849773715649331,0.006607462128158659,0.0026142418085198316,0.020809228997677565,36.05205999101911,28.00419970921108,0.18665452,0.54655087,2.9281416,0.09072062745690346,-0.0003275461494922638,0
0.007734738,0.0039877845,0.02156242,36.094265,28.370602,0.06527183,0.007734852,0.003989949,0.021562647,36.09485,28.52376,0.08849773715649331,0.006607462128158659,0.0026142418085198316,0.020809228997677565,36.05205999101911,28.00419970921108,0.18494141,0.51556814,2.7877376,0.09072062745690346,-0.0003275461494922638,0
0.008797974,0.0041431324,0.024042614,36.062275,28.374882,0.07030264,0.008798062,0.004145269,0.024042757,36.063797,28.55222,0.08849773715649331,0.006607462128158659,0.0026142418085198316,0.020809228997677565,36.05205999101911,28.00419970921108,0.17232454,0.4709189,2.7327442,0.09072062745690346,-0.0003275461494922638,0
0.009072635,0.0039231945,0.02484225,36.051132,28.40787,0.07261695,0.009072686,0.0039253137,0.02484229,36.054996,28.585127,0.08849773715649331,0.006607462128158659,0.0026142418085198316,0.020809228997677565,36.05205999101911,28.00419970921108,0.15792428,0.4324206,2.7381513,0.09072062745690346,-0.0003275461494922638,0
0.006378621,0.0025433952,0.020026332,36.048767,28.048584,0.08488421,0.0063557317,0.0025247328,0.019973874,36.048138,28.038448,0.08849773715649331,0.006607462128158659,0.0026142418085198316,0.020809228997677565,36.05205999101911,28.00419970921108,0.19196597,0.56985044,2.7639165,0.09072062745690346,-0.0003275461494922638,0
0.006378621,0.0025433952,0.020026332,36.048767,28.048584,0.08488421,0.0063557317,0.0025247328,0.019973874,36.048138,28.038448,0.08849773715649331,0.006607462128158659,0.0026142418085198316,0.020809228997677565,36.05205999101911,28.00419970921108,0.19196597,0.56985044,2.7639165,0.09072062745690346,-0.0003275461494922638,0
0.006378621,0.0025433952,0.020026332,36.048767,28.048584,0.08488421,0.0063557317,0.0025247328,0.019973874,36.048138,28.038448,0.08849773715649331,0.006607462128158659,0.0026142418085198316,0.020809228997677565,36.05205999101911,28.00419970921108,0.19196597,0.56985044,2.7639165,0.09072062745690346,-0.0003275461494922638,0
0.006510423,0.0031965112,0.015618772,36.135674,28.627052,0.059268057,0.0065103774,0.0031985545,0.01561868,36.137627,28.713907,0.08849773715649331,0.006607462128158659,0.0026142418085198316,0.020809228997677565,36.05205999101911,28.00419970921108,0.20465828,0.49098364,2.3990412,0.09072062745690346,-0.0003275461494922638,0
0.005898169,0.0026645411,0.01473727,36.102814,28.586515,0.056963187,0.0058981283,0.0026666184,0.0147372205,36.105427,28.668558,0.08849773715649331,0.006607462128158659,0.0026142418085198316,0.020809228997677565,36.05205999101911,28.00419970921108,0.1808029,0.45175734,2.498618,0.09072062745690346,-0.0003275461494922638,0
0.004919817,0.0019100289,0.01345188,36.085938,28.469376,0.05355838,0.0049197655,0.0019120787,0.013451835,36.08825,28.547218,0.08849773715649331,0.006607462128158659,0.0026142418085198316,0.020809228997677565,36.05205999101911,28.00419970921108,0.14198974,0.38823166,2.7342236,0.09072062745690346,-0.0003275461494922638,0
0.0041903304,0.0012863451,0.01279752,36.118565,28.405712,0.051304426,0.004190322,0.0012884054,0.012797565,36.119617,28.467249,0.08849773715649331,0.006607462128158659,0.0026142418085198316,0.020809228997677565,36.05205999101911,28.00419970921108,0.10051519,0.3069794,3.0540597,0.09072062745690346,-0.0003275461494922638,0
0.004504299,0.001742663,0.013992878,36.152843,28.377039,0.05243972,0.004504397,0.0017448429,0.013993105,36.15302,28.441486,0.08849773715649331,0.006607462128158659,0.0026142418085198316,0.020809228997677565,36.05205999101911,28.00419970921108,0.124539286,0.38688886,3.1065607,0.09072062745690346,-0.0003275461494922638,0
0.006141358,0.0034809457,0.01738959,36.144398,28.366056,0.057553396,0.006141567,0.0034832836,0.017389981,36.144707,28.433792,0.08849773715649331,0.006607462128158659,0.0026142418085198316,0.020809228997677565,36.05205999101911,28.00419970921108,0.20017411,0.56680393,2.8315544,0.09072062745690346,-0.0003275461494922638,0
0.008457464,0.0053998223,0.02202202,36.109264,28.350065,0.065117106,0.008457721,0.0054021967,0.022022478,36.107758,28.450712,0.08849773715649331,0.006607462128158659,0.0026142418085198316,0.020809228997677565,36.05205999101911,28.00419970921108,0.24520104,0.63846827,2.603856,0.09072062745690346,-0.0003275461494922638,0
0.010243708,0.0060651074,0.026097259,36.069386,28.372007,0.07235514,0.010243879,0.0060673147,0.026097577,36.067852,28.503212,0.08849773715649331,0.006607462128158659,0.0026142418085198316,0.020809228997677565,36.05205999101911,28.00419970921108,0.23240401,0.59208125,2.5476377,0.09072062745690346,-0.0003275461494922638,0
0.011069239,0.0056213597,0.028465552,36.040188,28.40772,0.07732116,0.011069346,0.005623497,0.028465718,36.042057,28.558313,0.08849773715649331,0.006607462128158659,0.0026142418085198316,0.020809228997677565,36.05205999101911,28.00419970921108,0.19747938,0.50783616,2.5715907,0.09072062745690346,-0.0003275461494922638,0
0.010748598,0.004686339,0.02828162,36.043736,28.46304,0.078366764,0.010748651,0.0046884487,0.028281648,36.047462,28.61747,0.08849773715649331,0.006607462128158659,0.0026142418085198316,0.020809228997677565,36.05205999101911,28.00419970921108,0.16570263,0.43599537,2.6311915,0.09072062745690346,-0.0003275461494922638,0
0.006378621,0.0025433952,0.020026332,36.048767,28.048584,0.08488421,0.0063557317,0.0025247328,0.019973874,36.048138,28.038448,0.08849773715649331,0.006607462128158659,0.0026142418085198316,0.020809228997677565,36.05205999101911,28.00419970921108,0.19196597,0.56985044,2.7639165,0.09072062745690346,-0.0003275461494922638,0
0.006378621,0.0025433952,0.020026332,36.048767,28.048584,0.08488421,0.0063557317,0.0025247328,0.019973874,36.048138,28.038448,0.08849773715649331,0.006607462128158659,0.0026142418085198316,0.020809228997677565,36.05205999101911,28.00419970921108,0.19196597,0.56985044,2.7639165,0.09072062745690346,-0.0003275461494922638,0
0.006378621,0.0025433952,0.020026332,36.048767,28.048584,0.08488421,0.0063557317,0.0025247328,0.019973874,36.048138,28.038448,0.08849773715649331,0.006607462128158659,0.0026142418085198316,0.020809228997677565,36.05205999101911,28.00419970921108,0.19196597,0.56985044,2.7639165,0.09072062745690346,-0.0003275461494922638,0
0.005361648,0.0015472614,0.01322658,36.152145,28.658382,0.05716618,0.005361587,0.0015492978,0.013226502,36.151592,28.730165,0.08849773715649331,0.006607462128158659,0.0026142418085198316,0.020809228997677565,36.05205999101911,28.00419970921108,0.116981216,0.28857946,2.466887,0.09072062745690346,-0.0003275461494922638,0
0.0047465414,0.0006922857,0.012565042,36.11541,28.575598,0.05532279,0.0047465465,0.00069433247,0.012565067,36.117016,28.63594,0.08849773715649331,0.006607462128158659,0.0026142418085198316,0.020809228997677565,36.05205999101911,28.00419970921108,0.05509617,0.14585055,2.6471994,0.09072062745690346,-0.0003275461494922638,0
0.004041121,1e-11,0.011948194,36.082977,28.454086,0.053216074,0.00404111,1e-11,0.011948232,36.08502,28.519072,0.08849773715649331,0.006607462128158659,0.0026142418085198316,0.020809228997677565,36.05205999101911,28.00419970921108,8.3694657e-10,2.474561e-09,2.9566536,0.09072062745690346,-0.0003275461494922638,0
0.0042186105,0.00011390764,0.01286454,36.086502,28.389866,0.05333669,0.004218707,0.000115797506,0.012864764,36.08791,28.449461,0.08849773715649331,0.006607462128158659,0.0026142418085198316,0.020809228997677565,36.05205999101911,28.00419970921108,0.008854389,0.027001223,3.0494733,0.09072062745690346,-0.0003275461494922638,0
0.0062177456,0.0032949515,0.01660788,36.10086,28.35579,0.057781376,0.006218062,0.0032975362,0.016608417,36.10144,28.414495,0.08849773715649331,0.006607462128158659,0.0026142418085198316,0.020809228997677565,36.05205999101911,28.00419970921108,0.19839688,0.529927,2.6710453,0.09072062745690346,-0.0003275461494922638,0
0.009830169,0.0084585855,0.022742756,36.08385,28.348488,0.06622742,0.009830716,0.008461629,0.022743547,36.082428,28.427063,0.08849773715649331,0.006607462128158659,0.0026142418085198316,0.020809228997677565,36.05205999101911,28.00419970921108,0.3719244,0.860472,2.313567,0.09072062745690346,-0.0003275461494922638,0
0.013064982,0.011454394,0.028716223,36.0417,28.401285,0.07532183,0.013065407,0.011457003,0.028716866,36.038315,28.502516,0.08849773715649331,0.006607462128158659,0.0026142418085198316,0.020809228997677565,36.05205999101911,28.00419970921108,0.39888233,0.8767248,2.1979535,0.09072062745690346,-0.0003275461494922638,0
0.0139463935,0.010222235,0.032012343,36.01188,28.434927,0.081435174,0.013946592,0.010224446,0.032012675,36.011845,28.557486,0.08849773715649331,0.006607462128158659,0.0026142418085198316,0.020809228997677565,36.05205999101911,28.00419970921108,0.31932166,0.7329662,2.2953851,0.09072062745690346,-0.0003275461494922638,0
0.013505053,0.0077502043,0.032817017,36.020386,28.490171,0.08420976,0.013505183,0.0077523226,0.032817185,36.02383,28.625292,0.08849773715649331,0.006607462128158659,0.0026142418085198316,0.020809228997677565,36.05205999101911,28.00419970921108,0.23616418,0.5738744,2.4299808,0.09072062745690346,-0.0003275461494922638,0
0.011917729,0.0053613945,0.030558867,36.04287,28.537825,0.08226621,0.011917763,0.005363445,0.03055885,36.04902,28.671322,0.08849773715649331,0.006607462128158659,0.0026142418085198316,0.020809228997677565,36.05205999101911,28.00419970921108,0.1754448,0.44986713,2.564152,0.09072062745690346,-0.0003275461494922638,0
0.006378621,0.0025433952,0.020026332,36.048767,28.048584,0.08488421,0.0063557317,0.0025247328,0.019973874,36.048138,28.038448,0.08849773715649331,0.006607462128158659,0.0026142418085198316,0.020809228997677565,36.05205999101911,28.00419970921108,0.19196597,0.56985044,2.7639165,0.09072062745690346,-0.0003275461494922638,0
0.006378621,0.0025433952,0.020026332,36.048767,28.048584,0.08488421,0.0063557317,0.0025247328,0.019973874,36.048138,28.038448,0.08849773715649331,0.006607462128158659,0.0026142418085198316,0.020809228997677565,36.05205999101911,28.00419970921108,0.19196597,0.56985044,2.7639165,0.09072062745690346,-0.0003275461494922638,0
0.006378621,0.0025433952,0.020026332,36.048767,28.048584,0.08488421,0.0063557317,0.0025247328,0.019973874,36.048138,28.038448,0.08849773715649331,0.006607462128158659,0.0026142418085198316,0.020809228997677565,36.05205999101911,28.00419970921108,0.19196597,0.56985044,2.7639165,0.09072062745690346,-0.0003275461494922638,0
0.0051958994,1e-11,0.013004766,36.131485,28.734974,0.059000004,0.005196071,1e-11,0.013005141,36.132698,28.816603,0.08849773715649331,0.006607462128158659,0.0026142418085198316,0.020809228997677565,36.05205999101911,28.00419970921108,7.6894885e-10,1.9245947e-09,2.5028903,0.09072062745690346,-0.0003275461494922638,0
0.0049674655,1e-11,0.013219982,36.118835,28.571064,0.05821411,0.00496753,1e-11,0.013220129,36.12078,28.638496,0.08849773715649331,0.006607462128158659,0.0026142418085198316,0.020809228997677565,36.05205999101911,28.00419970921108,7.5643064e-10,2.013099e-09,2.6613133,0.09072062745690346,-0.0003275461494922638,0
0.0053141383,0.0007122138,0.014407537,36.09129,28.422606,0.058297683,0.0053142915,0.00071435334,0.014407845,36.09353,28.490557,0.08849773715649331,0.006607462128158659,0.0026142418085198316,0.020809228997677565,36.05205999101911,28.00419970921108,0.049433418,0.13402244,2.711171,0.09072062745690346,-0.0003275461494922638,0
0.007829087,0.0063025774,0.018530576,36.084427,28.367815,0.062281523,0.007829517,0.0063055903,0.018531248,36.08604,28.429688,0.08849773715649331,0.006607462128158659,0.0026142418085198316,0.020809228997677565,36.05205999101911,28.00419970921108,0.34011775,0.80502075,2.3668885,0.09072062745690346,-0.0003275461494922638,0
0.013082642,0.0172539,0.026086623,36.064415,28.374363,0.0712037,0.013083719,0.017258946,0.02608795,36.06276,28.455526,0.08849773715649331,0.006607462128158659,0.0026142418085198316,0.020809228997677565,36.05205999101911,28.00419970921108,0.66140795,1.3188391,1.9939873,0.09072062745690346,-0.0003275461494922638,0
0.019080093,0.026201917,0.034413744,36.003056,28.46319,0.082227334,0.01908109,0.02620588,0.034414917,35.99687,28.558737,0.08849773715649331,0.006607462128158659,0.0026142418085198316,0.020809228997677565,36.05205999101911,28.00419970921108,0.7613794,1.3732594,1.8036466,0.09072062745690346,-0.0003275461494922638,0
0.021536747,0.025140181,0.039073706,35.97062,28.513954,0.08971263,0.021537408,0.02514312,0.03907443,35.96641,28.623344,0.08849773715649331,0.006607462128158659,0.0026142418085198316,0.020809228997677565,36.05205999101911,28.00419970921108,0.64340407,1.1673156,1.8142807,0.09072062745690346,-0.0003275461494922638,0
0.018449131,0.016066497,0.038370468,35.984352,28.481003,0.090804785,0.018449334,0.016068604,0.03837069,35.986843,28.614649,0.08849773715649331,0.006607462128158659,0.0026142418085198316,0.020809228997677565,36.05205999101911,28.00419970921108,0.4187204,0.87085384,2.079798,0.09072062745690346,-0.0003275461494922638,0
0.016495159,0.010657412,0.037728954,36.021,28.502226,0.09144896,0.016495358,0.0106595615,0.037729137,36.027157,28.666132,0.08849773715649331,0.006607462128158659,0.0026142418085198316,0.020809228997677565,36.05205999101911,28.00419970921108,0.28247303,0.6460933,2.2872744,0.09072062745690346,-0.0003275461494922638,0
0.006378621,0.0025433952,0.020026332,36.048767,28.048584,0.08488421,0.0063557317,0.0025247328,0.019973874,36.048138,28.038448,0.08849773715649331,0.006607462128158659,0.0026142418085198316,0.020809228997677565,36.05205999101911,28.00419970921108,0.19196597,0.56985044,2.7639165,0.09072062745690346,-0.0003275461494922638,0
0.006378621,0.0025433952,0.020026332,36.048767,28.048584,0.08488421,0.0063557317,0.0025247328,0.019973874,36.048138,28.038448,0.08849773715649331,0.006607462128158659,0.0026142418085198316,0.020809228997677565,36.05205999101911,28.00419970921108,0.19196597,0.56985044,2.7639165,0.09072062745690346,-0.0003275461494922638,0
0.006378621,0.0025433952,0.020026332,36.048767,28.048584,0.08488421,0.0063557317,0.0025247328,0.019973874,36.048138,28.038448,0.08849773715649331,0.006607462128158659,0.0026142418085198316,0.020809228997677565,36.05205999101911,28.00419970921108,0.19196597,0.56985044,2.7639165,0.09072062745690346,-0.0003275461494922638,0
0.006378621,0.0025433952,0.020026332,36.048767,28.048584,0.08488421,0.0063557317,0.0025247328,0.019973874,36.048138,28.038448,0.08849773715649331,0.006607462128158659,0.0026142418085198316,0.020809228997677565,36.05205999101911,28.00419970921108,0.19196597,0.56985044,2.7639165,0.09072062745690346,-0.0003275461494922638,0
0.009872987,0.001347642,0.021145998,36.060524,28.986818,0.06971922,0.009873182,0.0013511708,0.021146324,36.060143,29.02221,0.08849773715649331,0.006607462128158659,0.0026142418085198316,0.020809228997677565,36.05205999101911,28.00419970921108,0.06373036,0.1364979,2.1418035,0.09072062745690346,-0.0003275461494922638,0
0.011013981,0.01583415,0.023407966,36.094776,28.634945,0.070272334,0.011014631,0.015837992,0.023408877,36.095768,28.712448,0.08849773715649331,0.006607462128158659,0.0026142418085198316,0.020809228997677565,36.05205999101911,28.00419970921108,0.67644286,1.437641,2.1252956,0.09072062745690346,-0.0003275461494922638,0
0.013731166,0.03137875,0.027596027,36.085014,28.43467,0.07317878,0.013731897,0.03138412,0.027597114,36.087975,28.52216,0.08849773715649331,0.006607462128158659,0.0026142418085198316,0.020809228997677565,36.05205999101911,28.00419970921108,1.137075,2.285221,2.0097365,0.09072062745690346,-0.0003275461494922638,0
0.020065157,0.04865985,0.035037365,36.049347,28.425562,0.08087373,0.020066598,0.048668068,0.035039138,36.044376,28.523153,0.08849773715649331,0.006607462128158659,0.0026142418085198316,0.020809228997677565,36.05205999101911,28.00419970921108,1.3887988,2.425092,1.7461795,0.09072062745690346,-0.0003275461494922638,0
0.028895503,0.06551608,0.044511285,35.955242,28.54266,0.09216285,0.028897284,0.06552362,0.04451324,35.930004,28.645405,0.08849773715649331,0.006607462128158659,0.0026142418085198316,0.020809228997677565,36.05205999101911,28.00419970921108,1.4718981,2.2673452,1.5404226,0.09072062745690346,-0.0003275461494922638,0
0.034858402,0.06519504,0.050795026,35.906612,28.626522,0.10151782,0.034859672,0.06519964,0.05079623,35.888077,28.743946,0.08849773715649331,0.006607462128158659,0.0026142418085198316,0.020809228997677565,36.05205999101911,28.00419970921108,1.2834926,1.8702819,1.4571817,0.09072062745690346,-0.0003275461494922638,0
0.034198653,0.049481064,0.050934557,35.94392,28.56484,0.10412031,0.03419921,0.049483616,0.050934985,35.937683,28.694391,0.08849773715649331,0.006607462128158659,0.0026142418085198316,0.020809228997677565,36.05205999101911,28.00419970921108,0.9714635,1.4468718,1.4893732,0.09072062745690346,-0.0003275461494922638,0
0.006378621,0.0025433952,0.020026332,36.048767,28.048584,0.08488421,0.0063557317,0.0025247328,0.019973874,36.048138,28.038448,0.08849773715649331,0.006607462128158659,0.0026142418085198316,0.020809228997677565,36.05205999101911,28.00419970921108,0.19196597,0.56985044,2.7639165,0.09072062745690346,-0.0003275461494922638,0
0.006378621,0.0025433952,0.020026332,36.048767,28.048584,0.08488421,0.0063557317,0.0025247328,0.019973874,36.048138,28.038448,0.08849773715649331,0.006607462128158659,0.0026142418085198316,0.020809228997677565,36.05205999101911,28.00419970921108,0.19196597,0.56985044,2.7639165,0.09072062745690346,-0.0003275461494922638,0
0.006378621,0.0025433952,0.020026332,36.048767,28.048584,0.08488421,0.0063557317,0.0025247328,0.019973874,36.048138,28.038448,0.08849773715649331,0.006607462128158659,0.0026142418085198316,0.020809228997677565,36.05205999101911,28.00419970921108,0.19196597,0.56985044,2.7639165,0.09072062745690346,-0.0003275461494922638,0
0.006378621,0.0025433952,0.020026332,36.048767,28.048584,0.08488421,0.0063557317,0.0025247328,0.019973874,36.048138,28.038448,0.08849773715649331,0.006607462128158659,0.0026142418085198316,0.020809228997677565,36.05205999101911,28.00419970921108,0.19196597,0.56985044,2.7639165,0.09072062745690346,-0.0003275461494922638,0
0.006378621,0.0025433952,0.020026332,36.048767,28.048584,0.08488421,0.0063557317,0.0025247328,0.019973874,36.048138,28.038448,0.08849773715649331,0.006607462128158659,0.0026142418085198316,0.020809228997677565,36.05205999101911,28.00419970921108,0.19196597,0.56985044,2.7639165,0.09072062745690346,-0.0003275461494922638,0
0.006378621,0.0025433952,0.020026332,36.048767,28.048584,0.08488421,0.0063557317,0.0025247328,0.019973874,36.048138,28.038448,0.08849773715649331,0.006607462128158659,0.0026142418085198316,0.020809228997677565,36.05205999101911,28.00419970921108,0.19196597,0.56985044,2.7639165,0.09072062745690346,-0.0003275461494922638,0
0.020101545,0.03790213,0.035543866,35.967175,29.054178,0.08409341,0.020101462,0.037904438,0.035543825,35.97052,29.121548,0.08849773715649331,0.006607462128158659,0.0026142418085198316,0.020809228997677565,36.05205999101911,28.00419970921108,1.0663481,1.8855332,1.7682157,0.09072062745690346,-0.0003275461494922638,0
0.02742103,0.111051865,0.046881348,36.004807,28.740377,0.090003565,0.027421894,0.11105797,0.046882518,36.004337,28.806995,0.08849773715649331,0.006607462128158659,0.0026142418085198316,0.020809228997677565,36.05205999101911,28.00419970921108,2.3687856,4.0498796,1.7096859,0.09072062745690346,-0.0003275461494922638,0
0.0332329,0.1583081,0.055473246,35.952602,28.570528,0.09539852,0.033234753,0.15832724,0.055476166,35.913837,28.648933,0.08849773715649331,0.006607462128158659,0.0026142418085198316,0.020809228997677565,36.05205999101911,28.00419970921108,2.853774,4.7635956,1.6692266,0.09072062745690346,-0.0003275461494922638,0
0.041338086,0.16764942,0.06237995,35.86981,28.653368,0.10391553,0.0413402,0.16766286,0.062382486,35.8024,28.708818,0.08849773715649331,0.006607462128158659,0.0026142418085198316,0.020809228997677565,36.05205999101911,28.00419970921108,2.687553,4.0555677,1.5090188,0.09072062745690346,-0.0003275461494922638,0
0.049160503,0.15992145,0.06786896,35.826912,28.753668,0.1129625,0.049162325,0.15993029,0.06787079,35.761627,28.864597,0.08849773715649331,0.006607462128158659,0.0026142418085198316,0.020809228997677565,36.05205999101911,28.00419970921108,2.3563268,3.2530475,1.3805587,0.09072062745690346,-0.0003275461494922638,0
0.050901398,0.12548132,0.06687353,35.87448,28.698248,0.11657936,0.05090229,0.12548485,0.06687417,35.84052,28.852673,0.08849773715649331,0.006607462128158659,0.0026142418085198316,0.020809228997677565,36.05205999101911,28.00419970921108,1.8763975,2.4651842,1.3137857,0.09072062745690346,-0.0003275461494922638,0
0.006378621,0.0025433952,0.020026332,36.048767,28.048584,0.08488421,0.0063557317,0.0025247328,0.019973874,36.048138,28.038448,0.08849773715649331,0.006607462128158659,0.0026142418085198316,0.020809228997677565,36.05205999101911,28.00419970921108,0.19196597,0.56985044,2.7639165,0.09072062745690346,-0.0003275461494922638,0
0.006378621,0.0025433952,0.020026332,36.048767,28.048584,0.08488421,0.0063557317,0.0025247328,0.019973874,36.048138,28.038448,0.08849773715649331,0.006607462128158659,0.0026142418085198316,0.020809228997677565,36.05205999101911,28.00419970921108,0.19196597,0.56985044,2.7639165,0.09072062745690346,-0.0003275461494922638,0
0.006378621,0.0025433952,0.020026332,36.048767,28.048584,0.08488421,0.0063557317,0.0025247328,0.019973874,36.048138,28.038448,0.08849773715649331,0.006607462128158659,0.0026142418085198316,0.020809228997677565,36.05205999101911,28.00419970921108,0.19196597,0.56985044,2.7639165,0.09072062745690346,-0.0003275461494922638,0
0.006378621,0.0025433952,0.020026332,36.048767,28.048584,0.08488421,0.0063557317,0.0025247328,0.019973874,36.048138,28.038448,0.08849773715649331,0.006607462128158659,0.0026142418085198316,0.020809228997677565,36.05205999101911,28.00419970921108,0.19196597,0.56985044,2.7639165,0.09072062745690346,-0.0003275461494922638,0
0.006378621,0.0025433952,0.020026332,36.048767,28.048584,0.08488421,0.0063557317,0.0025247328,0.019973874,36.048138,28.038448,0.08849773715649331,0.006607462128158659,0.0026142418085198316,0.020809228997677565,36.05205999101911,28.00419970921108,0.19196597,0.56985044,2.7639165,0.09072062745690346,-0.0003275461494922638,0
0.006378621,0.0025433952,0.020026332,36.048767,28.048584,0.08488421,0.0063557317,0.0025247328,0.019973874,36.048138,28.038448,0.08849773715649331,0.006607462128158659,0.0026142418085198316,0.020809228997677565,36.05205999101911,28.00419970921108,0.19196597,0.56985044,2.7639165,0.09072062745690346,-0.0003275461494922638,0
0.006378621,0.0025433952,0.020026332,36.048767,28.048584,0.08488421,0.0063557317,0.0025247328,0.019973874,36.048138,28.038448,0.08849773715649331,0.006607462128158659,0.0026142418085198316,0.020809228997677565,36.05205999101911,28.00419970921108,0.19196597,0.56985044,2.7639165,0.09072062745690346,-0.0003275461494922638,0
0.006378621,0.0025433952,0.020026332,36.048767,28.048584,0.08488421,0.0063557317,0.0025247328,0.019973874,36.048138,28.038448,0.08849773715649331,0.006607462128158659,0.0026142418085198316,0.020809228997677565,36.05205999101911,28.00419970921108,0.19196597,0.56985044,2.7639165,0.09072062745690346,-0.0003275461494922638,0
0.04888762,0.32497796,0.082631595,35.95317,28.767237,0.110534005,0.04888832,0.3249915,0.08263313,35.909958,28.842312,0.08849773715649331,0.006607462128158659,0.0026142418085198316,0.020809228997677565,36.05205999101911,28.00419970921108,3.9328535,6.647449,1.6902355,0.09072062745690346,-0.0003275461494922638,0
0.052659146,0.39267933,0.092139825,35.99748,28.801899,0.11424564,0.05265991,0.3931178,0.09218465,35.41152,28.756311,0.08849773715649331,0.006607462128158659,0.0026142418085198316,0.020809228997677565,36.05205999101911,28.00419970921108,4.2617764,7.4570017,1.7497402,0.09072062745690346,-0.0003275461494922638,0
0.058971044,0.3313272,0.09039393,35.93597,28.851566,0.12064179,0.058972016,0.33134365,0.09039595,35.535275,28.798277,0.08849773715649331,0.006607462128158659,0.0026142418085198316,0.020809228997677565,36.05205999101911,28.00419970921108,3.66537,5.6184726,1.5328528,0.09072062745690346,-0.0003275461494922638,0
0.06429188,0.2852077,0.08964111,35.861874,28.945099,0.12619404,0.06429295,0.28521636,0.089642346,35.616245,28.910368,0.08849773715649331,0.006607462128158659,0.0026142418085198316,0.020809228997677565,36.05205999101911,28.00419970921108,3.1816618,4.4361386,1.3942835,0.09072062745690346,-0.0003275461494922638,0
0.006378621,0.0025433952,0.020026332,36.048767,28.048584,0.08488421,0.0063557317,0.0025247328,0.019973874,36.048138,28.038448,0.08849773715649331,0.006607462128158659,0.0026142418085198316,0.020809228997677565,36.05205999101911,28.00419970921108,0.19196597,0.56985044,2.7639165,0.09072062745690346,-0.0003275461494922638,0
0.006378621,0.0025433952,0.020026332,36.048767,28.048584,0.08488421,0.0063557317,0.0025247328,0.019973874,36.048138,28.038448,0.08849773715649331,0.006607462128158659,0.0026142418085198316,0.020809228997677565,36.05205999101911,28.00419970921108,0.19196597,0.56985044,2.7639165,0.09072062745690346,-0.0003275461494922638,0
0.006378621,0.0025433952,0.020026332,36.048767,28.048584,0.08488421,0.0063557317,0.0025247328,0.019973874,36.048138,28.038448,0.08849773715649331,0.006607462128158659,0.0026142418085198316,0.020809228997677565,36.05205999101911,28.00419970921108,0.19196597,0.56985044,2.7639165,0.09072062745690346,-0.0003275461494922638,0
0.006378621,0.0025433952,0.020026332,36.048767,28.048584,0.08488421,0.0063557317,0.0025247328,0.019973874,36.048138,28.038448,0.08849773715649331,0.006607462128158659,0.0026142418085198316,0.020809228997677565,36.05205999101911,28.00419970921108,0.19196597,0.56985044,2.7639165,0.09072062745690346,-0.0003275461494922638,0
0.006378621,0.0025433952,0.020026332,36.048767,28.048584,0.08488421,0.0063557317,0.0025247328,0.019973874,36.048138,28.038448,0.08849773715649331,0.006607462128158659,0.0026142418085198316,0.020809228997677565,36.05205999101911,28.00419970921108,0.19196597,0.56985044,2.7639165,0.09072062745690346,-0.0003275461494922638,0
0.006378621,0.0025433952,0.020026332,36.048767,28.048584,0.08488421,0.0063557317,0.0025247328,0.019973874,36.048138,28.038448,0.08849773715649331,0.006607462128158659,0.0026142418085198316,0.020809228997677565,36.05205999101911,28.00419970921108,0.19196597,0.56985044,2.7639165,0.09072062745690346,-0.0003275461494922638,0
0.006378621,0.0025433952,0.020026332,36.048767,28.048584,0.08488421,0.0063557317,0.0025247328,0.019973874,36.048138,28.038448,0.08849773715649331,0.006607462128158659,0.0026142418085198316,0.020809228997677565,36.05205999101911,28.00419970921108,0.19196597,0.56985044,2.7639165,0.09072062745690346,-0.0003275461494922638,0
0.006378621,0.0025433952,0.020026332,36.048767,28.048584,0.08488421,0.0063557317,0.0025247328,0.019973874,36.048138,28.038448,0.08849773715649331,0.006607462128158659,0.0026142418085198316,0.020809228997677565,36.05205999101911,28.00419970921108,0.19196597,0.56985044,2.7639165,0.09072062745690346,-0.0003275461494922638,0
0.006378621,0.0025433952,0.020026332,36.048767,28.048584,0.08488421,0.0063557317,0.0025247328,0.019973874,36.048138,28.038448,0.08849773715649331,0.006607462128158659,0.0026142418085198316,0.020809228997677565,36.05205999101911,28.00419970921108,0.19196597,0.56985044,2.7639165,0.09072062745690346,-0.0003275461494922638,0
0.006378621,0.0025433952,0.020026332,36.048767,28.048584,0.08488421,0.0063557317,0.0025247328,0.019973874,36.048138,28.038448,0.08849773715649331,0.006607462128158659,0.0026142418085198316,0.020809228997677565,36.05205999101911,28.00419970921108,0.19196597,0.56985044,2.7639165,0.09072062745690346,-0.0003275461494922638,0
0.006378621,0.0025433952,0.020026332,36.048767,28.048584,0.08488421,0.0063557317,0.0025247328,0.019973874,36.048138,28.038448,0.08849773715649331,0.006607462128158659,0.0026142418085198316,0.020809228997677565,36.05205999101911,28.00419970921108,0.19196597,0.56985044,2.7639165,0.09072062745690346,-0.0003275461494922638,0
0.006378621,0.0025433952,0.020026332,36.048767,28.048584,0.08488421,0.0063557317,0.0025247328,0.019973874,36.048138,28.038448,0.08849773715649331,0.006607462128158659,0.0026142418085198316,0.020809228997677565,36.05205999101911,28.00419970921108,0.19196597,0.56985044,2.7639165,0.09072062745690346,-0.0003275461494922638,0
0.006378621,0.0025433952,0.020026332,36.048767,28.048584,0.08488421,0.0063557317,0.0025247328,0.019973874,36.048138,28.038448,0.08849773715649331,0.006607462128158659,0.0026142418085198316,0.020809228997677565,36.05205999101911,28.00419970921108,0.19196597,0.56985044,2.7639165,0.09072062745690346,-0.0003275461494922638,0
0.006378621,0.0025433952,0.020026332,36.048767,28.048584,0.08488421,0.0063557317,0.0025247328,0.019973874,36.048138,28.038448,0.08849773715649331,0.006607462128158659,0.0026142418085198316,0.020809228997677565,36.05205999101911,28.00419970921108,0.19196597,0.56985044,2.7639165,0.09072062745690346,-0.0003275461494922638,0
0.006378621,0.0025433952,0.020026332,36.048767,28.048584,0.08488421,0.0063557317,0.0025247328,0.019973874,36.048138,28.038448,0.08849773715649331,0.006607462128158659,0.0026142418085198316,0.020809228997677565,36.05205999101911,28.00419970921108,0.19196597,0.56985044,2.7639165,0.09072062745690346,-0.0003275461494922638,0
0.006378621,0.0025433952,0.020026332,36.048767,28.048584,0.08488421,0.0063557317,0.0025247328,0.019973874,36.048138,28.038448,0.08849773715649331,0.006607462128158659,0.0026142418085198316,0.020809228997677565,36.05205999101911,28.00419970921108,0.19196597,0.56985044,2.7639165,0.09072062745690346,-0.0003275461494922638,0
0.006378621,0.0025433952,0.020026332,36.048767,28.048584,0.08488421,0.0063557317,0.0025247328,0.019973874,36.048138,28.038448,0.08849773715649331,0.006607462128158659,0.0026142418085198316,0.020809228997677565,36.05205999101911,28.00419970921108,0.19196597,0.56985044,2.7639165,0.09072062745690346,-0.0003275461494922638,0
0.006378621,0.0025433952,0.020026332,36.048767,28.048584,0.08488421,0.0063557317,0.0025247328,0.019973874,36.048138,28.038448,0.08849773715649331,0.006607462128158659,0.0026142418085198316,0.020809228997677565,36.05205999101911,28.00419970921108,0.19196597,0.56985044,2.7639165,0.09072062745690346,-0.0003275461494922638,0
0.006378621,0.0025433952,0.020026332,36.048767,28.048584,0.08488421,0.0063557317,0.0025247328,0.019973874,36.048138,28.038448,0.08849773715649331,0.006607462128158659,0.0026142418085198316,0.020809228997677565,36.05205999101911,28.00419970921108,0.19196597,0.56985044,2.7639165,0.09072062745690346,-0.0003275461494922638,0
0.006378621,0.0025433952,0.020026332,36.048767,28.048584,0.08488421,0.0063557317,0.0025247328,0.019973874,36.048138,28.038448,0.08849773715649331,0.006607462128158659,0.0026142418085198316,0.020809228997677565,36.05205999101911,28.00419970921108,0.19196597,0.56985044,2.7639165,0.09072062745690346,-0.0003275461494922638,0
0.006378621,0.0025433952,0.020026332,36.048767,28.048584,0.08488421,0.0063557317,0.0025247328,0.019973874,36.048138,28.038448,0.08849773715649331,0.006607462128158659,0.0026142418085198316,0.020809228997677565,36.05205999101911,28.00419970921108,0.19196597,0.56985044,2.7639165,0.09072062745690346,-0.0003275461494922638,0
0.006378621,0.0025433952,0.020026332,36.048767,28.048584,0.08488421,0.0063557317,0.0025247328,0.019973874,36.048138,28.038448,0.08849773715649331,0.006607462128158659,0.0026142418085198316,0.020809228997677565,36.05205999101911,28.00419970921108,0.19196597,0.56985044,2.7639165,0.09072062745690346,-0.0003275461494922638,0
0.006378621,0.0025433952,0.020026332,36.048767,28.048584,0.08488421,0.0063557317,0.0025247328,0.019973874,36.048138,28.038448,0.08849773715649331,0.006607462128158659,0.0026142418085198316,0.020809228997677565,36.05205999101911,28.00419970921108,0.19196597,0.56985044,2.7639165,0.09072062745690346,-0.0003275461494922638,0
0.006378621,0.0025433952,0.020026332,36.048767,28.048584,0.08488421,0.0063557317,0.0025247328,0.019973874,36.048138,28.038448,0.08849773715649331,0.006607462128158659,0.0026142418085198316,0.020809228997677565,36.05205999101911,28.00419970921108,0.19196597,0.56985044,2.7639165,0.09072062745690346,-0.0003275461494922638,0
0.006378621,0.0025433952,0.020026332,36.048767,28.048584,0.08488421,0.0063557317,0.0025247328,0.019973874,36.048138,28.038448,0.08849773715649331,0.006607462128158659,0.0026142418085198316,0.020809228997677565,36.05205999101911,28.00419970921108,0.19196597,0.56985044,2.7639165,0.09072062745690346,-0.0003275461494922638,0
0.006378621,0.0025433952,0.020026332,36.048767,28.048584,0.08488421,0.0063557317,0.0025247328,0.019973874,36.048138,28.038448,0.08849773715649331,0.006607462128158659,0.0026142418085198316,0.020809228997677565,36.05205999101911,28.00419970921108,0.19196597,0.56985044,2.7639165,0.09072062745690346,-0.0003275461494922638,0
0.006378621,0.0025433952,0.020026332,36.048767,28.048584,0.08488421,0.0063557317,0.0025247328,0.019973874,36.048138,28.038448,0.08849773715649331,0.006607462128158659,0.0026142418085198316,0.020809228997677565,36.05205999101911,28.00419970921108,0.19196597,0.56985044,2.7639165,0.09072062745690346,-0.0003275461494922638,0
0.006378621,0.0025433952,0.020026332,36.048767,28.048584,0.08488421,0.0063557317,0.0025247328,0.019973874,36.048138,28.038448,0.08849773715649331,0.006607462128158659,0.0026142418085198316,0.020809228997677565,36.05205999101911,28.00419970921108,0.19196597,0.56985044,2.7639165,0.09072062745690346,-0.0003275461494922638,0
0.006378621,0.0025433952,0.020026332,36.048767,28.048584,0.08488421,0.0063557317,0.0025247328,0.019973874,36.048138,28.038448,0.08849773715649331,0.006607462128158659,0.0026142418085198316,0.020809228997677565,36.05205999101911,28.00419970921108,0.19196597,0.56985044,2.7639165,0.09072062745690346,-0.0003275461494922638,0
0.006378621,0.0025433952,0.020026332,36.048767,28.048584,0.08488421,0.0063557317,0.0025247328,0.019973874,36.048138,28.038448,0.08849773715649331,0.006607462128158659,0.0026142418085198316,0.020809228997677565,36.05205999101911,28.00419970921108,0.19196597,0.56985044,2.7639165,0.09072062745690346,-0.0003275461494922638,0
0.006378621,0.0025433952,0.020026332,36.048767,28.048584,0.08488421,0.0063557317,0.0025247328,0.019973874,36.048138,28.038448,0.08849773715649331,0.006607462128158659,0.0026142418085198316,0.020809228997677565,36.05205999101911,28.00419970921108,0.19196597,0.56985044,2.7639165,0.09072062745690346,-0.0003275461494922638,0
0.006378621,0.0025433952,0.020026332,36.048767,28.048584,0.08488421,0.0063557317,0.0025247328,0.019973874,36.048138,28.038448,0.08849773715649331,0.006607462128158659,0.0026142418085198316,0.020809228997677565,36.05205999101911,28.00419970921108,0.19196597,0.56985044,2.7639165,0.09072062745690346,-0.0003275461494922638,0
0.006378621,0.0025433952,0.020026332,36.048767,28.048584,0.08488421,0.0063557317,0.0025247328,0.019973874,36.048138,28.038448,0.08849773715649331,0.006607462128158659,0.0026142418085198316,0.020809228997677565,36.05205999101911,28.00419970921108,0.19196597,0.56985044,2.7639165,0.09072062745690346,-0.0003275461494922638,0
0.006378621,0.0025433952,0.020026332,36.048767,28.048584,0.08488421,0.0063557317,0.0025247328,0.019973874,36.048138,28.038448,0.08849773715649331,0.006607462128158659,0.0026142418085198316,0.020809228997677565,36.05205999101911,28.00419970921108,0.19196597,0.56985044,2.7639165,0.09072062745690346,-0.0003275461494922638,0
0.006378621,0.0025433952,0.020026332,36.048767,28.048584,0.08488421,0.0063557317,0.0025247328,0.019973874,36.048138,28.038448,0.08849773715649331,0.006607462128158659,0.0026142418085198316,0.020809228997677565,36.05205999101911,28.00419970921108,0.19196597,0.56985044,2.7639165,0.09072062745690346,-0.0003275461494922638,0
0.006378621,0.0025433952,0.020026332,36.048767,28.048584,0.08488421,0.0063557317,0.0025247328,0.019973874,36.048138,28.038448,0.08849773715649331,0.006607462128158659,0.0026142418085198316,0.020809228997677565,36.05205999101911,28.00419970921108,0.19196597,0.56985044,2.7639165,0.09072062745690346,-0.0003275461494922638,0
0.006378621,0.0025433952,0.020026332,36.048767,28.048584,0.08488421,0.0063557317,0.0025247328,0.019973874,36.048138,28.038448,0.08849773715649331,0.006607462128158659,0.0026142418085198316,0.020809228997677565,36.05205999101911,28.00419970921108,0.19196597,0.56985044,2.7639165,0.09072062745690346,-0.0003275461494922638,0
0.006378621,0.0025433952,0.020026332,36.048767,28.048584,0.08488421,0.0063557317,0.0025247328,0.019973874,36.048138,28.038448,0.08849773715649331,0.006607462128158659,0.0026142418085198316,0.020809228997677565,36.05205999101911,28.00419970921108,0.19196597,0.56985044,2.7639165,0.09072062745690346,-0.0003275461494922638,0
0.006378621,0.0025433952,0.020026332,36.048767,28.048584,0.08488421,0.0063557317,0.0025247328,0.019973874,36.048138,28.038448,0.08849773715649331,0.006607462128158659,0.0026142418085198316,0.020809228997677565,36.05205999101911,28.00419970921108,0.19196597,0.56985044,2.7639165,0.09072062745690346,-0.0003275461494922638,0
0.006378621,0.0025433952,0.020026332,36.048767,28.048584,0.08488421,0.0063557317,0.0025247328,0.019973874,36.048138,28.038448,0.08849773715649331,0.006607462128158659,0.0026142418085198316,0.020809228997677565,36.05205999101911,28.00419970921108,0.19196597,0.56985044,2.7639165,0.09072062745690346,-0.0003275461494922638,0
0.006378621,0.0025433952,0.020026332,36.048767,28.048584,0.08488421,0.0063557317,0.0025247328,0.019973874,36.048138,28.038448,0.08849773715649331,0.006607462128158659,0.0026142418085198316,0.020809228997677565,36.05205999101911,28.00419970921108,0.19196597,0.56985044,2.7639165,0.09072062745690346,-0.0003275461494922638,0
0.006378621,0.0025433952,0.020026332,36.048767,28.048584,0.08488421,0.0063557317,0.0025247328,0.019973874,36.048138,28.038448,0.08849773715649331,0.006607462128158659,0.0026142418085198316,0.020809228997677565,36.05205999101911,28.00419970921108,0.19196597,0.56985044,2.7639165,0.09072062745690346,-0.0003275461494922638,0
0.006378621,0.0025433952,0.020026332,36.048767,28.048584,0.08488421,0.0063557317,0.0025247328,0.019973874,36.048138,28.038448,0.08849773715649331,0.006607462128158659,0.0026142418085198316,0.020809228997677565,36.05205999101911,28.00419970921108,0.19196597,0.56985044,2.7639165,0.09072062745690346,-0.0003275461494922638,0
0.006378621,0.0025433952,0.020026332,36.048767,28.048584,0.08488421,0.0063557317,0.0025247328,0.019973874,36.048138,28.038448,0.08849773715649331,0.006607462128158659,0.0026142418085198316,0.020809228997677565,36.05205999101911,28.00419970921108,0.19196597,0.56985044,2.7639165,0.09072062745690346,-0.0003275461494922638,0
0.006378621,0.0025433952,0.020026332,36.048767,28.048584,0.08488421,0.0063557317,0.0025247328,0.019973874,36.048138,28.038448,0.08849773715649331,0.006607462128158659,0.0026142418085198316,0.020809228997677565,36.05205999101911,28.00419970921108,0.19196597,0.56985044,2.7639165,0.09072062745690346,-0.0003275461494922638,0
0.006378621,0.0025433952,0.020026332,36.048767,28.048584,0.08488421,0.0063557317,0.0025247328,0.019973874,36.048138,28.038448,0.08849773715649331,0.006607462128158659,0.0026142418085198316,0.020809228997677565,36.05205999101911,28.00419970921108,0.19196597,0.56985044,2.7639165,0.09072062745690346,-0.0003275461494922638,0
0.006378621,0.0025433952,0.020026332,36.048767,28.048584,0.08488421,0.0063557317,0.0025247328,0.019973874,36.048138,28.038448,0.08849773715649331,0.006607462128158659,0.0026142418085198316,0.020809228997677565,36.05205999101911,28.00419970921108,0.19196597,0.56985044,2.7639165,0.09072062745690346,-0.0003275461494922638,0
0.006378621,0.0025433952,0.020026332,36.048767,28.048584,0.08488421,0.0063557317,0.0025247328,0.019973874,36.048138,28.038448,0.08849773715649331,0.006607462128158659,0.0026142418085198316,0.020809228997677565,36.05205999101911,28.00419970921108,0.19196597,0.56985044,2.7639165,0.09072062745690346,-0.0003275461494922638,0
0.006378621,0.0025433952,0.020026332,36.048767,28.048584,0.08488421,0.0063557317,0.0025247328,0.019973874,36.048138,28.038448,0.08849773715649331,0.006607462128158659,0.0026142418085198316,0.020809228997677565,36.05205999101911,28.00419970921108,0.19196597,0.56985044,2.7639165,0.09072062745690346,-0.0003275461494922638,0
0.006378621,0.0025433952,0.020026332,36.048767,28.048584,0.08488421,0.0063557317,0.0025247328,0.019973874,36.048138,28.038448,0.08849773715649331,0.006607462128158659,0.0026142418085198316,0.020809228997677565,36.05205999101911,28.00419970921108,0.19196597,0.56985044,2.7639165,0.09072062745690346,-0.0003275461494922638,0
0.006378621,0.0025433952,0.020026332,36.048767,28.048584,0.08488421,0.0063557317,0.0025247328,0.019973874,36.048138,28.038448,0.08849773715649331,0.006607462128158659,0.0026142418085198316,0.020809228997677565,36.05205999101911,28.00419970921108,0.19196597,0.56985044,2.7639165,0.09072062745690346,-0.0003275461494922638,0
0.006378621,0.0025433952,0.020026332,36.048767,28.048584,0.08488421,0.0063557317,0.0025247328,0.019973874,36.048138,28.038448,0.08849773715649331,0.006607462128158659,0.0026142418085198316,0.020809228997677565,36.05205999101911,28.00419970921108,0.19196597,0.56985044,2.7639165,0.09072062745690346,-0.0003275461494922638,0
0.006378621,0.0025433952,0.020026332,36.048767,28.048584,0.08488421,0.0063557317,0.0025247328,0.019973874,36.048138,28.038448,0.08849773715649331,0.006607462128158659,0.0026142418085198316,0.020809228997677565,36.05205999101911,28.00419970921108,0.19196597,0.56985044,2.7639165,0.09072062745690346,-0.0003275461494922638,0
0.006378621,0.0025433952,0.020026332,36.048767,28.048584,0.08488421,0.0063557317,0.0025247328,0.019973874,36.048138,28.038448,0.08849773715649331,0.006607462128158659,0.0026142418085198316,0.020809228997677565,36.05205999101911,28.00419970921108,0.19196597,0.56985044,2.7639165,0.09072062745690346,-0.0003275461494922638,0
0.006378621,0.0025433952,0.020026332,36.048767,28.048584,0.08488421,0.0063557317,0.0025247328,0.019973874,36.048138,28.038448,0.08849773715649331,0.006607462128158659,0.0026142418085198316,0.020809228997677565,36.05205999101911,28.00419970921108,0.19196597,0.56985044,2.7639165,0.09072062745690346,-0.0003275461494922638,0
0.006378621,0.0025433952,0.020026332,36.048767,28.048584,0.08488421,0.0063557317,0.0025247328,0.019973874,36.048138,28.038448,0.08849773715649331,0.006607462128158659,0.0026142418085198316,0.020809228997677565,36.05205999101911,28.00419970921108,0.19196597,0.56985044,2.7639165,0.09072062745690346,-0.0003275461494922638,0
0.006378621,0.0025433952,0.020026332,36.048767,28.048584,0.08488421,0.0063557317,0.0025247328,0.019973874,36.048138,28.038448,0.08849773715649331,0.006607462128158659,0.0026142418085198316,0.020809228997677565,36.05205999101911,28.00419970921108,0.19196597,0.56985044,2.7639165,0.09072062745690346,-0.0003275461494922638,0
0.006378621,0.0025433952,0.020026332,36.048767,28.048584,0.08488421,0.0063557317,0.0025247328,0.019973874,36.048138,28.038448,0.08849773715649331,0.006607462128158659,0.0026142418085198316,0.020809228997677565,36.05205999101911,28.00419970921108,0.19196597,0.56985044,2.7639165,0.09072062745690346,-0.0003275461494922638,0
0.006378621,0.0025433952,0.020026332,36.048767,28.048584,0.08488421,0.0063557317,0.0025247328,0.019973874,36.048138,28.038448,0.08849773715649331,0.006607462128158659,0.0026142418085198316,0.020809228997677565,36.05205999101911,28.00419970921108,0.19196597,0.56985044,2.7639165,0.09072062745690346,-0.0003275461494922638,0
0.006378621,0.0025433952,0.020026332,36.048767,28.048584,0.08488421,0.0063557317,0.0025247328,0.019973874,36.048138,28.038448,0.08849773715649331,0.006607462128158659,0.0026142418085198316,0.020809228997677565,36.05205999101911,28.00419970921108,0.19196597,0.56985044,2.7639165,0.09072062745690346,-0.0003275461494922638,0
0.006378621,0.0025433952,0.020026332,36.048767,28.048584,0.08488421,0.0063557317,0.0025247328,0.019973874,36.048138,28.038448,0.08849773715649331,0.006607462128158659,0.0026142418085198316,0.020809228997677565,36.05205999101911,28.00419970921108,0.19196597,0.56985044,2.7639165,0.09072062745690346,-0.0003275461494922638,0
0.006378621,0.0025433952,0.020026332,36.048767,28.048584,0.08488421,0.0063557317,0.0025247328,0.019973874,36.048138,28.038448,0.08849773715649331,0.006607462128158659,0.0026142418085198316,0.020809228997677565,36.05205999101911,28.00419970921108,0.19196597,0.56985044,2.7639165,0.09072062745690346,-0.0003275461494922638,0
0.006378621,0.0025433952,0.020026332,36.048767,28.048584,0.08488421,0.0063557317,0.0025247328,0.019973874,36.048138,28.038448,0.08849773715649331,0.006607462128158659,0.0026142418085198316,0.020809228997677565,36.05205999101911,28.00419970921108,0.19196597,0.56985044,2.7639165,0.09072062745690346,-0.0003275461494922638,0
0.006378621,0.0025433952,0.020026332,36.048767,28.048584,0.08488421,0.0063557317,0.0025247328,0.019973874,36.048138,28.038448,0.08849773715649331,0.006607462128158659,0.0026142418085198316,0.020809228997677565,36.05205999101911,28.00419970921108,0.19196597,0.56985044,2.7639165,0.09072062745690346,-0.0003275461494922638,0
0.006378621,0.0025433952,0.020026332,36.048767,28.048584,0.08488421,0.0063557317,0.0025247328,0.019973874,36.048138,28.038448,0.08849773715649331,0.006607462128158659,0.0026142418085198316,0.020809228997677565,36.05205999101911,28.00419970921108,0.19196597,0.56985044,2.7639165,0.09072062745690346,-0.0003275461494922638,0
0.006378621,0.0025433952,0.020026332,36.048767,28.048584,0.08488421,0.0063557317,0.0025247328,0.019973874,36.048138,28.038448,0.08849773715649331,0.006607462128158659,0.0026142418085198316,0.020809228997677565,36.05205999101911,28.00419970921108,0.19196597,0.56985044,2.7639165,0.09072062745690346,-0.0003275461494922638,0
0.006378621,0.0025433952,0.020026332,36.048767,28.048584,0.08488421,0.0063557317,0.0025247328,0.019973874,36.048138,28.038448,0.08849773715649331,0.006607462128158659,0.0026142418085198316,0.020809228997677565,36.05205999101911,28.00419970921108,0.19196597,0.56985044,2.7639165,0.09072062745690346,-0.0003275461494922638,0
0.006378621,0.0025433952,0.020026332,36.048767,28.048584,0.08488421,0.0063557317,0.0025247328,0.019973874,36.048138,28.038448,0.08849773715649331,0.006607462128158659,0.0026142418085198316,0.020809228997677565,36.05205999101911,28.00419970921108,0.19196597,0.56985044,2.7639165,0.09072062745690346,-0.0003275461494922638,0
0.006378621,0.0025433952,0.020026332,36.048767,28.048584,0.08488421,0.0063557317,0.0025247328,0.019973874,36.048138,28.038448,0.08849773715649331,0.006607462128158659,0.0026142418085198316,0.020809228997677565,36.05205999101911,28.00419970921108,0.19196597,0.56985044,2.7639165,0.09072062745690346,-0.0003275461494922638,0
0.006378621,0.0025433952,0.020026332,36.048767,28.048584,0.08488421,0.0063557317,0.0025247328,0.019973874,36.048138,28.038448,0.08849773715649331,0.006607462128158659,0.0026142418085198316,0.020809228997677565,36.05205999101911,28.00419970921108,0.19196597,0.56985044,2.7639165,0.09072062745690346,-0.0003275461494922638,0
