nh4,no3,po4,so,thetao,chl_t-1,nh4_t-1,no3_t-1,po4_t-1,so_t-1,thetao_t-1,chl_7day_avg,nh4_7day_avg,no3_7day_avg,po4_7day_avg,so_7day_avg,thetao_7day_avg,n_p_ratio,n_nh4_ratio,p_nh4_ratio,chl_monthly_median,chl_anomaly,bloom_proxy_label
0.005644897,0.0022571082,0.024499089,36.361515,27.427723,0.085153446,0.0055435384,0.0022367567,0.024488077,36.386116,27.413176,0.08666574795331274,0.005940557906537184,0.0023072891386358863,0.025734358999345983,36.41646385192871,27.34991863795689,0.17672597,0.5450414,3.005796,0.08264758810400963,-0.0013595260679721832,0
0.005644897,0.0022571082,0.024499089,36.361515,27.427723,0.085153446,0.0055435384,0.0022367567,0.024488077,36.386116,27.413176,0.08666574795331274,0.005940557906537184,0.0023072891386358863,0.025734358999345983,36.41646385192871,27.34991863795689,0.17672597,0.5450414,3.005796,0.08264758810400963,-0.0013595260679721832,0
0.005644897,0.0022571082,0.024499089,36.361515,27.427723,0.085153446,0.0055435384,0.0022367567,0.024488077,36.386116,27.413176,0.08666574795331274,0.005940557906537184,0.0023072891386358863,0.025734358999345983,36.41646385192871,27.34991863795689,0.17672597,0.5450414,3.005796,0.08264758810400963,-0.0013595260679721832,0
0.003341186,0.0035750498,0.0059985444,35.871735,28.858469,0.03889485,0.0030645013,0.0032024728,0.005389209,35.856163,28.149048,0.08666574795331274,0.005940557906537184,0.0023072891386358863,0.025734358999345983,36.41646385192871,27.34991863795689,0.59598625,1.0699942,1.7953339,0.08264758810400963,-0.0013595260679721832,0
0.0035044593,0.003314933,0.0063680573,35.82237,28.560654,0.039543044,0.0032604705,0.002995583,0.005925614,35.7896,28.073605,0.08666574795331274,0.005940557906537184,0.0023072891386358863,0.025734358999345983,36.41646385192871,27.34991863795689,0.5205564,0.94591856,1.8171297,0.08264758810400963,-0.0013595260679721832,0
0.0039693136,0.002926742,0.007891353,35.815952,28.334492,0.041269876,0.003730112,0.0027328187,0.007361469,35.774128,28.034363,0.08666574795331274,0.005940557906537184,0.0023072891386358863,0.025734358999345983,36.41646385192871,27.34991863795689,0.3708796,0.73734206,1.9880902,0.08264758810400963,-0.0013595260679721832,0
0.004861878,0.002692313,0.011010904,35.862892,28.257273,0.043650575,0.0043874043,0.0026228854,0.0093279155,35.780663,28.007862,0.08666574795331274,0.005940557906537184,0.0023072891386358863,0.025734358999345983,36.41646385192871,27.34991863795689,0.24451335,0.5537599,2.2647429,0.08264758810400963,-0.0013595260679721832,0
0.0059787664,0.0028168142,0.01486539,35.90569,28.252642,0.0453903,0.0049405443,0.0027362278,0.010758148,35.77719,28.01909,0.08666574795331274,0.005940557906537184,0.0023072891386358863,0.025734358999345983,36.41646385192871,27.34991863795689,0.18948808,0.47113636,2.4863641,0.08264758810400963,-0.0013595260679721832,0
0.0067904787,0.0030606838,0.017634142,35.921886,28.296442,0.04547905,0.0051365993,0.0029445274,0.010819598,35.748623,28.052752,0.08666574795331274,0.005940557906537184,0.0023072891386358863,0.025734358999345983,36.41646385192871,27.34991863795689,0.17356579,0.45073166,2.5968924,0.08264758810400963,-0.0013595260679721832,0
0.006871442,0.0031456735,0.017841749,35.89406,28.352745,0.04410123,0.005006044,0.003157221,0.009705261,35.703312,28.08404,0.08666574795331274,0.005940557906537184,0.0023072891386358863,0.025734358999345983,36.41646385192871,27.34991863795689,0.1763097,0.45778945,2.5965073,0.08264758810400963,-0.0013595260679721832,0
0.006342836,0.0031577572,0.015698887,35.83636,28.417452,0.042252406,0.0047666454,0.0033501845,0.00829099,35.64971,28.099974,0.08666574795331274,0.005940557906537184,0.0023072891386358863,0.025734358999345983,36.41646385192871,27.34991863795689,0.20114529,0.49784625,2.475058,0.08264758810400963,-0.0013595260679721832,0
0.0056339987,0.0032239796,0.012725993,35.767982,28.492495,0.04078156,0.0045717317,0.0034881607,0.007271268,35.600346,28.115215,0.08666574795331274,0.005940557906537184,0.0023072891386358863,0.025734358999345983,36.41646385192871,27.34991863795689,0.25333816,0.5722365,2.2587852,0.08264758810400963,-0.0013595260679721832,0
0.005015394,0.0033485042,0.01008433,35.702106,28.578974,0.039861362,0.004437914,0.0035665883,0.006731849,35.56395,28.144972,0.08666574795331274,0.005940557906537184,0.0023072891386358863,0.025734358999345983,36.41646385192871,27.34991863795689,0.33205023,0.6676453,2.0106754,0.08264758810400963,-0.0013595260679721832,0
0.005644897,0.0022571082,0.024499089,36.361515,27.427723,0.085153446,0.0055435384,0.0022367567,0.024488077,36.386116,27.413176,0.08666574795331274,0.005940557906537184,0.0023072891386358863,0.025734358999345983,36.41646385192871,27.34991863795689,0.17672597,0.5450414,3.005796,0.08264758810400963,-0.0013595260679721832,0
0.005644897,0.0022571082,0.024499089,36.361515,27.427723,0.085153446,0.0055435384,0.0022367567,0.024488077,36.386116,27.413176,0.08666574795331274,0.005940557906537184,0.0023072891386358863,0.025734358999345983,36.41646385192871,27.34991863795689,0.17672597,0.5450414,3.005796,0.08264758810400963,-0.0013595260679721832,0
0.005644897,0.0022571082,0.024499089,36.361515,27.427723,0.085153446,0.0055435384,0.0022367567,0.024488077,36.386116,27.413176,0.08666574795331274,0.005940557906537184,0.0023072891386358863,0.025734358999345983,36.41646385192871,27.34991863795689,0.17672597,0.5450414,3.005796,0.08264758810400963,-0.0013595260679721832,0
0.0024300967,0.0026060927,0.0036872388,35.854454,28.666592,0.037772115,0.0023930205,0.002040355,0.0046560657,35.862648,28.091883,0.08666574795331274,0.005940557906537184,0.0023072891386358863,0.025734358999345983,36.41646385192871,27.34991863795689,0.70678705,1.0724235,1.5173218,0.08264758810400963,-0.0013595260679721832,0
0.0026489415,0.0021844045,0.004651845,35.821526,28.486956,0.039257973,0.002728745,0.0017175667,0.005876697,35.80609,28.041485,0.08666574795331274,0.005940557906537184,0.0023072891386358863,0.025734358999345983,36.41646385192871,27.34991863795689,0.4695781,0.824633,1.7561147,0.08264758810400963,-0.0013595260679721832,0
0.00345989,0.0016670771,0.007808906,35.829563,28.29755,0.04290604,0.003601414,0.0013658453,0.008881236,35.805626,27.995874,0.08666574795331274,0.005940557906537184,0.0023072891386358863,0.025734358999345983,36.41646385192871,27.34991863795689,0.21348408,0.48182952,2.2569811,0.08264758810400963,-0.0013595260679721832,0
0.005252499,0.0016498648,0.014069808,35.921513,28.23023,0.048116773,0.004929324,0.0013655063,0.013179424,35.86209,27.97393,0.08666574795331274,0.005940557906537184,0.0023072891386358863,0.025734358999345983,36.41646385192871,27.34991863795689,0.11726279,0.31411046,2.6786883,0.08264758810400963,-0.0013595260679721832,0
0.0076898118,0.0025681842,0.022053223,36.02135,28.256683,0.052586872,0.006137543,0.0017770524,0.016842322,35.895477,27.981739,0.08666574795331274,0.005940557906537184,0.0023072891386358863,0.025734358999345983,36.41646385192871,27.34991863795689,0.116453916,0.3339723,2.8678496,0.08264758810400963,-0.0013595260679721832,0
0.009524509,0.0033977018,0.028168885,36.075436,28.333845,0.053943586,0.006560206,0.002159695,0.01784343,35.864803,28.016308,0.08666574795331274,0.005940557906537184,0.0023072891386358863,0.025734358999345983,36.41646385192871,27.34991863795689,0.12061897,0.3567325,2.9575157,0.08264758810400963,-0.0013595260679721832,0
0.009667239,0.003314649,0.029143851,36.073265,28.411207,0.05177495,0.0061331196,0.002421814,0.015890446,35.791763,28.067024,0.08666574795331274,0.005940557906537184,0.0023072891386358863,0.025734358999345983,36.41646385192871,27.34991863795689,0.113734074,0.3428744,3.0147026,0.08264758810400963,-0.0013595260679721832,0
0.008441039,0.0029396897,0.025127547,36.017204,28.48528,0.04776726,0.005365844,0.0027372597,0.012521977,35.71402,28.117693,0.08666574795331274,0.005940557906537184,0.0023072891386358863,0.025734358999345983,36.41646385192871,27.34991863795689,0.116990715,0.34826156,2.976831,0.08264758810400963,-0.0013595260679721832,0
0.006889937,0.0028325839,0.019254802,35.90915,28.579578,0.044050746,0.004712321,0.0030532805,0.009576166,35.663532,28.162125,0.08666574795331274,0.005940557906537184,0.0023072891386358863,0.025734358999345983,36.41646385192871,27.34991863795689,0.14711052,0.41111898,2.7946267,0.08264758810400963,-0.0013595260679721832,0
0.0055554695,0.0030258766,0.013724209,35.78744,28.643179,0.041239757,0.004275877,0.0033346452,0.0075370884,35.6224,28.205105,0.08666574795331274,0.005940557906537184,0.0023072891386358863,0.025734358999345983,36.41646385192871,27.34991863795689,0.22047731,0.54466623,2.4703958,0.08264758810400963,-0.0013595260679721832,0
0.005644897,0.0022571082,0.024499089,36.361515,27.427723,0.085153446,0.0055435384,0.0022367567,0.024488077,36.386116,27.413176,0.08666574795331274,0.005940557906537184,0.0023072891386358863,0.025734358999345983,36.41646385192871,27.34991863795689,0.17672597,0.5450414,3.005796,0.08264758810400963,-0.0013595260679721832,0
0.005644897,0.0022571082,0.024499089,36.361515,27.427723,0.085153446,0.0055435384,0.0022367567,0.024488077,36.386116,27.413176,0.08666574795331274,0.005940557906537184,0.0023072891386358863,0.025734358999345983,36.41646385192871,27.34991863795689,0.17672597,0.5450414,3.005796,0.08264758810400963,-0.0013595260679721832,0
0.005644897,0.0022571082,0.024499089,36.361515,27.427723,0.085153446,0.0055435384,0.0022367567,0.024488077,36.386116,27.413176,0.08666574795331274,0.005940557906537184,0.0023072891386358863,0.025734358999345983,36.41646385192871,27.34991863795689,0.17672597,0.5450414,3.005796,0.08264758810400963,-0.0013595260679721832,0
0.0017175713,0.00041758266,0.0036873273,35.890648,28.458174,0.042312164,0.0030417277,3.710686e-05,0.009102559,35.932407,28.08765,0.08666574795331274,0.005940557906537184,0.0023072891386358863,0.025734358999345983,36.41646385192871,27.34991863795689,0.11324806,0.24312392,2.1468263,0.08264758810400963,-0.0013595260679721832,0
0.0019474337,1e-11,0.004758641,35.83716,28.3724,0.043948453,0.0034687105,1e-11,0.010365342,35.86413,28.025751,0.08666574795331274,0.005940557906537184,0.0023072891386358863,0.025734358999345983,36.41646385192871,27.34991863795689,2.1014401e-09,5.134963e-09,2.4435446,0.08264758810400963,-0.0013595260679721832,0
0.0032365627,1e-11,0.009059307,35.83719,28.251158,0.048709728,0.0047126864,3.8426995e-05,0.014231248,35.858814,27.960722,0.08666574795331274,0.005940557906537184,0.0023072891386358863,0.025734358999345983,36.41646385192871,27.34991863795689,1.1038371e-09,3.0896976e-09,2.799052,0.08264758810400963,-0.0013595260679721832,0
0.006396279,0.001343555,0.018321214,35.90662,28.204597,0.056344323,0.0068203863,0.00061014807,0.020508219,35.942986,27.95087,0.08666574795331274,0.005940557906537184,0.0023072891386358863,0.025734358999345983,36.41646385192871,27.34991863795689,0.0733333,0.2100526,2.864355,0.08264758810400963,-0.0013595260679721832,0
0.010821149,0.0046619093,0.030717483,36.024883,28.254692,0.063723706,0.008859386,0.0017200896,0.026505476,36.022285,27.960691,0.08666574795331274,0.005940557906537184,0.0023072891386358863,0.025734358999345983,36.41646385192871,27.34991863795689,0.1517673,0.43081465,2.8386526,0.08264758810400963,-0.0013595260679721832,0
0.013945164,0.0063974177,0.040360995,36.101494,28.363966,0.06665374,0.009444299,0.0020120842,0.028563447,36.04278,27.989918,0.08666574795331274,0.005940557906537184,0.0023072891386358863,0.025734358999345983,36.41646385192871,27.34991863795689,0.15850496,0.45875528,2.8942645,0.08264758810400963,-0.0013595260679721832,0
0.013623542,0.0051043658,0.041606776,36.118168,28.44782,0.06335339,0.008334942,0.0017677934,0.025310745,35.996056,28.08038,0.08666574795331274,0.005940557906537184,0.0023072891386358863,0.025734358999345983,36.41646385192871,27.34991863795689,0.12268112,0.37467244,3.0540352,0.08264758810400963,-0.0013595260679721832,0
0.010922677,0.0033442522,0.034613747,36.07374,28.525856,0.055940077,0.006595946,0.0019982315,0.01884156,35.867672,28.18729,0.08666574795331274,0.005940557906537184,0.0023072891386358863,0.025734358999345983,36.41646385192871,27.34991863795689,0.096616305,0.30617514,3.1689801,0.08264758810400963,-0.0013595260679721832,0
0.008188727,0.0026223606,0.025359312,35.92295,28.620758,0.0489653,0.005233742,0.0025050153,0.013137077,35.734993,28.245071,0.08666574795331274,0.005940557906537184,0.0023072891386358863,0.025734358999345983,36.41646385192871,27.34991863795689,0.103408195,0.32024032,3.0968564,0.08264758810400963,-0.0013595260679721832,0
0.005955726,0.0028665634,0.016227318,35.765125,28.66169,0.042932235,0.004314725,0.0031588187,0.008708923,35.643887,28.207035,0.08666574795331274,0.005940557906537184,0.0023072891386358863,0.025734358999345983,36.41646385192871,27.34991863795689,0.17665048,0.4813122,2.7246583,0.08264758810400963,-0.0013595260679721832,0
0.005644897,0.0022571082,0.024499089,36.361515,27.427723,0.085153446,0.0055435384,0.0022367567,0.024488077,36.386116,27.413176,0.08666574795331274,0.005940557906537184,0.0023072891386358863,0.025734358999345983,36.41646385192871,27.34991863795689,0.17672597,0.5450414,3.005796,0.08264758810400963,-0.0013595260679721832,0
0.005644897,0.0022571082,0.024499089,36.361515,27.427723,0.085153446,0.0055435384,0.0022367567,0.024488077,36.386116,27.413176,0.08666574795331274,0.005940557906537184,0.0023072891386358863,0.025734358999345983,36.41646385192871,27.34991863795689,0.17672597,0.5450414,3.005796,0.08264758810400963,-0.0013595260679721832,0
0.005644897,0.0022571082,0.024499089,36.361515,27.427723,0.085153446,0.0055435384,0.0022367567,0.024488077,36.386116,27.413176,0.08666574795331274,0.005940557906537184,0.0023072891386358863,0.025734358999345983,36.41646385192871,27.34991863795689,0.17672597,0.5450414,3.005796,0.08264758810400963,-0.0013595260679721832,0
0.004879009,1e-11,0.012578805,36.10257,28.5675,0.05883999,0.009415538,0.0001579968,0.024638882,36.22811,28.37937,0.08666574795331274,0.005940557906537184,0.0023072891386358863,0.025734358999345983,36.41646385192871,27.34991863795689,7.949881e-10,2.0495965e-09,2.5781476,0.08264758810400963,-0.0013595260679721832,0
0.0056338096,0.00038092543,0.014379013,35.96636,28.377533,0.061047975,0.010398309,0.003184357,0.026407441,36.10912,28.199692,0.08666574795331274,0.005940557906537184,0.0023072891386358863,0.025734358999345983,36.41646385192871,27.34991863795689,0.026491763,0.06761418,2.5522718,0.08264758810400963,-0.0013595260679721832,0
0.00805871,0.003924842,0.020178385,35.929367,28.229912,0.06586368,0.011922667,0.0062303515,0.030349005,36.05971,28.069721,0.08666574795331274,0.005940557906537184,0.0023072891386358863,0.025734358999345983,36.41646385192871,27.34991863795689,0.19450724,0.48703104,2.5039225,0.08264758810400963,-0.0013595260679721832,0
0.013309144,0.010775559,0.03210193,35.975414,28.252392,0.073782444,0.014292535,0.00827724,0.036759373,36.06762,28.033716,0.08666574795331274,0.005940557906537184,0.0023072891386358863,0.025734358999345983,36.41646385192871,27.34991863795689,0.335667,0.8096357,2.4120204,0.08264758810400963,-0.0013595260679721832,0
0.01978162,0.017724624,0.046942268,36.038307,28.351027,0.0813732,0.016115163,0.008710934,0.04262336,36.082317,27.9859,0.08666574795331274,0.005940557906537184,0.0023072891386358863,0.025734358999345983,36.41646385192871,27.34991863795689,0.37758347,0.8960148,2.3730245,0.08264758810400963,-0.0013595260679721832,0
0.022876406,0.017190745,0.05673996,36.092392,28.43891,0.083302826,0.015279617,0.005822963,0.04331422,36.09485,27.999392,0.08666574795331274,0.005940557906537184,0.0023072891386358863,0.025734358999345983,36.41646385192871,27.34991863795689,0.30297422,0.7514618,2.480283,0.08264758810400963,-0.0013595260679721832,0
0.019752864,0.010306347,0.054990828,36.117092,28.500895,0.07689407,0.011853759,0.0023902638,0.036853645,36.06327,28.113245,0.08666574795331274,0.005940557906537184,0.0023072891386358863,0.025734358999345983,36.41646385192871,27.34991863795689,0.18741938,0.5217647,2.783942,0.08264758810400963,-0.0013595260679721832,0
0.013353265,0.0044528684,0.042065375,36.03391,28.584867,0.063539505,0.008011622,0.0015814037,0.024896625,35.900276,28.201685,0.08666574795331274,0.005940557906537184,0.0023072891386358863,0.025734358999345983,36.41646385192871,27.34991863795689,0.105855905,0.33346665,3.150194,0.08264758810400963,-0.0013595260679721832,0
0.009815767,0.002379402,0.032501716,35.824127,28.617144,0.05515904,0.0060605886,0.0018349148,0.017621938,35.725006,28.289976,0.08666574795331274,0.005940557906537184,0.0023072891386358863,0.025734358999345983,36.41646385192871,27.34991863795689,0.0732085,0.24240611,3.3111742,0.08264758810400963,-0.0013595260679721832,0
0.005644897,0.0022571082,0.024499089,36.361515,27.427723,0.085153446,0.0055435384,0.0022367567,0.024488077,36.386116,27.413176,0.08666574795331274,0.005940557906537184,0.0023072891386358863,0.025734358999345983,36.41646385192871,27.34991863795689,0.17672597,0.5450414,3.005796,0.08264758810400963,-0.0013595260679721832,0
0.005644897,0.0022571082,0.024499089,36.361515,27.427723,0.085153446,0.0055435384,0.0022367567,0.024488077,36.386116,27.413176,0.08666574795331274,0.005940557906537184,0.0023072891386358863,0.025734358999345983,36.41646385192871,27.34991863795689,0.17672597,0.5450414,3.005796,0.08264758810400963,-0.0013595260679721832,0
0.005644897,0.0022571082,0.024499089,36.361515,27.427723,0.085153446,0.0055435384,0.0022367567,0.024488077,36.386116,27.413176,0.08666574795331274,0.005940557906537184,0.0023072891386358863,0.025734358999345983,36.41646385192871,27.34991863795689,0.17672597,0.5450414,3.005796,0.08264758810400963,-0.0013595260679721832,0
0.005644897,0.0022571082,0.024499089,36.361515,27.427723,0.085153446,0.0055435384,0.0022367567,0.024488077,36.386116,27.413176,0.08666574795331274,0.005940557906537184,0.0023072891386358863,0.025734358999345983,36.41646385192871,27.34991863795689,0.17672597,0.5450414,3.005796,0.08264758810400963,-0.0013595260679721832,0
0.020047827,0.01456791,0.04016815,36.282253,28.859041,0.09293563,0.031298064,0.028881406,0.058364637,36.28911,28.65949,0.08666574795331274,0.005940557906537184,0.0023072891386358863,0.025734358999345983,36.41646385192871,27.34991863795689,0.36267313,0.7266578,2.0036163,0.08264758810400963,-0.0013595260679721832,0
0.021776909,0.032006614,0.043185353,36.172928,28.534712,0.09516417,0.03243041,0.045164157,0.060292363,36.209557,28.355343,0.08666574795331274,0.005940557906537184,0.0023072891386358863,0.025734358999345983,36.41646385192871,27.34991863795689,0.74114513,1.46975,1.98308,0.08264758810400963,-0.0013595260679721832,0
0.02636872,0.051358454,0.050997853,36.082893,28.343313,0.09880495,0.033704408,0.056125715,0.063276984,36.12459,28.114283,0.08666574795331274,0.005940557906537184,0.0023072891386358863,0.025734358999345983,36.41646385192871,27.34991863795689,1.0070709,1.9477037,1.9340284,0.08264758810400963,-0.0013595260679721832,0
0.033868488,0.06293032,0.063403614,36.016293,28.375927,0.10398809,0.03476766,0.052802566,0.06644662,36.0862,28.042027,0.08666574795331274,0.005940557906537184,0.0023072891386358863,0.025734358999345983,36.41646385192871,27.34991863795689,0.9925353,1.858079,1.8720533,0.08264758810400963,-0.0013595260679721832,0
0.04011527,0.0625455,0.075368665,36.011406,28.451834,0.10714473,0.033272903,0.039879534,0.06727225,36.091034,28.045599,0.08666574795331274,0.005940557906537184,0.0023072891386358863,0.025734358999345983,36.41646385192871,27.34991863795689,0.8298608,1.5591444,1.8788023,0.08264758810400963,-0.0013595260679721832,0
0.03909669,0.0444588,0.07913208,36.087692,28.487144,0.103661165,0.026938776,0.020600375,0.062184498,36.110504,28.128109,0.08666574795331274,0.005940557906537184,0.0023072891386358863,0.025734358999345983,36.41646385192871,27.34991863795689,0.5618303,1.1371499,2.0240097,0.08264758810400963,-0.0013595260679721832,0
0.030919762,0.021952862,0.073493876,36.12279,28.540796,0.094095014,0.017932173,0.005613769,0.05225846,36.077705,28.20522,0.08666574795331274,0.005940557906537184,0.0023072891386358863,0.025734358999345983,36.41646385192871,27.34991863795689,0.29870328,0.7099945,2.3769224,0.08264758810400963,-0.0013595260679721832,0
0.005644897,0.0022571082,0.024499089,36.361515,27.427723,0.085153446,0.0055435384,0.0022367567,0.024488077,36.386116,27.413176,0.08666574795331274,0.005940557906537184,0.0023072891386358863,0.025734358999345983,36.41646385192871,27.34991863795689,0.17672597,0.5450414,3.005796,0.08264758810400963,-0.0013595260679721832,0
0.005644897,0.0022571082,0.024499089,36.361515,27.427723,0.085153446,0.0055435384,0.0022367567,0.024488077,36.386116,27.413176,0.08666574795331274,0.005940557906537184,0.0023072891386358863,0.025734358999345983,36.41646385192871,27.34991863795689,0.17672597,0.5450414,3.005796,0.08264758810400963,-0.0013595260679721832,0
0.005644897,0.0022571082,0.024499089,36.361515,27.427723,0.085153446,0.0055435384,0.0022367567,0.024488077,36.386116,27.413176,0.08666574795331274,0.005940557906537184,0.0023072891386358863,0.025734358999345983,36.41646385192871,27.34991863795689,0.17672597,0.5450414,3.005796,0.08264758810400963,-0.0013595260679721832,0
0.005644897,0.0022571082,0.024499089,36.361515,27.427723,0.085153446,0.0055435384,0.0022367567,0.024488077,36.386116,27.413176,0.08666574795331274,0.005940557906537184,0.0023072891386358863,0.025734358999345983,36.41646385192871,27.34991863795689,0.17672597,0.5450414,3.005796,0.08264758810400963,-0.0013595260679721832,0
0.005644897,0.0022571082,0.024499089,36.361515,27.427723,0.085153446,0.0055435384,0.0022367567,0.024488077,36.386116,27.413176,0.08666574795331274,0.005940557906537184,0.0023072891386358863,0.025734358999345983,36.41646385192871,27.34991863795689,0.17672597,0.5450414,3.005796,0.08264758810400963,-0.0013595260679721832,0
0.005644897,0.0022571082,0.024499089,36.361515,27.427723,0.085153446,0.0055435384,0.0022367567,0.024488077,36.386116,27.413176,0.08666574795331274,0.005940557906537184,0.0023072891386358863,0.025734358999345983,36.41646385192871,27.34991863795689,0.17672597,0.5450414,3.005796,0.08264758810400963,-0.0013595260679721832,0
0.044793986,0.07567022,0.07428581,36.23311,28.889114,0.12651435,0.05884161,0.096695155,0.09302408,36.209427,28.639822,0.08666574795331274,0.005940557906537184,0.0023072891386358863,0.025734358999345983,36.41646385192871,27.34991863795689,1.0186362,1.6892942,1.6583881,0.08264758810400963,-0.0013595260679721832,0
0.052656423,0.15940994,0.08917274,36.052242,28.532652,0.1359961,0.06513844,0.17112356,0.10456833,36.04062,28.23787,0.08666574795331274,0.005940557906537184,0.0023072891386358863,0.025734358999345983,36.41646385192871,27.34991863795689,1.7876532,3.0273597,1.6934828,0.08264758810400963,-0.0013595260679721832,0
0.057972312,0.20936836,0.10017205,35.730095,28.375788,0.13932629,0.065925084,0.20386422,0.108744144,35.92871,28.075068,0.08666574795331274,0.005940557906537184,0.0023072891386358863,0.025734358999345983,36.41646385192871,27.34991863795689,2.0900877,3.6115234,1.7279292,0.08264758810400963,-0.0013595260679721832,0
0.06345999,0.19341753,0.1067973,35.776993,28.377134,0.13997796,0.063726984,0.16698247,0.10487742,35.95738,28.09831,0.08666574795331274,0.005940557906537184,0.0023072891386358863,0.025734358999345983,36.41646385192871,27.34991863795689,1.8110714,3.0478656,1.6829076,0.08264758810400963,-0.0013595260679721832,0
0.06554214,0.15267573,0.10921889,35.928234,28.45938,0.13670126,0.05774938,0.11377707,0.097132266,36.05243,28.171873,0.08666574795331274,0.005940557906537184,0.0023072891386358863,0.025734358999345983,36.41646385192871,27.34991863795689,1.3978876,2.3294287,1.6663918,0.08264758810400963,-0.0013595260679721832,0
0.05954136,0.09560491,0.10263954,36.097187,28.526146,0.12615609,0.045809712,0.056274384,0.08400005,36.130524,28.232872,0.08666574795331274,0.005940557906537184,0.0023072891386358863,0.025734358999345983,36.41646385192871,27.34991863795689,0.93146276,1.605689,1.7238361,0.08264758810400963,-0.0013595260679721832,0
0.005644897,0.0022571082,0.024499089,36.361515,27.427723,0.085153446,0.0055435384,0.0022367567,0.024488077,36.386116,27.413176,0.08666574795331274,0.005940557906537184,0.0023072891386358863,0.025734358999345983,36.41646385192871,27.34991863795689,0.17672597,0.5450414,3.005796,0.08264758810400963,-0.0013595260679721832,0
0.005644897,0.0022571082,0.024499089,36.361515,27.427723,0.085153446,0.0055435384,0.0022367567,0.024488077,36.386116,27.413176,0.08666574795331274,0.005940557906537184,0.0023072891386358863,0.025734358999345983,36.41646385192871,27.34991863795689,0.17672597,0.5450414,3.005796,0.08264758810400963,-0.0013595260679721832,0
0.005644897,0.0022571082,0.024499089,36.361515,27.427723,0.085153446,0.0055435384,0.0022367567,0.024488077,36.386116,27.413176,0.08666574795331274,0.005940557906537184,0.0023072891386358863,0.025734358999345983,36.41646385192871,27.34991863795689,0.17672597,0.5450414,3.005796,0.08264758810400963,-0.0013595260679721832,0
0.005644897,0.0022571082,0.024499089,36.361515,27.427723,0.085153446,0.0055435384,0.0022367567,0.024488077,36.386116,27.413176,0.08666574795331274,0.005940557906537184,0.0023072891386358863,0.025734358999345983,36.41646385192871,27.34991863795689,0.17672597,0.5450414,3.005796,0.08264758810400963,-0.0013595260679721832,0
0.005644897,0.0022571082,0.024499089,36.361515,27.427723,0.085153446,0.0055435384,0.0022367567,0.024488077,36.386116,27.413176,0.08666574795331274,0.005940557906537184,0.0023072891386358863,0.025734358999345983,36.41646385192871,27.34991863795689,0.17672597,0.5450414,3.005796,0.08264758810400963,-0.0013595260679721832,0
0.005644897,0.0022571082,0.024499089,36.361515,27.427723,0.085153446,0.0055435384,0.0022367567,0.024488077,36.386116,27.413176,0.08666574795331274,0.005940557906537184,0.0023072891386358863,0.025734358999345983,36.41646385192871,27.34991863795689,0.17672597,0.5450414,3.005796,0.08264758810400963,-0.0013595260679721832,0
0.005644897,0.0022571082,0.024499089,36.361515,27.427723,0.085153446,0.0055435384,0.0022367567,0.024488077,36.386116,27.413176,0.08666574795331274,0.005940557906537184,0.0023072891386358863,0.025734358999345983,36.41646385192871,27.34991863795689,0.17672597,0.5450414,3.005796,0.08264758810400963,-0.0013595260679721832,0
0.005644897,0.0022571082,0.024499089,36.361515,27.427723,0.085153446,0.0055435384,0.0022367567,0.024488077,36.386116,27.413176,0.08666574795331274,0.005940557906537184,0.0023072891386358863,0.025734358999345983,36.41646385192871,27.34991863795689,0.17672597,0.5450414,3.005796,0.08264758810400963,-0.0013595260679721832,0
0.08291337,0.4120827,0.14286351,35.960648,28.391323,0.17224571,0.09377937,0.40069404,0.15106116,36.119846,28.350447,0.08666574795331274,0.005940557906537184,0.0023072891386358863,0.025734358999345983,36.41646385192871,27.34991863795689,2.8844502,4.9700394,1.7230456,0.08264758810400963,-0.0013595260679721832,0
0.084354155,0.49096435,0.15367958,35.514133,28.3352,0.17128363,0.09153198,0.46088314,0.15596235,36.108692,28.205713,0.08666574795331274,0.005940557906537184,0.0023072891386358863,0.025734358999345983,36.41646385192871,27.34991863795689,3.1947274,5.820275,1.8218377,0.08264758810400963,-0.0013595260679721832,0
0.086314976,0.37505314,0.1462298,35.706604,28.34734,0.16824003,0.08718063,0.3324231,0.14061423,36.05173,28.206636,0.08666574795331274,0.005940557906537184,0.0023072891386358863,0.025734358999345983,36.41646385192871,27.34991863795689,2.56482,4.3451686,1.6941417,0.08264758810400963,-0.0013595260679721832,0
0.08715803,0.28591865,0.14046519,35.89755,28.503548,0.16475305,0.082885586,0.23796625,0.12881021,36.02506,28.277596,0.08666574795331274,0.005940557906537184,0.0023072891386358863,0.025734358999345983,36.41646385192871,27.34991863795689,2.0355127,3.2804625,1.611615,0.08264758810400963,-0.0013595260679721832,0
0.005644897,0.0022571082,0.024499089,36.361515,27.427723,0.085153446,0.0055435384,0.0022367567,0.024488077,36.386116,27.413176,0.08666574795331274,0.005940557906537184,0.0023072891386358863,0.025734358999345983,36.41646385192871,27.34991863795689,0.17672597,0.5450414,3.005796,0.08264758810400963,-0.0013595260679721832,0
0.005644897,0.0022571082,0.024499089,36.361515,27.427723,0.085153446,0.0055435384,0.0022367567,0.024488077,36.386116,27.413176,0.08666574795331274,0.005940557906537184,0.0023072891386358863,0.025734358999345983,36.41646385192871,27.34991863795689,0.17672597,0.5450414,3.005796,0.08264758810400963,-0.0013595260679721832,0
0.005644897,0.0022571082,0.024499089,36.361515,27.427723,0.085153446,0.0055435384,0.0022367567,0.024488077,36.386116,27.413176,0.08666574795331274,0.005940557906537184,0.0023072891386358863,0.025734358999345983,36.41646385192871,27.34991863795689,0.17672597,0.5450414,3.005796,0.08264758810400963,-0.0013595260679721832,0
0.005644897,0.0022571082,0.024499089,36.361515,27.427723,0.085153446,0.0055435384,0.0022367567,0.024488077,36.386116,27.413176,0.08666574795331274,0.005940557906537184,0.0023072891386358863,0.025734358999345983,36.41646385192871,27.34991863795689,0.17672597,0.5450414,3.005796,0.08264758810400963,-0.0013595260679721832,0
0.005644897,0.0022571082,0.024499089,36.361515,27.427723,0.085153446,0.0055435384,0.0022367567,0.024488077,36.386116,27.413176,0.08666574795331274,0.005940557906537184,0.0023072891386358863,0.025734358999345983,36.41646385192871,27.34991863795689,0.17672597,0.5450414,3.005796,0.08264758810400963,-0.0013595260679721832,0
0.005644897,0.0022571082,0.024499089,36.361515,27.427723,0.085153446,0.0055435384,0.0022367567,0.024488077,36.386116,27.413176,0.08666574795331274,0.005940557906537184,0.0023072891386358863,0.025734358999345983,36.41646385192871,27.34991863795689,0.17672597,0.5450414,3.005796,0.08264758810400963,-0.0013595260679721832,0
0.005644897,0.0022571082,0.024499089,36.361515,27.427723,0.085153446,0.0055435384,0.0022367567,0.024488077,36.386116,27.413176,0.08666574795331274,0.005940557906537184,0.0023072891386358863,0.025734358999345983,36.41646385192871,27.34991863795689,0.17672597,0.5450414,3.005796,0.08264758810400963,-0.0013595260679721832,0
0.005644897,0.0022571082,0.024499089,36.361515,27.427723,0.085153446,0.0055435384,0.0022367567,0.024488077,36.386116,27.413176,0.08666574795331274,0.005940557906537184,0.0023072891386358863,0.025734358999345983,36.41646385192871,27.34991863795689,0.17672597,0.5450414,3.005796,0.08264758810400963,-0.0013595260679721832,0
0.005644897,0.0022571082,0.024499089,36.361515,27.427723,0.085153446,0.0055435384,0.0022367567,0.024488077,36.386116,27.413176,0.08666574795331274,0.005940557906537184,0.0023072891386358863,0.025734358999345983,36.41646385192871,27.34991863795689,0.17672597,0.5450414,3.005796,0.08264758810400963,-0.0013595260679721832,0
0.005644897,0.0022571082,0.024499089,36.361515,27.427723,0.085153446,0.0055435384,0.0022367567,0.024488077,36.386116,27.413176,0.08666574795331274,0.005940557906537184,0.0023072891386358863,0.025734358999345983,36.41646385192871,27.34991863795689,0.17672597,0.5450414,3.005796,0.08264758810400963,-0.0013595260679721832,0
0.005644897,0.0022571082,0.024499089,36.361515,27.427723,0.085153446,0.0055435384,0.0022367567,0.024488077,36.386116,27.413176,0.08666574795331274,0.005940557906537184,0.0023072891386358863,0.025734358999345983,36.41646385192871,27.34991863795689,0.17672597,0.5450414,3.005796,0.08264758810400963,-0.0013595260679721832,0
0.005644897,0.0022571082,0.024499089,36.361515,27.427723,0.085153446,0.0055435384,0.0022367567,0.024488077,36.386116,27.413176,0.08666574795331274,0.005940557906537184,0.0023072891386358863,0.025734358999345983,36.41646385192871,27.34991863795689,0.17672597,0.5450414,3.005796,0.08264758810400963,-0.0013595260679721832,0
0.005644897,0.0022571082,0.024499089,36.361515,27.427723,0.085153446,0.0055435384,0.0022367567,0.024488077,36.386116,27.413176,0.08666574795331274,0.005940557906537184,0.0023072891386358863,0.025734358999345983,36.41646385192871,27.34991863795689,0.17672597,0.5450414,3.005796,0.08264758810400963,-0.0013595260679721832,0
0.005644897,0.0022571082,0.024499089,36.361515,27.427723,0.085153446,0.0055435384,0.0022367567,0.024488077,36.386116,27.413176,0.08666574795331274,0.005940557906537184,0.0023072891386358863,0.025734358999345983,36.41646385192871,27.34991863795689,0.17672597,0.5450414,3.005796,0.08264758810400963,-0.0013595260679721832,0
0.005644897,0.0022571082,0.024499089,36.361515,27.427723,0.085153446,0.0055435384,0.0022367567,0.024488077,36.386116,27.413176,0.08666574795331274,0.005940557906537184,0.0023072891386358863,0.025734358999345983,36.41646385192871,27.34991863795689,0.17672597,0.5450414,3.005796,0.08264758810400963,-0.0013595260679721832,0
0.005644897,0.0022571082,0.024499089,36.361515,27.427723,0.085153446,0.0055435384,0.0022367567,0.024488077,36.386116,27.413176,0.08666574795331274,0.005940557906537184,0.0023072891386358863,0.025734358999345983,36.41646385192871,27.34991863795689,0.17672597,0.5450414,3.005796,0.08264758810400963,-0.0013595260679721832,0
0.005644897,0.0022571082,0.024499089,36.361515,27.427723,0.085153446,0.0055435384,0.0022367567,0.024488077,36.386116,27.413176,0.08666574795331274,0.005940557906537184,0.0023072891386358863,0.025734358999345983,36.41646385192871,27.34991863795689,0.17672597,0.5450414,3.005796,0.08264758810400963,-0.0013595260679721832,0
0.005644897,0.0022571082,0.024499089,36.361515,27.427723,0.085153446,0.0055435384,0.0022367567,0.024488077,36.386116,27.413176,0.08666574795331274,0.005940557906537184,0.0023072891386358863,0.025734358999345983,36.41646385192871,27.34991863795689,0.17672597,0.5450414,3.005796,0.08264758810400963,-0.0013595260679721832,0
0.005644897,0.0022571082,0.024499089,36.361515,27.427723,0.085153446,0.0055435384,0.0022367567,0.024488077,36.386116,27.413176,0.08666574795331274,0.005940557906537184,0.0023072891386358863,0.025734358999345983,36.41646385192871,27.34991863795689,0.17672597,0.5450414,3.005796,0.08264758810400963,-0.0013595260679721832,0
0.005644897,0.0022571082,0.024499089,36.361515,27.427723,0.085153446,0.0055435384,0.0022367567,0.024488077,36.386116,27.413176,0.08666574795331274,0.005940557906537184,0.0023072891386358863,0.025734358999345983,36.41646385192871,27.34991863795689,0.17672597,0.5450414,3.005796,0.08264758810400963,-0.0013595260679721832,0
0.005644897,0.0022571082,0.024499089,36.361515,27.427723,0.085153446,0.0055435384,0.0022367567,0.024488077,36.386116,27.413176,0.08666574795331274,0.005940557906537184,0.0023072891386358863,0.025734358999345983,36.41646385192871,27.34991863795689,0.17672597,0.5450414,3.005796,0.08264758810400963,-0.0013595260679721832,0
0.005644897,0.0022571082,0.024499089,36.361515,27.427723,0.085153446,0.0055435384,0.0022367567,0.024488077,36.386116,27.413176,0.08666574795331274,0.005940557906537184,0.0023072891386358863,0.025734358999345983,36.41646385192871,27.34991863795689,0.17672597,0.5450414,3.005796,0.08264758810400963,-0.0013595260679721832,0
0.005644897,0.0022571082,0.024499089,36.361515,27.427723,0.085153446,0.0055435384,0.0022367567,0.024488077,36.386116,27.413176,0.08666574795331274,0.005940557906537184,0.0023072891386358863,0.025734358999345983,36.41646385192871,27.34991863795689,0.17672597,0.5450414,3.005796,0.08264758810400963,-0.0013595260679721832,0
0.005644897,0.0022571082,0.024499089,36.361515,27.427723,0.085153446,0.0055435384,0.0022367567,0.024488077,36.386116,27.413176,0.08666574795331274,0.005940557906537184,0.0023072891386358863,0.025734358999345983,36.41646385192871,27.34991863795689,0.17672597,0.5450414,3.005796,0.08264758810400963,-0.0013595260679721832,0
0.005644897,0.0022571082,0.024499089,36.361515,27.427723,0.085153446,0.0055435384,0.0022367567,0.024488077,36.386116,27.413176,0.08666574795331274,0.005940557906537184,0.0023072891386358863,0.025734358999345983,36.41646385192871,27.34991863795689,0.17672597,0.5450414,3.005796,0.08264758810400963,-0.0013595260679721832,0
0.005644897,0.0022571082,0.024499089,36.361515,27.427723,0.085153446,0.0055435384,0.0022367567,0.024488077,36.386116,27.413176,0.08666574795331274,0.005940557906537184,0.0023072891386358863,0.025734358999345983,36.41646385192871,27.34991863795689,0.17672597,0.5450414,3.005796,0.08264758810400963,-0.0013595260679721832,0
0.005644897,0.0022571082,0.024499089,36.361515,27.427723,0.085153446,0.0055435384,0.0022367567,0.024488077,36.386116,27.413176,0.08666574795331274,0.005940557906537184,0.0023072891386358863,0.025734358999345983,36.41646385192871,27.34991863795689,0.17672597,0.5450414,3.005796,0.08264758810400963,-0.0013595260679721832,0
0.005644897,0.0022571082,0.024499089,36.361515,27.427723,0.085153446,0.0055435384,0.0022367567,0.024488077,36.386116,27.413176,0.08666574795331274,0.005940557906537184,0.0023072891386358863,0.025734358999345983,36.41646385192871,27.34991863795689,0.17672597,0.5450414,3.005796,0.08264758810400963,-0.0013595260679721832,0
0.005644897,0.0022571082,0.024499089,36.361515,27.427723,0.085153446,0.0055435384,0.0022367567,0.024488077,36.386116,27.413176,0.08666574795331274,0.005940557906537184,0.0023072891386358863,0.025734358999345983,36.41646385192871,27.34991863795689,0.17672597,0.5450414,3.005796,0.08264758810400963,-0.0013595260679721832,0
0.005644897,0.0022571082,0.024499089,36.361515,27.427723,0.085153446,0.0055435384,0.0022367567,0.024488077,36.386116,27.413176,0.08666574795331274,0.005940557906537184,0.0023072891386358863,0.025734358999345983,36.41646385192871,27.34991863795689,0.17672597,0.5450414,3.005796,0.08264758810400963,-0.0013595260679721832,0
0.005644897,0.0022571082,0.024499089,36.361515,27.427723,0.085153446,0.0055435384,0.0022367567,0.024488077,36.386116,27.413176,0.08666574795331274,0.005940557906537184,0.0023072891386358863,0.025734358999345983,36.41646385192871,27.34991863795689,0.17672597,0.5450414,3.005796,0.08264758810400963,-0.0013595260679721832,0
0.005644897,0.0022571082,0.024499089,36.361515,27.427723,0.085153446,0.0055435384,0.0022367567,0.024488077,36.386116,27.413176,0.08666574795331274,0.005940557906537184,0.0023072891386358863,0.025734358999345983,36.41646385192871,27.34991863795689,0.17672597,0.5450414,3.005796,0.08264758810400963,-0.0013595260679721832,0
0.005644897,0.0022571082,0.024499089,36.361515,27.427723,0.085153446,0.0055435384,0.0022367567,0.024488077,36.386116,27.413176,0.08666574795331274,0.005940557906537184,0.0023072891386358863,0.025734358999345983,36.41646385192871,27.34991863795689,0.17672597,0.5450414,3.005796,0.08264758810400963,-0.0013595260679721832,0
0.005644897,0.0022571082,0.024499089,36.361515,27.427723,0.085153446,0.0055435384,0.0022367567,0.024488077,36.386116,27.413176,0.08666574795331274,0.005940557906537184,0.0023072891386358863,0.025734358999345983,36.41646385192871,27.34991863795689,0.17672597,0.5450414,3.005796,0.08264758810400963,-0.0013595260679721832,0
0.005644897,0.0022571082,0.024499089,36.361515,27.427723,0.085153446,0.0055435384,0.0022367567,0.024488077,36.386116,27.413176,0.08666574795331274,0.005940557906537184,0.0023072891386358863,0.025734358999345983,36.41646385192871,27.34991863795689,0.17672597,0.5450414,3.005796,0.08264758810400963,-0.0013595260679721832,0
0.005644897,0.0022571082,0.024499089,36.361515,27.427723,0.085153446,0.0055435384,0.0022367567,0.024488077,36.386116,27.413176,0.08666574795331274,0.005940557906537184,0.0023072891386358863,0.025734358999345983,36.41646385192871,27.34991863795689,0.17672597,0.5450414,3.005796,0.08264758810400963,-0.0013595260679721832,0
0.005644897,0.0022571082,0.024499089,36.361515,27.427723,0.085153446,0.0055435384,0.0022367567,0.024488077,36.386116,27.413176,0.08666574795331274,0.005940557906537184,0.0023072891386358863,0.025734358999345983,36.41646385192871,27.34991863795689,0.17672597,0.5450414,3.005796,0.08264758810400963,-0.0013595260679721832,0
0.005644897,0.0022571082,0.024499089,36.361515,27.427723,0.085153446,0.0055435384,0.0022367567,0.024488077,36.386116,27.413176,0.08666574795331274,0.005940557906537184,0.0023072891386358863,0.025734358999345983,36.41646385192871,27.34991863795689,0.17672597,0.5450414,3.005796,0.08264758810400963,-0.0013595260679721832,0
0.005644897,0.0022571082,0.024499089,36.361515,27.427723,0.085153446,0.0055435384,0.0022367567,0.024488077,36.386116,27.413176,0.08666574795331274,0.005940557906537184,0.0023072891386358863,0.025734358999345983,36.41646385192871,27.34991863795689,0.17672597,0.5450414,3.005796,0.08264758810400963,-0.0013595260679721832,0
0.005644897,0.0022571082,0.024499089,36.361515,27.427723,0.085153446,0.0055435384,0.0022367567,0.024488077,36.386116,27.413176,0.08666574795331274,0.005940557906537184,0.0023072891386358863,0.025734358999345983,36.41646385192871,27.34991863795689,0.17672597,0.5450414,3.005796,0.08264758810400963,-0.0013595260679721832,0
0.005644897,0.0022571082,0.024499089,36.361515,27.427723,0.085153446,0.0055435384,0.0022367567,0.024488077,36.386116,27.413176,0.08666574795331274,0.005940557906537184,0.0023072891386358863,0.025734358999345983,36.41646385192871,27.34991863795689,0.17672597,0.5450414,3.005796,0.08264758810400963,-0.0013595260679721832,0
0.005644897,0.0022571082,0.024499089,36.361515,27.427723,0.085153446,0.0055435384,0.0022367567,0.024488077,36.386116,27.413176,0.08666574795331274,0.005940557906537184,0.0023072891386358863,0.025734358999345983,36.41646385192871,27.34991863795689,0.17672597,0.5450414,3.005796,0.08264758810400963,-0.0013595260679721832,0
0.005644897,0.0022571082,0.024499089,36.361515,27.427723,0.085153446,0.0055435384,0.0022367567,0.024488077,36.386116,27.413176,0.08666574795331274,0.005940557906537184,0.0023072891386358863,0.025734358999345983,36.41646385192871,27.34991863795689,0.17672597,0.5450414,3.005796,0.08264758810400963,-0.0013595260679721832,0
0.005644897,0.0022571082,0.024499089,36.361515,27.427723,0.085153446,0.0055435384,0.0022367567,0.024488077,36.386116,27.413176,0.08666574795331274,0.005940557906537184,0.0023072891386358863,0.025734358999345983,36.41646385192871,27.34991863795689,0.17672597,0.5450414,3.005796,0.08264758810400963,-0.0013595260679721832,0
0.005644897,0.0022571082,0.024499089,36.361515,27.427723,0.085153446,0.0055435384,0.0022367567,0.024488077,36.386116,27.413176,0.08666574795331274,0.005940557906537184,0.0023072891386358863,0.025734358999345983,36.41646385192871,27.34991863795689,0.17672597,0.5450414,3.005796,0.08264758810400963,-0.0013595260679721832,0
0.005644897,0.0022571082,0.024499089,36.361515,27.427723,0.085153446,0.0055435384,0.0022367567,0.024488077,36.386116,27.413176,0.08666574795331274,0.005940557906537184,0.0023072891386358863,0.025734358999345983,36.41646385192871,27.34991863795689,0.17672597,0.5450414,3.005796,0.08264758810400963,-0.0013595260679721832,0
0.005644897,0.0022571082,0.024499089,36.361515,27.427723,0.085153446,0.0055435384,0.0022367567,0.024488077,36.386116,27.413176,0.08666574795331274,0.005940557906537184,0.0023072891386358863,0.025734358999345983,36.41646385192871,27.34991863795689,0.17672597,0.5450414,3.005796,0.08264758810400963,-0.0013595260679721832,0
0.005644897,0.0022571082,0.024499089,36.361515,27.427723,0.085153446,0.0055435384,0.0022367567,0.024488077,36.386116,27.413176,0.08666574795331274,0.005940557906537184,0.0023072891386358863,0.025734358999345983,36.41646385192871,27.34991863795689,0.17672597,0.5450414,3.005796,0.08264758810400963,-0.0013595260679721832,0
0.005644897,0.0022571082,0.024499089,36.361515,27.427723,0.085153446,0.0055435384,0.0022367567,0.024488077,36.386116,27.413176,0.08666574795331274,0.005940557906537184,0.0023072891386358863,0.025734358999345983,36.41646385192871,27.34991863795689,0.17672597,0.5450414,3.005796,0.08264758810400963,-0.0013595260679721832,0
0.005644897,0.0022571082,0.024499089,36.361515,27.427723,0.085153446,0.0055435384,0.0022367567,0.024488077,36.386116,27.413176,0.08666574795331274,0.005940557906537184,0.0023072891386358863,0.025734358999345983,36.41646385192871,27.34991863795689,0.17672597,0.5450414,3.005796,0.08264758810400963,-0.0013595260679721832,0
0.005644897,0.0022571082,0.024499089,36.361515,27.427723,0.085153446,0.0055435384,0.0022367567,0.024488077,36.386116,27.413176,0.08666574795331274,0.005940557906537184,0.0023072891386358863,0.025734358999345983,36.41646385192871,27.34991863795689,0.17672597,0.5450414,3.005796,0.08264758810400963,-0.0013595260679721832,0
0.005644897,0.0022571082,0.024499089,36.361515,27.427723,0.085153446,0.0055435384,0.0022367567,0.024488077,36.386116,27.413176,0.08666574795331274,0.005940557906537184,0.0023072891386358863,0.025734358999345983,36.41646385192871,27.34991863795689,0.17672597,0.5450414,3.005796,0.08264758810400963,-0.0013595260679721832,0
0.005644897,0.0022571082,0.024499089,36.361515,27.427723,0.085153446,0.0055435384,0.0022367567,0.024488077,36.386116,27.413176,0.08666574795331274,0.005940557906537184,0.0023072891386358863,0.025734358999345983,36.41646385192871,27.34991863795689,0.17672597,0.5450414,3.005796,0.08264758810400963,-0.0013595260679721832,0
0.005644897,0.0022571082,0.024499089,36.361515,27.427723,0.085153446,0.0055435384,0.0022367567,0.024488077,36.386116,27.413176,0.08666574795331274,0.005940557906537184,0.0023072891386358863,0.025734358999345983,36.41646385192871,27.34991863795689,0.17672597,0.5450414,3.005796,0.08264758810400963,-0.0013595260679721832,0
0.005644897,0.0022571082,0.024499089,36.361515,27.427723,0.085153446,0.0055435384,0.0022367567,0.024488077,36.386116,27.413176,0.08666574795331274,0.005940557906537184,0.0023072891386358863,0.025734358999345983,36.41646385192871,27.34991863795689,0.17672597,0.5450414,3.005796,0.08264758810400963,-0.0013595260679721832,0
0.005644897,0.0022571082,0.024499089,36.361515,27.427723,0.085153446,0.0055435384,0.0022367567,0.024488077,36.386116,27.413176,0.08666574795331274,0.005940557906537184,0.0023072891386358863,0.025734358999345983,36.41646385192871,27.34991863795689,0.17672597,0.5450414,3.005796,0.08264758810400963,-0.0013595260679721832,0
0.005644897,0.0022571082,0.024499089,36.361515,27.427723,0.085153446,0.0055435384,0.0022367567,0.024488077,36.386116,27.413176,0.08666574795331274,0.005940557906537184,0.0023072891386358863,0.025734358999345983,36.41646385192871,27.34991863795689,0.17672597,0.5450414,3.005796,0.08264758810400963,-0.0013595260679721832,0
0.005644897,0.0022571082,0.024499089,36.361515,27.427723,0.085153446,0.0055435384,0.0022367567,0.024488077,36.386116,27.413176,0.08666574795331274,0.005940557906537184,0.0023072891386358863,0.025734358999345983,36.41646385192871,27.34991863795689,0.17672597,0.5450414,3.005796,0.08264758810400963,-0.0013595260679721832,0
0.005644897,0.0022571082,0.024499089,36.361515,27.427723,0.085153446,0.0055435384,0.0022367567,0.024488077,36.386116,27.413176,0.08666574795331274,0.005940557906537184,0.0023072891386358863,0.025734358999345983,36.41646385192871,27.34991863795689,0.17672597,0.5450414,3.005796,0.08264758810400963,-0.0013595260679721832,0
0.005644897,0.0022571082,0.024499089,36.361515,27.427723,0.085153446,0.0055435384,0.0022367567,0.024488077,36.386116,27.413176,0.08666574795331274,0.005940557906537184,0.0023072891386358863,0.025734358999345983,36.41646385192871,27.34991863795689,0.17672597,0.5450414,3.005796,0.08264758810400963,-0.0013595260679721832,0
0.005644897,0.0022571082,0.024499089,36.361515,27.427723,0.085153446,0.0055435384,0.0022367567,0.024488077,36.386116,27.413176,0.08666574795331274,0.005940557906537184,0.0023072891386358863,0.025734358999345983,36.41646385192871,27.34991863795689,0.17672597,0.5450414,3.005796,0.08264758810400963,-0.0013595260679721832,0
0.005644897,0.0022571082,0.024499089,36.361515,27.427723,0.085153446,0.0055435384,0.0022367567,0.024488077,36.386116,27.413176,0.08666574795331274,0.005940557906537184,0.0023072891386358863,0.025734358999345983,36.41646385192871,27.34991863795689,0.17672597,0.5450414,3.005796,0.08264758810400963,-0.0013595260679721832,0
0.005644897,0.0022571082,0.024499089,36.361515,27.427723,0.085153446,0.0055435384,0.0022367567,0.024488077,36.386116,27.413176,0.08666574795331274,0.005940557906537184,0.0023072891386358863,0.025734358999345983,36.41646385192871,27.34991863795689,0.17672597,0.5450414,3.005796,0.08264758810400963,-0.0013595260679721832,0
0.005644897,0.0022571082,0.024499089,36.361515,27.427723,0.085153446,0.0055435384,0.0022367567,0.024488077,36.386116,27.413176,0.08666574795331274,0.005940557906537184,0.0023072891386358863,0.025734358999345983,36.41646385192871,27.34991863795689,0.17672597,0.5450414,3.005796,0.08264758810400963,-0.0013595260679721832,0
0.005644897,0.0022571082,0.024499089,36.361515,27.427723,0.085153446,0.0055435384,0.0022367567,0.024488077,36.386116,27.413176,0.08666574795331274,0.005940557906537184,0.0023072891386358863,0.025734358999345983,36.41646385192871,27.34991863795689,0.17672597,0.5450414,3.005796,0.08264758810400963,-0.0013595260679721832,0
0.005644897,0.0022571082,0.024499089,36.361515,27.427723,0.085153446,0.0055435384,0.0022367567,0.024488077,36.386116,27.413176,0.08666574795331274,0.005940557906537184,0.0023072891386358863,0.025734358999345983,36.41646385192871,27.34991863795689,0.17672597,0.5450414,3.005796,0.08264758810400963,-0.0013595260679721832,0
0.005644897,0.0022571082,0.024499089,36.361515,27.427723,0.085153446,0.0055435384,0.0022367567,0.024488077,36.386116,27.413176,0.08666574795331274,0.005940557906537184,0.0023072891386358863,0.025734358999345983,36.41646385192871,27.34991863795689,0.17672597,0.5450414,3.005796,0.08264758810400963,-0.0013595260679721832,0
0.005644897,0.0022571082,0.024499089,36.361515,27.427723,0.085153446,0.0055435384,0.0022367567,0.024488077,36.386116,27.413176,0.08666574795331274,0.005940557906537184,0.0023072891386358863,0.025734358999345983,36.41646385192871,27.34991863795689,0.17672597,0.5450414,3.005796,0.08264758810400963,-0.0013595260679721832,0
0.005644897,0.0022571082,0.024499089,36.361515,27.427723,0.085153446,0.0055435384,0.0022367567,0.024488077,36.386116,27.413176,0.08666574795331274,0.005940557906537184,0.0023072891386358863,0.025734358999345983,36.41646385192871,27.34991863795689,0.17672597,0.5450414,3.005796,0.08264758810400963,-0.0013595260679721832,0
0.005644897,0.0022571082,0.024499089,36.361515,27.427723,0.085153446,0.0055435384,0.0022367567,0.024488077,36.386116,27.413176,0.08666574795331274,0.005940557906537184,0.0023072891386358863,0.025734358999345983,36.41646385192871,27.34991863795689,0.17672597,0.5450414,3.005796,0.08264758810400963,-0.0013595260679721832,0
0.005644897,0.0022571082,0.024499089,36.361515,27.427723,0.085153446,0.0055435384,0.0022367567,0.024488077,36.386116,27.413176,0.08666574795331274,0.005940557906537184,0.0023072891386358863,0.025734358999345983,36.41646385192871,27.34991863795689,0.17672597,0.5450414,3.005796,0.08264758810400963,-0.0013595260679721832,0
0.005644897,0.0022571082,0.024499089,36.361515,27.427723,0.085153446,0.0055435384,0.0022367567,0.024488077,36.386116,27.413176,0.08666574795331274,0.005940557906537184,0.0023072891386358863,0.025734358999345983,36.41646385192871,27.34991863795689,0.17672597,0.5450414,3.005796,0.08264758810400963,-0.0013595260679721832,0
0.005644897,0.0022571082,0.024499089,36.361515,27.427723,0.085153446,0.0055435384,0.0022367567,0.024488077,36.386116,27.413176,0.08666574795331274,0.005940557906537184,0.0023072891386358863,0.025734358999345983,36.41646385192871,27.34991863795689,0.17672597,0.5450414,3.005796,0.08264758810400963,-0.0013595260679721832,0
0.003341181,0.0035729334,0.005998577,35.880142,28.48378,0.038472,0.003341186,0.0035750498,0.0059985444,35.871735,28.858469,0.08666574795331274,0.005940557906537184,0.0023072891386358863,0.025734358999345983,36.41646385192871,27.34991863795689,0.59563017,1.0693624,1.7953464,0.08264758810400963,-0.0013595260679721832,0
0.003504445,0.0033128348,0.006368024,35.820564,28.316025,0.03900884,0.0035044593,0.003314933,0.0063680573,35.82237,28.560654,0.08666574795331274,0.005940557906537184,0.0023072891386358863,0.025734358999345983,36.41646385192871,27.34991863795689,0.52022964,0.94532365,1.8171276,0.08264758810400963,-0.0013595260679721832,0
0.003969277,0.00292465,0.007891194,35.811123,28.198935,0.04090724,0.0039693136,0.002926742,0.007891353,35.815952,28.334492,0.08666574795331274,0.005940557906537184,0.0023072891386358863,0.025734358999345983,36.41646385192871,27.34991863795689,0.37062198,0.7368219,1.9880685,0.08264758810400963,-0.0013595260679721832,0
0.0048618,0.0026902207,0.011010585,35.857086,28.156046,0.04466633,0.004861878,0.002692313,0.011010904,35.862892,28.257273,0.08666574795331274,0.005940557906537184,0.0023072891386358863,0.025734358999345983,36.41646385192871,27.34991863795689,0.2443304,0.5533384,2.2647138,0.08264758810400963,-0.0013595260679721832,0
0.0059786392,0.0028146878,0.014864925,35.89851,28.174501,0.049243946,0.0059787664,0.0028168142,0.01486539,35.90569,28.252642,0.08666574795331274,0.005940557906537184,0.0023072891386358863,0.025734358999345983,36.41646385192871,27.34991863795689,0.18935095,0.4707907,2.4863393,0.08264758810400963,-0.0013595260679721832,0
0.006790323,0.0030585383,0.017633602,35.913734,28.220276,0.05252068,0.0067904787,0.0030606838,0.017634142,35.921886,28.296442,0.08666574795331274,0.005940557906537184,0.0023072891386358863,0.025734358999345983,36.41646385192871,27.34991863795689,0.17344944,0.45042604,2.5968723,0.08264758810400963,-0.0013595260679721832,0
0.006871306,0.0031435376,0.01784128,35.884388,28.267683,0.05283821,0.006871442,0.0031456735,0.017841749,35.89406,28.352745,0.08666574795331274,0.005940557906537184,0.0023072891386358863,0.025734358999345983,36.41646385192871,27.34991863795689,0.17619462,0.45748764,2.5964904,0.08264758810400963,-0.0013595260679721832,0
0.006342734,0.003155631,0.015698532,35.82592,28.320515,0.05039341,0.006342836,0.0031577572,0.015698887,35.83636,28.417452,0.08666574795331274,0.005940557906537184,0.0023072891386358863,0.025734358999345983,36.41646385192871,27.34991863795689,0.2010144,0.49751905,2.4750416,0.08264758810400963,-0.0013595260679721832,0
0.005633927,0.0032218527,0.012725762,35.75531,28.359785,0.046840664,0.0056339987,0.0032239796,0.012725993,35.767982,28.492495,0.08666574795331274,0.005940557906537184,0.0023072891386358863,0.025734358999345983,36.41646385192871,27.34991863795689,0.25317562,0.5718663,2.258773,0.08264758810400963,-0.0013595260679721832,0
0.0050153458,0.0033463703,0.010084206,35.686195,28.39273,0.043527808,0.005015394,0.0033485042,0.01008433,35.702106,28.578974,0.08666574795331274,0.005940557906537184,0.0023072891386358863,0.025734358999345983,36.41646385192871,27.34991863795689,0.33184272,0.66722625,2.0106702,0.08264758810400963,-0.0013595260679721832,0
0.005644897,0.0022571082,0.024499089,36.361515,27.427723,0.085153446,0.0055435384,0.0022367567,0.024488077,36.386116,27.413176,0.08666574795331274,0.005940557906537184,0.0023072891386358863,0.025734358999345983,36.41646385192871,27.34991863795689,0.17672597,0.5450414,3.005796,0.08264758810400963,-0.0013595260679721832,0
0.005644897,0.0022571082,0.024499089,36.361515,27.427723,0.085153446,0.0055435384,0.0022367567,0.024488077,36.386116,27.413176,0.08666574795331274,0.005940557906537184,0.0023072891386358863,0.025734358999345983,36.41646385192871,27.34991863795689,0.17672597,0.5450414,3.005796,0.08264758810400963,-0.0013595260679721832,0
0.005644897,0.0022571082,0.024499089,36.361515,27.427723,0.085153446,0.0055435384,0.0022367567,0.024488077,36.386116,27.413176,0.08666574795331274,0.005940557906537184,0.0023072891386358863,0.025734358999345983,36.41646385192871,27.34991863795689,0.17672597,0.5450414,3.005796,0.08264758810400963,-0.0013595260679721832,0
0.0024301442,0.0026040648,0.0036873044,35.852703,28.42953,0.035572838,0.0024300967,0.0026060927,0.0036872388,35.854454,28.666592,0.08666574795331274,0.005940557906537184,0.0023072891386358863,0.025734358999345983,36.41646385192871,27.34991863795689,0.7062245,1.071568,1.5173192,0.08264758810400963,-0.0013595260679721832,0
0.0026489384,0.0021823465,0.0046517667,35.816063,28.319061,0.03676226,0.0026489415,0.0021844045,0.004651845,35.821526,28.486956,0.08666574795331274,0.005940557906537184,0.0023072891386358863,0.025734358999345983,36.41646385192871,27.34991863795689,0.4691436,0.823857,1.7560872,0.08264758810400963,-0.0013595260679721832,0
0.0034598496,0.0016650256,0.0078086727,35.82467,28.184505,0.04060523,0.00345989,0.0016670771,0.007808906,35.829563,28.29755,0.08666574795331274,0.005940557906537184,0.0023072891386358863,0.025734358999345983,36.41646385192871,27.34991863795689,0.21322773,0.48124218,2.25694,0.08264758810400963,-0.0013595260679721832,0
0.005252379,0.00164777,0.014069359,35.91756,28.147295,0.048077516,0.005252499,0.0016498648,0.014069808,35.921513,28.23023,0.08666574795331274,0.005940557906537184,0.0023072891386358863,0.025734358999345983,36.41646385192871,27.34991863795689,0.117117636,0.3137188,2.678664,0.08264758810400963,-0.0013595260679721832,0
0.007689562,0.0025659488,0.022052484,36.017986,28.181644,0.057501305,0.0076898118,0.0025681842,0.022053223,36.02135,28.256683,0.08666574795331274,0.005940557906537184,0.0023072891386358863,0.025734358999345983,36.41646385192871,27.34991863795689,0.116356455,0.33369243,2.8678465,0.08264758810400963,-0.0013595260679721832,0
0.009524167,0.0033953954,0.028167931,36.071102,28.253965,0.06478312,0.009524509,0.0033977018,0.028168885,36.075436,28.333845,0.08666574795331274,0.005940557906537184,0.0023072891386358863,0.025734358999345983,36.41646385192871,27.34991863795689,0.12054117,0.35650316,2.957522,0.08264758810400963,-0.0013595260679721832,0
0.009666975,0.0033124445,0.0291431,36.06593,28.309566,0.066250876,0.009667239,0.003314649,0.029143851,36.073265,28.411207,0.08666574795331274,0.005940557906537184,0.0023072891386358863,0.025734358999345983,36.41646385192871,27.34991863795689,0.11366136,0.34265575,3.0147076,0.08264758810400963,-0.0013595260679721832,0
0.008440889,0.0029375588,0.025127139,36.005806,28.357529,0.061931465,0.008441039,0.0029396897,0.025127547,36.017204,28.48528,0.08666574795331274,0.005940557906537184,0.0023072891386358863,0.025734358999345983,36.41646385192871,27.34991863795689,0.11690781,0.3480153,2.9768355,0.08264758810400963,-0.0013595260679721832,0
0.006889847,0.0028304593,0.019254614,35.89808,28.411184,0.055144925,0.006889937,0.0028325839,0.019254802,35.90915,28.579578,0.08666574795331274,0.005940557906537184,0.0023072891386358863,0.025734358999345983,36.41646385192871,27.34991863795689,0.14700161,0.41081598,2.7946358,0.08264758810400963,-0.0013595260679721832,0
0.0055554193,0.003023738,0.013724166,35.783237,28.455025,0.048380885,0.0055554695,0.0030258766,0.013724209,35.78744,28.643179,0.08666574795331274,0.005940557906537184,0.0023072891386358863,0.025734358999345983,36.41646385192871,27.34991863795689,0.22032218,0.5442862,2.4704106,0.08264758810400963,-0.0013595260679721832,0
0.005644897,0.0022571082,0.024499089,36.361515,27.427723,0.085153446,0.0055435384,0.0022367567,0.024488077,36.386116,27.413176,0.08666574795331274,0.005940557906537184,0.0023072891386358863,0.025734358999345983,36.41646385192871,27.34991863795689,0.17672597,0.5450414,3.005796,0.08264758810400963,-0.0013595260679721832,0
0.005644897,0.0022571082,0.024499089,36.361515,27.427723,0.085153446,0.0055435384,0.0022367567,0.024488077,36.386116,27.413176,0.08666574795331274,0.005940557906537184,0.0023072891386358863,0.025734358999345983,36.41646385192871,27.34991863795689,0.17672597,0.5450414,3.005796,0.08264758810400963,-0.0013595260679721832,0
0.005644897,0.0022571082,0.024499089,36.361515,27.427723,0.085153446,0.0055435384,0.0022367567,0.024488077,36.386116,27.413176,0.08666574795331274,0.005940557906537184,0.0023072891386358863,0.025734358999345983,36.41646385192871,27.34991863795689,0.17672597,0.5450414,3.005796,0.08264758810400963,-0.0013595260679721832,0
0.0017176527,0.00041566824,0.0036873645,35.88765,28.364977,0.035132647,0.0017175713,0.00041758266,0.0036873273,35.890648,28.458174,0.08666574795331274,0.005940557906537184,0.0023072891386358863,0.025734358999345983,36.41646385192871,27.34991863795689,0.11272773,0.24199784,2.1467464,0.08264758810400963,-0.0013595260679721832,0
0.001947386,1e-11,0.004758439,35.833683,28.290781,0.03647276,0.0019474337,1e-11,0.004758641,35.83716,28.3724,0.08666574795331274,0.005940557906537184,0.0023072891386358863,0.025734358999345983,36.41646385192871,27.34991863795689,2.1015294e-09,5.135089e-09,2.4435008,0.08264758810400963,-0.0013595260679721832,0
0.00323644,1e-11,0.009058881,35.8321,28.148823,0.041664004,0.0032365627,1e-11,0.009059307,35.83719,28.251158,0.08666574795331274,0.005940557906537184,0.0023072891386358863,0.025734358999345983,36.41646385192871,27.34991863795689,1.1038891e-09,3.0898146e-09,2.7990263,0.08264758810400963,-0.0013595260679721832,0
0.006395931,0.0013411714,0.01832036,35.90041,28.113657,0.052559696,0.006396279,0.001343555,0.018321214,35.90662,28.204597,0.08666574795331274,0.005940557906537184,0.0023072891386358863,0.025734358999345983,36.41646385192871,27.34991863795689,0.07320661,0.20969136,2.8643773,0.08264758810400963,-0.0013595260679721832,0
0.010820467,0.004658906,0.030716091,36.02154,28.180595,0.06694284,0.010821149,0.0046619093,0.030717483,36.024883,28.254692,0.08666574795331274,0.005940557906537184,0.0023072891386358863,0.025734358999345983,36.41646385192871,27.34991863795689,0.15167639,0.4305642,2.838703,0.08264758810400963,-0.0013595260679721832,0
0.013944423,0.0063945376,0.04035948,36.09792,28.262194,0.07831694,0.013945164,0.0063974177,0.040360995,36.101494,28.363966,0.08666574795331274,0.005940557906537184,0.0023072891386358863,0.025734358999345983,36.41646385192871,27.34991863795689,0.15843955,0.45857313,2.8943098,0.08264758810400963,-0.0013595260679721832,0
0.013623136,0.0051020137,0.041605912,36.111774,28.29864,0.080413364,0.013623542,0.0051043658,0.041606776,36.118168,28.44782,0.08666574795331274,0.005940557906537184,0.0023072891386358863,0.025734358999345983,36.41646385192871,27.34991863795689,0.12262713,0.37451094,3.0540628,0.08264758810400963,-0.0013595260679721832,0
0.010922538,0.0033421246,0.03461354,36.069305,28.35337,0.07313674,0.010922677,0.0033442522,0.034613747,36.07374,28.525856,0.08666574795331274,0.005940557906537184,0.0023072891386358863,0.025734358999345983,36.41646385192871,27.34991863795689,0.09655542,0.30598426,3.1690013,0.08264758810400963,-0.0013595260679721832,0
0.008188673,0.0026202428,0.02535938,35.92796,28.440178,0.0626974,0.008188727,0.0026223606,0.025359312,35.92295,28.620758,0.08666574795331274,0.005940557906537184,0.0023072891386358863,0.025734358999345983,36.41646385192871,27.34991863795689,0.103324406,0.3199838,3.096885,0.08264758810400963,-0.0013595260679721832,0
0.005955717,0.0028644218,0.016227538,35.76207,28.390366,0.05161625,0.005955726,0.0028665634,0.016227318,35.765125,28.66169,0.08666574795331274,0.005940557906537184,0.0023072891386358863,0.025734358999345983,36.41646385192871,27.34991863795689,0.1765161,0.4809533,2.7246993,0.08264758810400963,-0.0013595260679721832,0
0.005644897,0.0022571082,0.024499089,36.361515,27.427723,0.085153446,0.0055435384,0.0022367567,0.024488077,36.386116,27.413176,0.08666574795331274,0.005940557906537184,0.0023072891386358863,0.025734358999345983,36.41646385192871,27.34991863795689,0.17672597,0.5450414,3.005796,0.08264758810400963,-0.0013595260679721832,0
0.005644897,0.0022571082,0.024499089,36.361515,27.427723,0.085153446,0.0055435384,0.0022367567,0.024488077,36.386116,27.413176,0.08666574795331274,0.005940557906537184,0.0023072891386358863,0.025734358999345983,36.41646385192871,27.34991863795689,0.17672597,0.5450414,3.005796,0.08264758810400963,-0.0013595260679721832,0
0.005644897,0.0022571082,0.024499089,36.361515,27.427723,0.085153446,0.0055435384,0.0022367567,0.024488077,36.386116,27.413176,0.08666574795331274,0.005940557906537184,0.0023072891386358863,0.025734358999345983,36.41646385192871,27.34991863795689,0.17672597,0.5450414,3.005796,0.08264758810400963,-0.0013595260679721832,0
0.00487843,1e-11,0.012577604,36.088696,28.455328,0.04515539,0.004879009,1e-11,0.012578805,36.10257,28.5675,0.08666574795331274,0.005940557906537184,0.0023072891386358863,0.025734358999345983,36.41646385192871,27.34991863795689,7.95064e-10,2.0498396e-09,2.5782073,0.08264758810400963,-0.0013595260679721832,0
0.0056336983,0.00037970257,0.014378631,35.9612,28.312035,0.04720407,0.0056338096,0.00038092543,0.014379013,35.96636,28.377533,0.08666574795331274,0.005940557906537184,0.0023072891386358863,0.025734358999345983,36.41646385192871,27.34991863795689,0.026407422,0.06739846,2.5522542,0.08264758810400963,-0.0013595260679721832,0
0.008058288,0.003922271,0.020177497,35.92373,28.166931,0.053720914,0.00805871,0.003924842,0.020178385,35.929367,28.229912,0.08666574795331274,0.005940557906537184,0.0023072891386358863,0.025734358999345983,36.41646385192871,27.34991863795689,0.19438839,0.48673752,2.5039432,0.08264758810400963,-0.0013595260679721832,0
0.013308067,0.010771093,0.0321002,35.971584,28.192465,0.067236274,0.013309144,0.010775559,0.03210193,35.975414,28.252392,0.08666574795331274,0.005940557906537184,0.0023072891386358863,0.025734358999345983,36.41646385192871,27.34991863795689,0.33554596,0.8093657,2.412086,0.08264758810400963,-0.0013595260679721832,0
0.019780055,0.01771954,0.046940017,36.03659,28.261614,0.084182754,0.01978162,0.017724624,0.046942268,36.038307,28.351027,0.08666574795331274,0.005940557906537184,0.0023072891386358863,0.025734358999345983,36.41646385192871,27.34991863795689,0.37749326,0.8958287,2.3730984,0.08264758810400963,-0.0013595260679721832,0
0.022875194,0.017187094,0.05673827,36.090473,28.30368,0.0958327,0.022876406,0.017190745,0.05673996,36.092392,28.43891,0.08666574795331274,0.005940557906537184,0.0023072891386358863,0.025734358999345983,36.41646385192871,27.34991863795689,0.3029189,0.75134206,2.4803405,0.08264758810400963,-0.0013595260679721832,0
0.0197523,0.010303889,0.054990143,36.10904,28.30639,0.09491432,0.019752864,0.010306347,0.054990828,36.117092,28.500895,0.08666574795331274,0.005940557906537184,0.0023072891386358863,0.025734358999345983,36.41646385192871,27.34991863795689,0.18737702,0.5216552,2.7839868,0.08264758810400963,-0.0013595260679721832,0
0.013353256,0.0044508763,0.04206559,36.03057,28.280352,0.08159773,0.013353265,0.0044528684,0.042065375,36.03391,28.584867,0.08666574795331274,0.005940557906537184,0.0023072891386358863,0.025734358999345983,36.41646385192871,27.34991863795689,0.105808005,0.3333177,3.1502123,0.08264758810400963,-0.0013595260679721832,0
0.009815713,0.0023773392,0.032501794,35.822147,28.314394,0.07141923,0.009815767,0.002379402,0.032501716,35.824127,28.617144,0.08666574795331274,0.005940557906537184,0.0023072891386358863,0.025734358999345983,36.41646385192871,27.34991863795689,0.07314486,0.24219729,3.3112004,0.08264758810400963,-0.0013595260679721832,0
0.005644897,0.0022571082,0.024499089,36.361515,27.427723,0.085153446,0.0055435384,0.0022367567,0.024488077,36.386116,27.413176,0.08666574795331274,0.005940557906537184,0.0023072891386358863,0.025734358999345983,36.41646385192871,27.34991863795689,0.17672597,0.5450414,3.005796,0.08264758810400963,-0.0013595260679721832,0
0.005644897,0.0022571082,0.024499089,36.361515,27.427723,0.085153446,0.0055435384,0.0022367567,0.024488077,36.386116,27.413176,0.08666574795331274,0.005940557906537184,0.0023072891386358863,0.025734358999345983,36.41646385192871,27.34991863795689,0.17672597,0.5450414,3.005796,0.08264758810400963,-0.0013595260679721832,0
0.005644897,0.0022571082,0.024499089,36.361515,27.427723,0.085153446,0.0055435384,0.0022367567,0.024488077,36.386116,27.413176,0.08666574795331274,0.005940557906537184,0.0023072891386358863,0.025734358999345983,36.41646385192871,27.34991863795689,0.17672597,0.5450414,3.005796,0.08264758810400963,-0.0013595260679721832,0
0.005644897,0.0022571082,0.024499089,36.361515,27.427723,0.085153446,0.0055435384,0.0022367567,0.024488077,36.386116,27.413176,0.08666574795331274,0.005940557906537184,0.0023072891386358863,0.025734358999345983,36.41646385192871,27.34991863795689,0.17672597,0.5450414,3.005796,0.08264758810400963,-0.0013595260679721832,0
0.020047328,0.014564125,0.040167414,36.28114,28.841562,0.07416195,0.020047827,0.01456791,0.04016815,36.282253,28.859041,0.08666574795331274,0.005940557906537184,0.0023072891386358863,0.025734358999345983,36.41646385192871,27.34991863795689,0.36258557,0.7264871,2.0036294,0.08264758810400963,-0.0013595260679721832,0
0.021775529,0.03200139,0.043183245,36.169167,28.491285,0.077057615,0.021776909,0.032006614,0.043185353,36.172928,28.534712,0.08666574795331274,0.005940557906537184,0.0023072891386358863,0.025734358999345983,36.41646385192871,27.34991863795689,0.7410604,1.4696034,1.9831089,0.08264758810400963,-0.0013595260679721832,0
0.026366869,0.051349062,0.050995093,36.081505,28.295141,0.085054755,0.02636872,0.051358454,0.050997853,36.082893,28.343313,0.08666574795331274,0.005940557906537184,0.0023072891386358863,0.025734358999345983,36.41646385192871,27.34991863795689,1.0069412,1.9474843,1.9340595,0.08264758810400963,-0.0013595260679721832,0
0.03386587,0.062918834,0.06339997,36.02553,28.29974,0.09926665,0.033868488,0.06293032,0.063403614,36.016293,28.375927,0.08666574795331274,0.005940557906537184,0.0023072891386358863,0.025734358999345983,36.41646385192871,27.34991863795689,0.9924111,1.8578833,1.8720905,0.08264758810400963,-0.0013595260679721832,0
0.040112715,0.06253665,0.075365365,36.0425,28.292343,0.113786906,0.04011527,0.0625455,0.075368665,36.011406,28.451834,0.08666574795331274,0.005940557906537184,0.0023072891386358863,0.025734358999345983,36.41646385192871,27.34991863795689,0.8297797,1.5590231,1.8788397,0.08264758810400963,-0.0013595260679721832,0
0.03909517,0.044454336,0.07913044,36.091995,28.30612,0.119579405,0.03909669,0.0444588,0.07913208,36.087692,28.487144,0.08666574795331274,0.005940557906537184,0.0023072891386358863,0.025734358999345983,36.41646385192871,27.34991863795689,0.5617855,1.13708,2.0240464,0.08264758810400963,-0.0013595260679721832,0
0.030919123,0.021950666,0.07349341,36.10522,28.20507,0.11456614,0.030919762,0.021952862,0.073493876,36.12279,28.540796,0.08666574795331274,0.005940557906537184,0.0023072891386358863,0.025734358999345983,36.41646385192871,27.34991863795689,0.29867527,0.70993817,2.3769565,0.08264758810400963,-0.0013595260679721832,0
0.005644897,0.0022571082,0.024499089,36.361515,27.427723,0.085153446,0.0055435384,0.0022367567,0.024488077,36.386116,27.413176,0.08666574795331274,0.005940557906537184,0.0023072891386358863,0.025734358999345983,36.41646385192871,27.34991863795689,0.17672597,0.5450414,3.005796,0.08264758810400963,-0.0013595260679721832,0
0.005644897,0.0022571082,0.024499089,36.361515,27.427723,0.085153446,0.0055435384,0.0022367567,0.024488077,36.386116,27.413176,0.08666574795331274,0.005940557906537184,0.0023072891386358863,0.025734358999345983,36.41646385192871,27.34991863795689,0.17672597,0.5450414,3.005796,0.08264758810400963,-0.0013595260679721832,0
0.005644897,0.0022571082,0.024499089,36.361515,27.427723,0.085153446,0.0055435384,0.0022367567,0.024488077,36.386116,27.413176,0.08666574795331274,0.005940557906537184,0.0023072891386358863,0.025734358999345983,36.41646385192871,27.34991863795689,0.17672597,0.5450414,3.005796,0.08264758810400963,-0.0013595260679721832,0
0.005644897,0.0022571082,0.024499089,36.361515,27.427723,0.085153446,0.0055435384,0.0022367567,0.024488077,36.386116,27.413176,0.08666574795331274,0.005940557906537184,0.0023072891386358863,0.025734358999345983,36.41646385192871,27.34991863795689,0.17672597,0.5450414,3.005796,0.08264758810400963,-0.0013595260679721832,0
0.005644897,0.0022571082,0.024499089,36.361515,27.427723,0.085153446,0.0055435384,0.0022367567,0.024488077,36.386116,27.413176,0.08666574795331274,0.005940557906537184,0.0023072891386358863,0.025734358999345983,36.41646385192871,27.34991863795689,0.17672597,0.5450414,3.005796,0.08264758810400963,-0.0013595260679721832,0
0.005644897,0.0022571082,0.024499089,36.361515,27.427723,0.085153446,0.0055435384,0.0022367567,0.024488077,36.386116,27.413176,0.08666574795331274,0.005940557906537184,0.0023072891386358863,0.025734358999345983,36.41646385192871,27.34991863795689,0.17672597,0.5450414,3.005796,0.08264758810400963,-0.0013595260679721832,0
0.04479411,0.07566776,0.074286,36.227352,28.832111,0.10736308,0.044793986,0.07567022,0.07428581,36.23311,28.889114,0.08666574795331274,0.005940557906537184,0.0023072891386358863,0.025734358999345983,36.41646385192871,27.34991863795689,1.0186006,1.6892346,1.6583877,0.08264758810400963,-0.0013595260679721832,0
0.052653793,0.15939662,0.08916921,36.0611,28.489443,0.11933225,0.052656423,0.15940994,0.08917274,36.052242,28.532652,0.08666574795331274,0.005940557906537184,0.0023072891386358863,0.025734358999345983,36.41646385192871,27.34991863795689,1.7875746,3.027258,1.6935003,0.08264758810400963,-0.0013595260679721832,0
0.057968408,0.20933281,0.10016533,35.86037,28.302084,0.12879048,0.057972312,0.20936836,0.10017205,35.730095,28.375788,0.08666574795331274,0.005940557906537184,0.0023072891386358863,0.025734358999345983,36.41646385192871,27.34991863795689,2.0898728,3.6111534,1.7279296,0.08264758810400963,-0.0013595260679721832,0
0.06345641,0.19339679,0.1067922,35.92696,28.271582,0.1398327,0.06345999,0.19341753,0.1067973,35.776993,28.377134,0.08666574795331274,0.005940557906537184,0.0023072891386358863,0.025734358999345983,36.41646385192871,27.34991863795689,1.8109637,3.047711,1.6829221,0.08264758810400963,-0.0013595260679721832,0
0.06553918,0.15266304,0.109215364,36.02637,28.253231,0.14727102,0.06554214,0.15267573,0.10921889,35.928234,28.45938,0.08666574795331274,0.005940557906537184,0.0023072891386358863,0.025734358999345983,36.41646385192871,27.34991863795689,1.3978165,2.32934,1.6664133,0.08264758810400963,-0.0013595260679721832,0
0.059540093,0.09560182,0.102638625,36.116055,28.136868,0.14392254,0.05954136,0.09560491,0.10263954,36.097187,28.526146,0.08666574795331274,0.005940557906537184,0.0023072891386358863,0.025734358999345983,36.41646385192871,27.34991863795689,0.93144095,1.6056713,1.7238573,0.08264758810400963,-0.0013595260679721832,0
0.005644897,0.0022571082,0.024499089,36.361515,27.427723,0.085153446,0.0055435384,0.0022367567,0.024488077,36.386116,27.413176,0.08666574795331274,0.005940557906537184,0.0023072891386358863,0.025734358999345983,36.41646385192871,27.34991863795689,0.17672597,0.5450414,3.005796,0.08264758810400963,-0.0013595260679721832,0
0.005644897,0.0022571082,0.024499089,36.361515,27.427723,0.085153446,0.0055435384,0.0022367567,0.024488077,36.386116,27.413176,0.08666574795331274,0.005940557906537184,0.0023072891386358863,0.025734358999345983,36.41646385192871,27.34991863795689,0.17672597,0.5450414,3.005796,0.08264758810400963,-0.0013595260679721832,0
0.005644897,0.0022571082,0.024499089,36.361515,27.427723,0.085153446,0.0055435384,0.0022367567,0.024488077,36.386116,27.413176,0.08666574795331274,0.005940557906537184,0.0023072891386358863,0.025734358999345983,36.41646385192871,27.34991863795689,0.17672597,0.5450414,3.005796,0.08264758810400963,-0.0013595260679721832,0
0.005644897,0.0022571082,0.024499089,36.361515,27.427723,0.085153446,0.0055435384,0.0022367567,0.024488077,36.386116,27.413176,0.08666574795331274,0.005940557906537184,0.0023072891386358863,0.025734358999345983,36.41646385192871,27.34991863795689,0.17672597,0.5450414,3.005796,0.08264758810400963,-0.0013595260679721832,0
0.005644897,0.0022571082,0.024499089,36.361515,27.427723,0.085153446,0.0055435384,0.0022367567,0.024488077,36.386116,27.413176,0.08666574795331274,0.005940557906537184,0.0023072891386358863,0.025734358999345983,36.41646385192871,27.34991863795689,0.17672597,0.5450414,3.005796,0.08264758810400963,-0.0013595260679721832,0
0.005644897,0.0022571082,0.024499089,36.361515,27.427723,0.085153446,0.0055435384,0.0022367567,0.024488077,36.386116,27.413176,0.08666574795331274,0.005940557906537184,0.0023072891386358863,0.025734358999345983,36.41646385192871,27.34991863795689,0.17672597,0.5450414,3.005796,0.08264758810400963,-0.0013595260679721832,0
0.005644897,0.0022571082,0.024499089,36.361515,27.427723,0.085153446,0.0055435384,0.0022367567,0.024488077,36.386116,27.413176,0.08666574795331274,0.005940557906537184,0.0023072891386358863,0.025734358999345983,36.41646385192871,27.34991863795689,0.17672597,0.5450414,3.005796,0.08264758810400963,-0.0013595260679721832,0
0.005644897,0.0022571082,0.024499089,36.361515,27.427723,0.085153446,0.0055435384,0.0022367567,0.024488077,36.386116,27.413176,0.08666574795331274,0.005940557906537184,0.0023072891386358863,0.025734358999345983,36.41646385192871,27.34991863795689,0.17672597,0.5450414,3.005796,0.08264758810400963,-0.0013595260679721832,0
0.08291191,0.4120634,0.14286065,36.277756,28.361835,0.16079777,0.08291337,0.4120827,0.14286351,35.960648,28.391323,0.08666574795331274,0.005940557906537184,0.0023072891386358863,0.025734358999345983,36.41646385192871,27.34991863795689,2.884373,4.969894,1.7230414,0.08264758810400963,-0.0013595260679721832,0
0.08435224,0.4903366,0.15361455,36.26184,28.260433,0.16518117,0.084354155,0.49096435,0.15367958,35.514133,28.3352,0.08666574795331274,0.005940557906537184,0.0023072891386358863,0.025734358999345983,36.41646385192871,27.34991863795689,3.1919932,5.812965,1.8211081,0.08264758810400963,-0.0013595260679721832,0
0.086312756,0.37502584,0.14622574,36.220856,28.140823,0.17097326,0.086314976,0.37505314,0.1462298,35.706604,28.34734,0.08666574795331274,0.005940557906537184,0.0023072891386358863,0.025734358999345983,36.41646385192871,27.34991863795689,2.5647047,4.344964,1.6941382,0.08264758810400963,-0.0013595260679721832,0
0.08715588,0.28590587,0.14046279,36.14463,28.109568,0.17456445,0.08715803,0.28591865,0.14046519,35.89755,28.503548,0.08666574795331274,0.005940557906537184,0.0023072891386358863,0.025734358999345983,36.41646385192871,27.34991863795689,2.0354564,3.280397,1.6116272,0.08264758810400963,-0.0013595260679721832,0
0.005644897,0.0022571082,0.024499089,36.361515,27.427723,0.085153446,0.0055435384,0.0022367567,0.024488077,36.386116,27.413176,0.08666574795331274,0.005940557906537184,0.0023072891386358863,0.025734358999345983,36.41646385192871,27.34991863795689,0.17672597,0.5450414,3.005796,0.08264758810400963,-0.0013595260679721832,0
0.005644897,0.0022571082,0.024499089,36.361515,27.427723,0.085153446,0.0055435384,0.0022367567,0.024488077,36.386116,27.413176,0.08666574795331274,0.005940557906537184,0.0023072891386358863,0.025734358999345983,36.41646385192871,27.34991863795689,0.17672597,0.5450414,3.005796,0.08264758810400963,-0.0013595260679721832,0
0.005644897,0.0022571082,0.024499089,36.361515,27.427723,0.085153446,0.0055435384,0.0022367567,0.024488077,36.386116,27.413176,0.08666574795331274,0.005940557906537184,0.0023072891386358863,0.025734358999345983,36.41646385192871,27.34991863795689,0.17672597,0.5450414,3.005796,0.08264758810400963,-0.0013595260679721832,0
0.005644897,0.0022571082,0.024499089,36.361515,27.427723,0.085153446,0.0055435384,0.0022367567,0.024488077,36.386116,27.413176,0.08666574795331274,0.005940557906537184,0.0023072891386358863,0.025734358999345983,36.41646385192871,27.34991863795689,0.17672597,0.5450414,3.005796,0.08264758810400963,-0.0013595260679721832,0
0.005644897,0.0022571082,0.024499089,36.361515,27.427723,0.085153446,0.0055435384,0.0022367567,0.024488077,36.386116,27.413176,0.08666574795331274,0.005940557906537184,0.0023072891386358863,0.025734358999345983,36.41646385192871,27.34991863795689,0.17672597,0.5450414,3.005796,0.08264758810400963,-0.0013595260679721832,0
0.005644897,0.0022571082,0.024499089,36.361515,27.427723,0.085153446,0.0055435384,0.0022367567,0.024488077,36.386116,27.413176,0.08666574795331274,0.005940557906537184,0.0023072891386358863,0.025734358999345983,36.41646385192871,27.34991863795689,0.17672597,0.5450414,3.005796,0.08264758810400963,-0.0013595260679721832,0
0.005644897,0.0022571082,0.024499089,36.361515,27.427723,0.085153446,0.0055435384,0.0022367567,0.024488077,36.386116,27.413176,0.08666574795331274,0.005940557906537184,0.0023072891386358863,0.025734358999345983,36.41646385192871,27.34991863795689,0.17672597,0.5450414,3.005796,0.08264758810400963,-0.0013595260679721832,0
0.005644897,0.0022571082,0.024499089,36.361515,27.427723,0.085153446,0.0055435384,0.0022367567,0.024488077,36.386116,27.413176,0.08666574795331274,0.005940557906537184,0.0023072891386358863,0.025734358999345983,36.41646385192871,27.34991863795689,0.17672597,0.5450414,3.005796,0.08264758810400963,-0.0013595260679721832,0
0.005644897,0.0022571082,0.024499089,36.361515,27.427723,0.085153446,0.0055435384,0.0022367567,0.024488077,36.386116,27.413176,0.08666574795331274,0.005940557906537184,0.0023072891386358863,0.025734358999345983,36.41646385192871,27.34991863795689,0.17672597,0.5450414,3.005796,0.08264758810400963,-0.0013595260679721832,0
0.005644897,0.0022571082,0.024499089,36.361515,27.427723,0.085153446,0.0055435384,0.0022367567,0.024488077,36.386116,27.413176,0.08666574795331274,0.005940557906537184,0.0023072891386358863,0.025734358999345983,36.41646385192871,27.34991863795689,0.17672597,0.5450414,3.005796,0.08264758810400963,-0.0013595260679721832,0
0.005644897,0.0022571082,0.024499089,36.361515,27.427723,0.085153446,0.0055435384,0.0022367567,0.024488077,36.386116,27.413176,0.08666574795331274,0.005940557906537184,0.0023072891386358863,0.025734358999345983,36.41646385192871,27.34991863795689,0.17672597,0.5450414,3.005796,0.08264758810400963,-0.0013595260679721832,0
0.005644897,0.0022571082,0.024499089,36.361515,27.427723,0.085153446,0.0055435384,0.0022367567,0.024488077,36.386116,27.413176,0.08666574795331274,0.005940557906537184,0.0023072891386358863,0.025734358999345983,36.41646385192871,27.34991863795689,0.17672597,0.5450414,3.005796,0.08264758810400963,-0.0013595260679721832,0
0.005644897,0.0022571082,0.024499089,36.361515,27.427723,0.085153446,0.0055435384,0.0022367567,0.024488077,36.386116,27.413176,0.08666574795331274,0.005940557906537184,0.0023072891386358863,0.025734358999345983,36.41646385192871,27.34991863795689,0.17672597,0.5450414,3.005796,0.08264758810400963,-0.0013595260679721832,0
0.005644897,0.0022571082,0.024499089,36.361515,27.427723,0.085153446,0.0055435384,0.0022367567,0.024488077,36.386116,27.413176,0.08666574795331274,0.005940557906537184,0.0023072891386358863,0.025734358999345983,36.41646385192871,27.34991863795689,0.17672597,0.5450414,3.005796,0.08264758810400963,-0.0013595260679721832,0
0.005644897,0.0022571082,0.024499089,36.361515,27.427723,0.085153446,0.0055435384,0.0022367567,0.024488077,36.386116,27.413176,0.08666574795331274,0.005940557906537184,0.0023072891386358863,0.025734358999345983,36.41646385192871,27.34991863795689,0.17672597,0.5450414,3.005796,0.08264758810400963,-0.0013595260679721832,0
0.005644897,0.0022571082,0.024499089,36.361515,27.427723,0.085153446,0.0055435384,0.0022367567,0.024488077,36.386116,27.413176,0.08666574795331274,0.005940557906537184,0.0023072891386358863,0.025734358999345983,36.41646385192871,27.34991863795689,0.17672597,0.5450414,3.005796,0.08264758810400963,-0.0013595260679721832,0
0.005644897,0.0022571082,0.024499089,36.361515,27.427723,0.085153446,0.0055435384,0.0022367567,0.024488077,36.386116,27.413176,0.08666574795331274,0.005940557906537184,0.0023072891386358863,0.025734358999345983,36.41646385192871,27.34991863795689,0.17672597,0.5450414,3.005796,0.08264758810400963,-0.0013595260679721832,0
0.005644897,0.0022571082,0.024499089,36.361515,27.427723,0.085153446,0.0055435384,0.0022367567,0.024488077,36.386116,27.413176,0.08666574795331274,0.005940557906537184,0.0023072891386358863,0.025734358999345983,36.41646385192871,27.34991863795689,0.17672597,0.5450414,3.005796,0.08264758810400963,-0.0013595260679721832,0
0.005644897,0.0022571082,0.024499089,36.361515,27.427723,0.085153446,0.0055435384,0.0022367567,0.024488077,36.386116,27.413176,0.08666574795331274,0.005940557906537184,0.0023072891386358863,0.025734358999345983,36.41646385192871,27.34991863795689,0.17672597,0.5450414,3.005796,0.08264758810400963,-0.0013595260679721832,0
0.005644897,0.0022571082,0.024499089,36.361515,27.427723,0.085153446,0.0055435384,0.0022367567,0.024488077,36.386116,27.413176,0.08666574795331274,0.005940557906537184,0.0023072891386358863,0.025734358999345983,36.41646385192871,27.34991863795689,0.17672597,0.5450414,3.005796,0.08264758810400963,-0.0013595260679721832,0
0.005644897,0.0022571082,0.024499089,36.361515,27.427723,0.085153446,0.0055435384,0.0022367567,0.024488077,36.386116,27.413176,0.08666574795331274,0.005940557906537184,0.0023072891386358863,0.025734358999345983,36.41646385192871,27.34991863795689,0.17672597,0.5450414,3.005796,0.08264758810400963,-0.0013595260679721832,0
0.005644897,0.0022571082,0.024499089,36.361515,27.427723,0.085153446,0.0055435384,0.0022367567,0.024488077,36.386116,27.413176,0.08666574795331274,0.005940557906537184,0.0023072891386358863,0.025734358999345983,36.41646385192871,27.34991863795689,0.17672597,0.5450414,3.005796,0.08264758810400963,-0.0013595260679721832,0
0.005644897,0.0022571082,0.024499089,36.361515,27.427723,0.085153446,0.0055435384,0.0022367567,0.024488077,36.386116,27.413176,0.08666574795331274,0.005940557906537184,0.0023072891386358863,0.025734358999345983,36.41646385192871,27.34991863795689,0.17672597,0.5450414,3.005796,0.08264758810400963,-0.0013595260679721832,0
0.005644897,0.0022571082,0.024499089,36.361515,27.427723,0.085153446,0.0055435384,0.0022367567,0.024488077,36.386116,27.413176,0.08666574795331274,0.005940557906537184,0.0023072891386358863,0.025734358999345983,36.41646385192871,27.34991863795689,0.17672597,0.5450414,3.005796,0.08264758810400963,-0.0013595260679721832,0
0.005644897,0.0022571082,0.024499089,36.361515,27.427723,0.085153446,0.0055435384,0.0022367567,0.024488077,36.386116,27.413176,0.08666574795331274,0.005940557906537184,0.0023072891386358863,0.025734358999345983,36.41646385192871,27.34991863795689,0.17672597,0.5450414,3.005796,0.08264758810400963,-0.0013595260679721832,0
0.005644897,0.0022571082,0.024499089,36.361515,27.427723,0.085153446,0.0055435384,0.0022367567,0.024488077,36.386116,27.413176,0.08666574795331274,0.005940557906537184,0.0023072891386358863,0.025734358999345983,36.41646385192871,27.34991863795689,0.17672597,0.5450414,3.005796,0.08264758810400963,-0.0013595260679721832,0
0.005644897,0.0022571082,0.024499089,36.361515,27.427723,0.085153446,0.0055435384,0.0022367567,0.024488077,36.386116,27.413176,0.08666574795331274,0.005940557906537184,0.0023072891386358863,0.025734358999345983,36.41646385192871,27.34991863795689,0.17672597,0.5450414,3.005796,0.08264758810400963,-0.0013595260679721832,0
0.005644897,0.0022571082,0.024499089,36.361515,27.427723,0.085153446,0.0055435384,0.0022367567,0.024488077,36.386116,27.413176,0.08666574795331274,0.005940557906537184,0.0023072891386358863,0.025734358999345983,36.41646385192871,27.34991863795689,0.17672597,0.5450414,3.005796,0.08264758810400963,-0.0013595260679721832,0
0.005644897,0.0022571082,0.024499089,36.361515,27.427723,0.085153446,0.0055435384,0.0022367567,0.024488077,36.386116,27.413176,0.08666574795331274,0.005940557906537184,0.0023072891386358863,0.025734358999345983,36.41646385192871,27.34991863795689,0.17672597,0.5450414,3.005796,0.08264758810400963,-0.0013595260679721832,0
0.005644897,0.0022571082,0.024499089,36.361515,27.427723,0.085153446,0.0055435384,0.0022367567,0.024488077,36.386116,27.413176,0.08666574795331274,0.005940557906537184,0.0023072891386358863,0.025734358999345983,36.41646385192871,27.34991863795689,0.17672597,0.5450414,3.005796,0.08264758810400963,-0.0013595260679721832,0
0.005644897,0.0022571082,0.024499089,36.361515,27.427723,0.085153446,0.0055435384,0.0022367567,0.024488077,36.386116,27.413176,0.08666574795331274,0.005940557906537184,0.0023072891386358863,0.025734358999345983,36.41646385192871,27.34991863795689,0.17672597,0.5450414,3.005796,0.08264758810400963,-0.0013595260679721832,0
0.005644897,0.0022571082,0.024499089,36.361515,27.427723,0.085153446,0.0055435384,0.0022367567,0.024488077,36.386116,27.413176,0.08666574795331274,0.005940557906537184,0.0023072891386358863,0.025734358999345983,36.41646385192871,27.34991863795689,0.17672597,0.5450414,3.005796,0.08264758810400963,-0.0013595260679721832,0
0.005644897,0.0022571082,0.024499089,36.361515,27.427723,0.085153446,0.0055435384,0.0022367567,0.024488077,36.386116,27.413176,0.08666574795331274,0.005940557906537184,0.0023072891386358863,0.025734358999345983,36.41646385192871,27.34991863795689,0.17672597,0.5450414,3.005796,0.08264758810400963,-0.0013595260679721832,0
0.005644897,0.0022571082,0.024499089,36.361515,27.427723,0.085153446,0.0055435384,0.0022367567,0.024488077,36.386116,27.413176,0.08666574795331274,0.005940557906537184,0.0023072891386358863,0.025734358999345983,36.41646385192871,27.34991863795689,0.17672597,0.5450414,3.005796,0.08264758810400963,-0.0013595260679721832,0
0.005644897,0.0022571082,0.024499089,36.361515,27.427723,0.085153446,0.0055435384,0.0022367567,0.024488077,36.386116,27.413176,0.08666574795331274,0.005940557906537184,0.0023072891386358863,0.025734358999345983,36.41646385192871,27.34991863795689,0.17672597,0.5450414,3.005796,0.08264758810400963,-0.0013595260679721832,0
0.005644897,0.0022571082,0.024499089,36.361515,27.427723,0.085153446,0.0055435384,0.0022367567,0.024488077,36.386116,27.413176,0.08666574795331274,0.005940557906537184,0.0023072891386358863,0.025734358999345983,36.41646385192871,27.34991863795689,0.17672597,0.5450414,3.005796,0.08264758810400963,-0.0013595260679721832,0
0.005644897,0.0022571082,0.024499089,36.361515,27.427723,0.085153446,0.0055435384,0.0022367567,0.024488077,36.386116,27.413176,0.08666574795331274,0.005940557906537184,0.0023072891386358863,0.025734358999345983,36.41646385192871,27.34991863795689,0.17672597,0.5450414,3.005796,0.08264758810400963,-0.0013595260679721832,0
0.005644897,0.0022571082,0.024499089,36.361515,27.427723,0.085153446,0.0055435384,0.0022367567,0.024488077,36.386116,27.413176,0.08666574795331274,0.005940557906537184,0.0023072891386358863,0.025734358999345983,36.41646385192871,27.34991863795689,0.17672597,0.5450414,3.005796,0.08264758810400963,-0.0013595260679721832,0
0.005644897,0.0022571082,0.024499089,36.361515,27.427723,0.085153446,0.0055435384,0.0022367567,0.024488077,36.386116,27.413176,0.08666574795331274,0.005940557906537184,0.0023072891386358863,0.025734358999345983,36.41646385192871,27.34991863795689,0.17672597,0.5450414,3.005796,0.08264758810400963,-0.0013595260679721832,0
0.005644897,0.0022571082,0.024499089,36.361515,27.427723,0.085153446,0.0055435384,0.0022367567,0.024488077,36.386116,27.413176,0.08666574795331274,0.005940557906537184,0.0023072891386358863,0.025734358999345983,36.41646385192871,27.34991863795689,0.17672597,0.5450414,3.005796,0.08264758810400963,-0.0013595260679721832,0
0.005644897,0.0022571082,0.024499089,36.361515,27.427723,0.085153446,0.0055435384,0.0022367567,0.024488077,36.386116,27.413176,0.08666574795331274,0.005940557906537184,0.0023072891386358863,0.025734358999345983,36.41646385192871,27.34991863795689,0.17672597,0.5450414,3.005796,0.08264758810400963,-0.0013595260679721832,0
0.005644897,0.0022571082,0.024499089,36.361515,27.427723,0.085153446,0.0055435384,0.0022367567,0.024488077,36.386116,27.413176,0.08666574795331274,0.005940557906537184,0.0023072891386358863,0.025734358999345983,36.41646385192871,27.34991863795689,0.17672597,0.5450414,3.005796,0.08264758810400963,-0.0013595260679721832,0
0.005644897,0.0022571082,0.024499089,36.361515,27.427723,0.085153446,0.0055435384,0.0022367567,0.024488077,36.386116,27.413176,0.08666574795331274,0.005940557906537184,0.0023072891386358863,0.025734358999345983,36.41646385192871,27.34991863795689,0.17672597,0.5450414,3.005796,0.08264758810400963,-0.0013595260679721832,0
0.005644897,0.0022571082,0.024499089,36.361515,27.427723,0.085153446,0.0055435384,0.0022367567,0.024488077,36.386116,27.413176,0.08666574795331274,0.005940557906537184,0.0023072891386358863,0.025734358999345983,36.41646385192871,27.34991863795689,0.17672597,0.5450414,3.005796,0.08264758810400963,-0.0013595260679721832,0
0.005644897,0.0022571082,0.024499089,36.361515,27.427723,0.085153446,0.0055435384,0.0022367567,0.024488077,36.386116,27.413176,0.08666574795331274,0.005940557906537184,0.0023072891386358863,0.025734358999345983,36.41646385192871,27.34991863795689,0.17672597,0.5450414,3.005796,0.08264758810400963,-0.0013595260679721832,0
0.005644897,0.0022571082,0.024499089,36.361515,27.427723,0.085153446,0.0055435384,0.0022367567,0.024488077,36.386116,27.413176,0.08666574795331274,0.005940557906537184,0.0023072891386358863,0.025734358999345983,36.41646385192871,27.34991863795689,0.17672597,0.5450414,3.005796,0.08264758810400963,-0.0013595260679721832,0
0.005644897,0.0022571082,0.024499089,36.361515,27.427723,0.085153446,0.0055435384,0.0022367567,0.024488077,36.386116,27.413176,0.08666574795331274,0.005940557906537184,0.0023072891386358863,0.025734358999345983,36.41646385192871,27.34991863795689,0.17672597,0.5450414,3.005796,0.08264758810400963,-0.0013595260679721832,0
0.005644897,0.0022571082,0.024499089,36.361515,27.427723,0.085153446,0.0055435384,0.0022367567,0.024488077,36.386116,27.413176,0.08666574795331274,0.005940557906537184,0.0023072891386358863,0.025734358999345983,36.41646385192871,27.34991863795689,0.17672597,0.5450414,3.005796,0.08264758810400963,-0.0013595260679721832,0
0.005644897,0.0022571082,0.024499089,36.361515,27.427723,0.085153446,0.0055435384,0.0022367567,0.024488077,36.386116,27.413176,0.08666574795331274,0.005940557906537184,0.0023072891386358863,0.025734358999345983,36.41646385192871,27.34991863795689,0.17672597,0.5450414,3.005796,0.08264758810400963,-0.0013595260679721832,0
0.005644897,0.0022571082,0.024499089,36.361515,27.427723,0.085153446,0.0055435384,0.0022367567,0.024488077,36.386116,27.413176,0.08666574795331274,0.005940557906537184,0.0023072891386358863,0.025734358999345983,36.41646385192871,27.34991863795689,0.17672597,0.5450414,3.005796,0.08264758810400963,-0.0013595260679721832,0
0.005644897,0.0022571082,0.024499089,36.361515,27.427723,0.085153446,0.0055435384,0.0022367567,0.024488077,36.386116,27.413176,0.08666574795331274,0.005940557906537184,0.0023072891386358863,0.025734358999345983,36.41646385192871,27.34991863795689,0.17672597,0.5450414,3.005796,0.08264758810400963,-0.0013595260679721832,0
0.005644897,0.0022571082,0.024499089,36.361515,27.427723,0.085153446,0.0055435384,0.0022367567,0.024488077,36.386116,27.413176,0.08666574795331274,0.005940557906537184,0.0023072891386358863,0.025734358999345983,36.41646385192871,27.34991863795689,0.17672597,0.5450414,3.005796,0.08264758810400963,-0.0013595260679721832,0
0.005644897,0.0022571082,0.024499089,36.361515,27.427723,0.085153446,0.0055435384,0.0022367567,0.024488077,36.386116,27.413176,0.08666574795331274,0.005940557906537184,0.0023072891386358863,0.025734358999345983,36.41646385192871,27.34991863795689,0.17672597,0.5450414,3.005796,0.08264758810400963,-0.0013595260679721832,0
0.005644897,0.0022571082,0.024499089,36.361515,27.427723,0.085153446,0.0055435384,0.0022367567,0.024488077,36.386116,27.413176,0.08666574795331274,0.005940557906537184,0.0023072891386358863,0.025734358999345983,36.41646385192871,27.34991863795689,0.17672597,0.5450414,3.005796,0.08264758810400963,-0.0013595260679721832,0
0.005644897,0.0022571082,0.024499089,36.361515,27.427723,0.085153446,0.0055435384,0.0022367567,0.024488077,36.386116,27.413176,0.08666574795331274,0.005940557906537184,0.0023072891386358863,0.025734358999345983,36.41646385192871,27.34991863795689,0.17672597,0.5450414,3.005796,0.08264758810400963,-0.0013595260679721832,0
0.005644897,0.0022571082,0.024499089,36.361515,27.427723,0.085153446,0.0055435384,0.0022367567,0.024488077,36.386116,27.413176,0.08666574795331274,0.005940557906537184,0.0023072891386358863,0.025734358999345983,36.41646385192871,27.34991863795689,0.17672597,0.5450414,3.005796,0.08264758810400963,-0.0013595260679721832,0
0.005644897,0.0022571082,0.024499089,36.361515,27.427723,0.085153446,0.0055435384,0.0022367567,0.024488077,36.386116,27.413176,0.08666574795331274,0.005940557906537184,0.0023072891386358863,0.025734358999345983,36.41646385192871,27.34991863795689,0.17672597,0.5450414,3.005796,0.08264758810400963,-0.0013595260679721832,0
0.005644897,0.0022571082,0.024499089,36.361515,27.427723,0.085153446,0.0055435384,0.0022367567,0.024488077,36.386116,27.413176,0.08666574795331274,0.005940557906537184,0.0023072891386358863,0.025734358999345983,36.41646385192871,27.34991863795689,0.17672597,0.5450414,3.005796,0.08264758810400963,-0.0013595260679721832,0
0.005644897,0.0022571082,0.024499089,36.361515,27.427723,0.085153446,0.0055435384,0.0022367567,0.024488077,36.386116,27.413176,0.08666574795331274,0.005940557906537184,0.0023072891386358863,0.025734358999345983,36.41646385192871,27.34991863795689,0.17672597,0.5450414,3.005796,0.08264758810400963,-0.0013595260679721832,0
0.005644897,0.0022571082,0.024499089,36.361515,27.427723,0.085153446,0.0055435384,0.0022367567,0.024488077,36.386116,27.413176,0.08666574795331274,0.005940557906537184,0.0023072891386358863,0.025734358999345983,36.41646385192871,27.34991863795689,0.17672597,0.5450414,3.005796,0.08264758810400963,-0.0013595260679721832,0
0.005644897,0.0022571082,0.024499089,36.361515,27.427723,0.085153446,0.0055435384,0.0022367567,0.024488077,36.386116,27.413176,0.08666574795331274,0.005940557906537184,0.0023072891386358863,0.025734358999345983,36.41646385192871,27.34991863795689,0.17672597,0.5450414,3.005796,0.08264758810400963,-0.0013595260679721832,0
0.005644897,0.0022571082,0.024499089,36.361515,27.427723,0.085153446,0.0055435384,0.0022367567,0.024488077,36.386116,27.413176,0.08666574795331274,0.005940557906537184,0.0023072891386358863,0.025734358999345983,36.41646385192871,27.34991863795689,0.17672597,0.5450414,3.005796,0.08264758810400963,-0.0013595260679721832,0
0.005644897,0.0022571082,0.024499089,36.361515,27.427723,0.085153446,0.0055435384,0.0022367567,0.024488077,36.386116,27.413176,0.08666574795331274,0.005940557906537184,0.0023072891386358863,0.025734358999345983,36.41646385192871,27.34991863795689,0.17672597,0.5450414,3.005796,0.08264758810400963,-0.0013595260679721832,0
0.005644897,0.0022571082,0.024499089,36.361515,27.427723,0.085153446,0.0055435384,0.0022367567,0.024488077,36.386116,27.413176,0.08666574795331274,0.005940557906537184,0.0023072891386358863,0.025734358999345983,36.41646385192871,27.34991863795689,0.17672597,0.5450414,3.005796,0.08264758810400963,-0.0013595260679721832,0
0.005644897,0.0022571082,0.024499089,36.361515,27.427723,0.085153446,0.0055435384,0.0022367567,0.024488077,36.386116,27.413176,0.08666574795331274,0.005940557906537184,0.0023072891386358863,0.025734358999345983,36.41646385192871,27.34991863795689,0.17672597,0.5450414,3.005796,0.08264758810400963,-0.0013595260679721832,0
0.005644897,0.0022571082,0.024499089,36.361515,27.427723,0.085153446,0.0055435384,0.0022367567,0.024488077,36.386116,27.413176,0.08666574795331274,0.005940557906537184,0.0023072891386358863,0.025734358999345983,36.41646385192871,27.34991863795689,0.17672597,0.5450414,3.005796,0.08264758810400963,-0.0013595260679721832,0
0.005644897,0.0022571082,0.024499089,36.361515,27.427723,0.085153446,0.0055435384,0.0022367567,0.024488077,36.386116,27.413176,0.08666574795331274,0.005940557906537184,0.0023072891386358863,0.025734358999345983,36.41646385192871,27.34991863795689,0.17672597,0.5450414,3.005796,0.08264758810400963,-0.0013595260679721832,0
0.005644897,0.0022571082,0.024499089,36.361515,27.427723,0.085153446,0.0055435384,0.0022367567,0.024488077,36.386116,27.413176,0.08666574795331274,0.005940557906537184,0.0023072891386358863,0.025734358999345983,36.41646385192871,27.34991863795689,0.17672597,0.5450414,3.005796,0.08264758810400963,-0.0013595260679721832,0
0.005644897,0.0022571082,0.024499089,36.361515,27.427723,0.085153446,0.0055435384,0.0022367567,0.024488077,36.386116,27.413176,0.08666574795331274,0.005940557906537184,0.0023072891386358863,0.025734358999345983,36.41646385192871,27.34991863795689,0.17672597,0.5450414,3.005796,0.08264758810400963,-0.0013595260679721832,0
0.005644897,0.0022571082,0.024499089,36.361515,27.427723,0.085153446,0.0055435384,0.0022367567,0.024488077,36.386116,27.413176,0.08666574795331274,0.005940557906537184,0.0023072891386358863,0.025734358999345983,36.41646385192871,27.34991863795689,0.17672597,0.5450414,3.005796,0.08264758810400963,-0.0013595260679721832,0
