nh4,no3,po4,so,thetao,chl_t-1,nh4_t-1,no3_t-1,po4_t-1,so_t-1,thetao_t-1,chl_7day_avg,nh4_7day_avg,no3_7day_avg,po4_7day_avg,so_7day_avg,thetao_7day_avg,n_p_ratio,n_nh4_ratio,p_nh4_ratio,chl_monthly_median,chl_anomaly,bloom_proxy_label
0.0056220805,0.002179462,0.025226098,36.44274,27.3163,0.085743755,0.0056060404,0.002171043,0.025340699,36.451134,27.306746,0.08769768556313856,0.0061088374350219965,0.0022109326091594994,0.026881237248224873,36.45464750017439,27.228726523263113,0.16502365,0.52527535,3.1374733,0.08225335739552975,-0.0035012178122997284,0
0.0056220805,0.002179462,0.025226098,36.44274,27.3163,0.085743755,0.0056060404,0.002171043,0.025340699,36.451134,27.306746,0.08769768556313856,0.0061088374350219965,0.0022109326091594994,0.026881237248224873,36.45464750017439,27.228726523263113,0.16502365,0.52527535,3.1374733,0.08225335739552975,-0.0035012178122997284,0
0.0056220805,0.002179462,0.025226098,36.44274,27.3163,0.085743755,0.0056060404,0.002171043,0.025340699,36.451134,27.306746,0.08769768556313856,0.0061088374350219965,0.0022109326091594994,0.026881237248224873,36.45464750017439,27.228726523263113,0.16502365,0.52527535,3.1374733,0.08225335739552975,-0.0035012178122997284,0
0.0029908966,0.002610626,0.0056643113,35.85605,28.208273,0.04403243,0.0031225693,0.0021366868,0.0066832486,35.884026,27.759432,0.08769768556313856,0.0061088374350219965,0.0022109326091594994,0.026881237248224873,36.45464750017439,27.228726523263113,0.46089026,0.87285733,1.8938506,0.08225335739552975,-0.0035012178122997284,0
0.0031128603,0.002480215,0.005959561,35.7928,28.201677,0.043338634,0.0030778584,0.0021125423,0.006306254,35.78893,27.780247,0.08769768556313856,0.0061088374350219965,0.0022109326091594994,0.026881237248224873,36.45464750017439,27.228726523263113,0.41617408,0.79676396,1.9144968,0.08225335739552975,-0.0035012178122997284,0
0.003460169,0.0023817702,0.006878901,35.76721,28.178602,0.042995557,0.0031935018,0.0021984435,0.006213452,35.76685,27.825739,0.08769768556313856,0.0061088374350219965,0.0022109326091594994,0.026881237248224873,36.45464750017439,27.228726523263113,0.34624285,0.68833923,1.9880245,0.08225335739552975,-0.0035012178122997284,0
0.0039378246,0.002448659,0.007995376,35.75228,28.171381,0.043289755,0.003512782,0.0024216822,0.006586617,35.758743,27.85195,0.08769768556313856,0.0061088374350219965,0.0022109326091594994,0.026881237248224873,36.45464750017439,27.228726523263113,0.30625936,0.62183034,2.0304043,0.08225335739552975,-0.0035012178122997284,0
0.004318709,0.0027065554,0.008486762,35.72354,28.198807,0.04363222,0.0038999724,0.0027628513,0.006969976,35.731808,27.890455,0.08769768556313856,0.0061088374350219965,0.0022109326091594994,0.026881237248224873,36.45464750017439,27.228726523263113,0.31891498,0.62670475,1.9651154,0.08225335739552975,-0.0035012178122997284,0
0.004486359,0.0030398956,0.008068662,35.691055,28.238306,0.043544535,0.0042314217,0.0031394216,0.0070368126,35.699768,27.926182,0.08769768556313856,0.0061088374350219965,0.0022109326091594994,0.026881237248224873,36.45464750017439,27.228726523263113,0.37675336,0.6775863,1.7984878,0.08225335739552975,-0.0035012178122997284,0
0.004528469,0.0033411752,0.0072890054,35.64689,28.277903,0.04319381,0.004485551,0.0034199252,0.0069815,35.66079,27.944698,0.08769768556313856,0.0061088374350219965,0.0022109326091594994,0.026881237248224873,36.45464750017439,27.228726523263113,0.45838562,0.7378156,1.609596,0.08225335739552975,-0.0035012178122997284,0
0.004557838,0.003547303,0.00678879,35.590527,28.305412,0.042882435,0.004659038,0.0035496934,0.0070616016,35.589504,27.955736,0.08769768556313856,0.0061088374350219965,0.0022109326091594994,0.026881237248224873,36.45464750017439,27.228726523263113,0.5225236,0.7782863,1.489476,0.08225335739552975,-0.0035012178122997284,0
0.0045876508,0.0036352065,0.006727502,35.54327,28.338675,0.042690102,0.0047353683,0.0035650437,0.0072859516,35.5236,27.991564,0.08769768556313856,0.0061088374350219965,0.0022109326091594994,0.026881237248224873,36.45464750017439,27.228726523263113,0.5403501,0.7923896,1.4664373,0.08225335739552975,-0.0035012178122997284,0
0.004582176,0.0036389532,0.0068776747,35.517406,28.37497,0.042538483,0.0047176927,0.0035287126,0.007506877,35.491077,28.048994,0.08769768556313856,0.0061088374350219965,0.0022109326091594994,0.026881237248224873,36.45464750017439,27.228726523263113,0.5290964,0.794154,1.5009626,0.08225335739552975,-0.0035012178122997284,0
0.0056220805,0.002179462,0.025226098,36.44274,27.3163,0.085743755,0.0056060404,0.002171043,0.025340699,36.451134,27.306746,0.08769768556313856,0.0061088374350219965,0.0022109326091594994,0.026881237248224873,36.45464750017439,27.228726523263113,0.16502365,0.52527535,3.1374733,0.08225335739552975,-0.0035012178122997284,0
0.0056220805,0.002179462,0.025226098,36.44274,27.3163,0.085743755,0.0056060404,0.002171043,0.025340699,36.451134,27.306746,0.08769768556313856,0.0061088374350219965,0.0022109326091594994,0.026881237248224873,36.45464750017439,27.228726523263113,0.16502365,0.52527535,3.1374733,0.08225335739552975,-0.0035012178122997284,0
0.0056220805,0.002179462,0.025226098,36.44274,27.3163,0.085743755,0.0056060404,0.002171043,0.025340699,36.451134,27.306746,0.08769768556313856,0.0061088374350219965,0.0022109326091594994,0.026881237248224873,36.45464750017439,27.228726523263113,0.16502365,0.52527535,3.1374733,0.08225335739552975,-0.0035012178122997284,0
0.0028760894,0.0011632447,0.007308299,35.89089,28.109205,0.04694344,0.0035359515,0.0007575144,0.009907938,35.956524,27.751625,0.08769768556313856,0.0061088374350219965,0.0022109326091594994,0.026881237248224873,36.45464750017439,27.228726523263113,0.15916763,0.4044536,2.5410542,0.08225335739552975,-0.0035012178122997284,0
0.0030562081,0.00097249413,0.007894808,35.823563,28.083963,0.046351194,0.003401514,0.000679396,0.009383332,35.824635,27.710363,0.08769768556313856,0.0061088374350219965,0.0022109326091594994,0.026881237248224873,36.45464750017439,27.228726523263113,0.12318147,0.31820285,2.5832038,0.08225335739552975,-0.0035012178122997284,0
0.0035862566,0.0008676944,0.009500059,35.809383,28.077314,0.045920003,0.0033527093,0.0007116807,0.008923522,35.772736,27.72845,0.08769768556313856,0.0061088374350219965,0.0022109326091594994,0.026881237248224873,36.45464750017439,27.228726523263113,0.091335684,0.24194989,2.6490183,0.08225335739552975,-0.0035012178122997284,0
0.004366523,0.0010548828,0.011610058,35.824093,28.108995,0.046189167,0.0035936069,0.0010206791,0.009049995,35.77505,27.78104,0.08769768556313856,0.0061088374350219965,0.0022109326091594994,0.026881237248224873,36.45464750017439,27.228726523263113,0.09085939,0.24158415,2.6588793,0.08225335739552975,-0.0035012178122997284,0
0.004960816,0.0015215562,0.012780417,35.79313,28.169294,0.046313804,0.0039300085,0.0015637114,0.00912821,35.74131,27.865429,0.08769768556313856,0.0061088374350219965,0.0022109326091594994,0.026881237248224873,36.45464750017439,27.228726523263113,0.11905372,0.3067149,2.5762732,0.08225335739552975,-0.0035012178122997284,0
0.0050377375,0.0020607784,0.012052419,35.721634,28.236893,0.04545721,0.004135413,0.0022827697,0.0085237585,35.66792,27.937109,0.08769768556313856,0.0061088374350219965,0.0022109326091594994,0.026881237248224873,36.45464750017439,27.228726523263113,0.17098464,0.40906823,2.392427,0.08225335739552975,-0.0035012178122997284,0
0.004749117,0.002611512,0.010036691,35.655247,28.289892,0.044039477,0.0042331954,0.002949576,0.0076174913,35.61504,27.99061,0.08769768556313856,0.0061088374350219965,0.0022109326091594994,0.026881237248224873,36.45464750017439,27.228726523263113,0.2601965,0.5498943,2.1133804,0.08225335739552975,-0.0035012178122997284,0
0.0044361954,0.0031023577,0.008070108,35.617805,28.325027,0.04284888,0.004295713,0.0033616126,0.007000356,35.587807,28.015404,0.08769768556313856,0.0061088374350219965,0.0022109326091594994,0.026881237248224873,36.45464750017439,27.228726523263113,0.38442582,0.6993285,1.8191506,0.08225335739552975,-0.0035012178122997284,0
0.004255049,0.0034053165,0.0069374847,35.59523,28.334305,0.04220182,0.0043373806,0.0035144552,0.0068306574,35.560425,28.032993,0.08769768556313856,0.0061088374350219965,0.0022109326091594994,0.026881237248224873,36.45464750017439,27.228726523263113,0.4908575,0.8003002,1.6304125,0.08225335739552975,-0.0035012178122997284,0
0.004178204,0.0035594492,0.006471612,35.579914,28.31873,0.04187065,0.0043565207,0.0035439045,0.006884964,35.54417,28.079767,0.08769768556313856,0.0061088374350219965,0.0022109326091594994,0.026881237248224873,36.45464750017439,27.228726523263113,0.55000967,0.85190886,1.548898,0.08225335739552975,-0.0035012178122997284,0
0.0056220805,0.002179462,0.025226098,36.44274,27.3163,0.085743755,0.0056060404,0.002171043,0.025340699,36.451134,27.306746,0.08769768556313856,0.0061088374350219965,0.0022109326091594994,0.026881237248224873,36.45464750017439,27.228726523263113,0.16502365,0.52527535,3.1374733,0.08225335739552975,-0.0035012178122997284,0
0.0056220805,0.002179462,0.025226098,36.44274,27.3163,0.085743755,0.0056060404,0.002171043,0.025340699,36.451134,27.306746,0.08769768556313856,0.0061088374350219965,0.0022109326091594994,0.026881237248224873,36.45464750017439,27.228726523263113,0.16502365,0.52527535,3.1374733,0.08225335739552975,-0.0035012178122997284,0
0.0056220805,0.002179462,0.025226098,36.44274,27.3163,0.085743755,0.0056060404,0.002171043,0.025340699,36.451134,27.306746,0.08769768556313856,0.0061088374350219965,0.0022109326091594994,0.026881237248224873,36.45464750017439,27.228726523263113,0.16502365,0.52527535,3.1374733,0.08225335739552975,-0.0035012178122997284,0
0.005459109,1e-11,0.017227648,36.07881,28.187569,0.06013106,0.007638304,0.0007970704,0.02305558,36.236748,27.993889,0.08769768556313856,0.0061088374350219965,0.0022109326091594994,0.026881237248224873,36.45464750017439,27.228726523263113,5.804623e-10,1.8318008e-09,3.155762,0.08225335739552975,-0.0035012178122997284,0
0.0054127304,4.664564e-05,0.016945109,35.967407,28.095034,0.058318276,0.006927557,0.00084326946,0.021024913,36.04896,27.840302,0.08769768556313856,0.0061088374350219965,0.0022109326091594994,0.026881237248224873,36.45464750017439,27.228726523263113,0.0027527495,0.008617765,3.1306028,0.08225335739552975,-0.0035012178122997284,0
0.0057139867,4.814187e-05,0.017949931,35.908394,28.029083,0.056212682,0.0059399977,0.00035725036,0.018561011,35.86091,27.705626,0.08769768556313856,0.0061088374350219965,0.0022109326091594994,0.026881237248224873,36.45464750017439,27.228726523263113,0.0026820085,0.008425267,3.1414025,0.08225335739552975,-0.0035012178122997284,0
0.0064805164,0.00020777885,0.020122446,35.929085,28.061783,0.055064205,0.005367212,1.3271322e-05,0.016887564,35.836628,27.724829,0.08769768556313856,0.0061088374350219965,0.0022109326091594994,0.026881237248224873,36.45464750017439,27.228726523263113,0.010325725,0.032062083,3.1050682,0.08225335739552975,-0.0035012178122997284,0
0.0070895134,0.0006321516,0.02152626,35.949078,28.132801,0.054073095,0.0051098773,0.00012169486,0.0155066075,35.856056,27.83037,0.08769768556313856,0.0061088374350219965,0.0022109326091594994,0.026881237248224873,36.45464750017439,27.228726523263113,0.029366532,0.08916714,3.0363524,0.08225335739552975,-0.0035012178122997284,0
0.006813749,0.00090451585,0.020128086,35.92639,28.21777,0.05173762,0.0047632917,0.0007929176,0.01328595,35.796486,27.93674,0.08769768556313856,0.0061088374350219965,0.0022109326091594994,0.026881237248224873,36.45464750017439,27.228726523263113,0.044937994,0.13274863,2.9540398,0.08225335739552975,-0.0035012178122997284,0
0.0058208727,0.0013813083,0.016071405,35.82718,28.306623,0.0482715,0.0043693227,0.0018291045,0.0104988385,35.672432,27.998863,0.08769768556313856,0.0061088374350219965,0.0022109326091594994,0.026881237248224873,36.45464750017439,27.228726523263113,0.0859482,0.23730262,2.7609959,0.08225335739552975,-0.0035012178122997284,0
0.0048068915,0.002241087,0.011412892,35.711716,28.328506,0.044917285,0.004087961,0.00276226,0.008117897,35.611187,28.053831,0.08769768556313856,0.0061088374350219965,0.0022109326091594994,0.026881237248224873,36.45464750017439,27.228726523263113,0.19636452,0.46622372,2.3742769,0.08225335739552975,-0.0035012178122997284,0
0.0042140516,0.0029432164,0.008365548,35.6549,28.33738,0.042914066,0.003993862,0.0032742966,0.006944648,35.593636,28.04969,0.08769768556313856,0.0061088374350219965,0.0022109326091594994,0.026881237248224873,36.45464750017439,27.228726523263113,0.3518259,0.6984291,1.9851556,0.08225335739552975,-0.0035012178122997284,0
0.003959424,0.003476092,0.006600474,35.610573,28.275427,0.041596636,0.004047296,0.0035616949,0.0064973636,35.572613,28.040455,0.08769768556313856,0.0061088374350219965,0.0022109326091594994,0.026881237248224873,36.45464750017439,27.228726523263113,0.52664274,0.87792873,1.6670289,0.08225335739552975,-0.0035012178122997284,0
0.0056220805,0.002179462,0.025226098,36.44274,27.3163,0.085743755,0.0056060404,0.002171043,0.025340699,36.451134,27.306746,0.08769768556313856,0.0061088374350219965,0.0022109326091594994,0.026881237248224873,36.45464750017439,27.228726523263113,0.16502365,0.52527535,3.1374733,0.08225335739552975,-0.0035012178122997284,0
0.0056220805,0.002179462,0.025226098,36.44274,27.3163,0.085743755,0.0056060404,0.002171043,0.025340699,36.451134,27.306746,0.08769768556313856,0.0061088374350219965,0.0022109326091594994,0.026881237248224873,36.45464750017439,27.228726523263113,0.16502365,0.52527535,3.1374733,0.08225335739552975,-0.0035012178122997284,0
0.0056220805,0.002179462,0.025226098,36.44274,27.3163,0.085743755,0.0056060404,0.002171043,0.025340699,36.451134,27.306746,0.08769768556313856,0.0061088374350219965,0.0022109326091594994,0.026881237248224873,36.45464750017439,27.228726523263113,0.16502365,0.52527535,3.1374733,0.08225335739552975,-0.0035012178122997284,0
0.015551379,0.0059735784,0.03951805,36.358616,28.524588,0.08588378,0.020367702,0.012238161,0.0488596,36.42029,28.301876,0.08769768556313856,0.0061088374350219965,0.0022109326091594994,0.026881237248224873,36.45464750017439,27.228726523263113,0.15116076,0.38411888,2.5411284,0.08225335739552975,-0.0035012178122997284,0
0.015544814,0.008927954,0.038798213,36.22882,28.33522,0.08349558,0.019191608,0.0145814745,0.045880746,36.24293,28.039492,0.08769768556313856,0.0061088374350219965,0.0022109326091594994,0.026881237248224873,36.45464750017439,27.228726523263113,0.23011251,0.5743365,2.4958944,0.08225335739552975,-0.0035012178122997284,0
0.01474359,0.009443955,0.037755843,36.11387,28.189028,0.07831056,0.015786901,0.011890513,0.039895926,36.062473,27.854778,0.08769768556313856,0.0061088374350219965,0.0022109326091594994,0.026881237248224873,36.45464750017439,27.228726523263113,0.25013226,0.6405465,2.560831,0.08225335739552975,-0.0035012178122997284,0
0.014128379,0.0077965846,0.0376368,36.03325,28.135616,0.073300615,0.012383159,0.0064839497,0.0339098,35.93314,27.788635,0.08769768556313856,0.0061088374350219965,0.0022109326091594994,0.026881237248224873,36.45464750017439,27.228726523263113,0.20715322,0.5518386,2.6639152,0.08225335739552975,-0.0035012178122997284,0
0.013198136,0.005228167,0.03688449,36.020912,28.114607,0.068881854,0.009610751,0.002075547,0.028589588,35.92686,27.773983,0.08769768556313856,0.0061088374350219965,0.0022109326091594994,0.026881237248224873,36.45464750017439,27.228726523263113,0.14174432,0.3961292,2.7946742,0.08225335739552975,-0.0035012178122997284,0
0.011039279,0.0021197298,0.032887723,36.04067,28.204506,0.06349145,0.007292532,0.0001218665,0.022915779,35.934204,27.911633,0.08769768556313856,0.0061088374350219965,0.0022109326091594994,0.026881237248224873,36.45464750017439,27.228726523263113,0.06445353,0.19201703,2.9791548,0.08225335739552975,-0.0035012178122997284,0
0.008137545,0.00052216847,0.025254805,35.983932,28.36894,0.05668246,0.0055097034,0.00052604155,0.016778234,35.854343,28.098291,0.08769768556313856,0.0061088374350219965,0.0022109326091594994,0.026881237248224873,36.45464750017439,27.228726523263113,0.020676006,0.06416782,3.103492,0.08225335739552975,-0.0035012178122997284,0
0.0055910163,0.0013910562,0.015681395,35.794113,28.384733,0.04886097,0.0042912876,0.001975102,0.01061919,35.708508,28.117548,0.08769768556313856,0.0061088374350219965,0.0022109326091594994,0.026881237248224873,36.45464750017439,27.228726523263113,0.088707425,0.24880204,2.8047485,0.08225335739552975,-0.0035012178122997284,0
0.004507273,0.0022517447,0.010915146,35.696236,28.420732,0.045324452,0.0038776065,0.0027947538,0.008020803,35.65964,28.175673,0.08769768556313856,0.0061088374350219965,0.0022109326091594994,0.026881237248224873,36.45464750017439,27.228726523263113,0.20629543,0.4995803,2.421674,0.08225335739552975,-0.0035012178122997284,0
0.0056220805,0.002179462,0.025226098,36.44274,27.3163,0.085743755,0.0056060404,0.002171043,0.025340699,36.451134,27.306746,0.08769768556313856,0.0061088374350219965,0.0022109326091594994,0.026881237248224873,36.45464750017439,27.228726523263113,0.16502365,0.52527535,3.1374733,0.08225335739552975,-0.0035012178122997284,0
0.0056220805,0.002179462,0.025226098,36.44274,27.3163,0.085743755,0.0056060404,0.002171043,0.025340699,36.451134,27.306746,0.08769768556313856,0.0061088374350219965,0.0022109326091594994,0.026881237248224873,36.45464750017439,27.228726523263113,0.16502365,0.52527535,3.1374733,0.08225335739552975,-0.0035012178122997284,0
0.0056220805,0.002179462,0.025226098,36.44274,27.3163,0.085743755,0.0056060404,0.002171043,0.025340699,36.451134,27.306746,0.08769768556313856,0.0061088374350219965,0.0022109326091594994,0.026881237248224873,36.45464750017439,27.228726523263113,0.16502365,0.52527535,3.1374733,0.08225335739552975,-0.0035012178122997284,0
0.0056220805,0.002179462,0.025226098,36.44274,27.3163,0.085743755,0.0056060404,0.002171043,0.025340699,36.451134,27.306746,0.08769768556313856,0.0061088374350219965,0.0022109326091594994,0.026881237248224873,36.45464750017439,27.228726523263113,0.16502365,0.52527535,3.1374733,0.08225335739552975,-0.0035012178122997284,0
0.043333154,0.04809059,0.07563646,36.228794,28.635809,0.12202136,0.050410897,0.06282017,0.08561095,36.238163,28.356255,0.08769768556313856,0.0061088374350219965,0.0022109326091594994,0.026881237248224873,36.45464750017439,27.228726523263113,0.6358122,1.1097873,1.745464,0.08225335739552975,-0.0035012178122997284,0
0.041669272,0.06010072,0.07397209,36.05096,28.308897,0.11865225,0.046927474,0.07291521,0.08152898,36.038822,27.95009,0.08769768556313856,0.0061088374350219965,0.0022109326091594994,0.026881237248224873,36.45464750017439,27.228726523263113,0.8124783,1.442327,1.7752192,0.08225335739552975,-0.0035012178122997284,0
0.038213372,0.061861765,0.07047464,36.018196,28.193798,0.110419974,0.03930909,0.066271245,0.072296105,36.021084,27.855938,0.08769768556313856,0.0061088374350219965,0.0022109326091594994,0.026881237248224873,36.45464750017439,27.228726523263113,0.8777876,1.6188512,1.8442403,0.08225335739552975,-0.0035012178122997284,0
0.03357371,0.048685446,0.065521374,36.029106,28.186106,0.100004286,0.029718177,0.042745784,0.06005513,36.00586,27.847807,0.08769768556313856,0.0061088374350219965,0.0022109326091594994,0.026881237248224873,36.45464750017439,27.228726523263113,0.74304676,1.4501063,1.9515679,0.08225335739552975,-0.0035012178122997284,0
0.02760026,0.030265622,0.059211448,36.06933,28.204544,0.08988098,0.020682776,0.019712131,0.04825196,36.01633,27.837828,0.08769768556313856,0.0061088374350219965,0.0022109326091594994,0.026881237248224873,36.45464750017439,27.228726523263113,0.51114476,1.0965701,2.145322,0.08225335739552975,-0.0035012178122997284,0
0.019805422,0.011830583,0.049793325,36.100395,28.330519,0.07946447,0.013147474,0.004295257,0.036934294,36.034073,28.029543,0.08769768556313856,0.0061088374350219965,0.0022109326091594994,0.026881237248224873,36.45464750017439,27.228726523263113,0.23759376,0.59734064,2.5141258,0.08225335739552975,-0.0035012178122997284,0
0.012484975,0.0011280249,0.038653683,36.042934,28.4628,0.069246136,0.008115961,1e-11,0.026834616,35.99525,28.32014,0.08769768556313856,0.0061088374350219965,0.0022109326091594994,0.026881237248224873,36.45464750017439,27.228726523263113,0.029182857,0.09035059,3.096016,0.08225335739552975,-0.0035012178122997284,0
0.0056220805,0.002179462,0.025226098,36.44274,27.3163,0.085743755,0.0056060404,0.002171043,0.025340699,36.451134,27.306746,0.08769768556313856,0.0061088374350219965,0.0022109326091594994,0.026881237248224873,36.45464750017439,27.228726523263113,0.16502365,0.52527535,3.1374733,0.08225335739552975,-0.0035012178122997284,0
0.0056220805,0.002179462,0.025226098,36.44274,27.3163,0.085743755,0.0056060404,0.002171043,0.025340699,36.451134,27.306746,0.08769768556313856,0.0061088374350219965,0.0022109326091594994,0.026881237248224873,36.45464750017439,27.228726523263113,0.16502365,0.52527535,3.1374733,0.08225335739552975,-0.0035012178122997284,0
0.0056220805,0.002179462,0.025226098,36.44274,27.3163,0.085743755,0.0056060404,0.002171043,0.025340699,36.451134,27.306746,0.08769768556313856,0.0061088374350219965,0.0022109326091594994,0.026881237248224873,36.45464750017439,27.228726523263113,0.16502365,0.52527535,3.1374733,0.08225335739552975,-0.0035012178122997284,0
0.0056220805,0.002179462,0.025226098,36.44274,27.3163,0.085743755,0.0056060404,0.002171043,0.025340699,36.451134,27.306746,0.08769768556313856,0.0061088374350219965,0.0022109326091594994,0.026881237248224873,36.45464750017439,27.228726523263113,0.16502365,0.52527535,3.1374733,0.08225335739552975,-0.0035012178122997284,0
0.0056220805,0.002179462,0.025226098,36.44274,27.3163,0.085743755,0.0056060404,0.002171043,0.025340699,36.451134,27.306746,0.08769768556313856,0.0061088374350219965,0.0022109326091594994,0.026881237248224873,36.45464750017439,27.228726523263113,0.16502365,0.52527535,3.1374733,0.08225335739552975,-0.0035012178122997284,0
0.0056220805,0.002179462,0.025226098,36.44274,27.3163,0.085743755,0.0056060404,0.002171043,0.025340699,36.451134,27.306746,0.08769768556313856,0.0061088374350219965,0.0022109326091594994,0.026881237248224873,36.45464750017439,27.228726523263113,0.16502365,0.52527535,3.1374733,0.08225335739552975,-0.0035012178122997284,0
0.07118671,0.11820921,0.10766954,36.046684,28.526548,0.15163496,0.078031346,0.1358251,0.11648995,36.066185,28.246637,0.08769768556313856,0.0061088374350219965,0.0022109326091594994,0.026881237248224873,36.45464750017439,27.228726523263113,1.0978891,1.6605518,1.512495,0.08225335739552975,-0.0035012178122997284,0
0.073471196,0.17900683,0.11372073,35.732155,28.298363,0.15356074,0.07799749,0.19262967,0.11963334,35.9231,27.962343,0.08769768556313856,0.0061088374350219965,0.0022109326091594994,0.026881237248224873,36.45464750017439,27.228726523263113,1.5740914,2.4364219,1.5478274,0.08225335739552975,-0.0035012178122997284,0
0.068872,0.195062,0.11080614,35.6307,28.284416,0.14466725,0.06875519,0.19549997,0.11072379,35.96419,27.867811,0.08769768556313856,0.0061088374350219965,0.0022109326091594994,0.026881237248224873,36.45464750017439,27.228726523263113,1.7603898,2.8322396,1.6088706,0.08225335739552975,-0.0035012178122997284,0
0.060518984,0.14931786,0.09965747,35.899616,28.33592,0.1302017,0.054806273,0.1348825,0.09224273,36.043762,27.926386,0.08769768556313856,0.0061088374350219965,0.0022109326091594994,0.026881237248224873,36.45464750017439,27.228726523263113,1.4983108,2.4672897,1.6467142,0.08225335739552975,-0.0035012178122997284,0
0.049905516,0.093998216,0.08642102,36.101086,28.4021,0.115142114,0.040173415,0.0727222,0.07369267,36.108917,28.044428,0.08769768556313856,0.0061088374350219965,0.0022109326091594994,0.026881237248224873,36.45464750017439,27.228726523263113,1.0876777,1.8835236,1.7316928,0.08225335739552975,-0.0035012178122997284,0
0.035774685,0.039815523,0.07048761,36.15909,28.493773,0.09885129,0.02435809,0.020214995,0.05541804,36.14457,28.292215,0.08769768556313856,0.0061088374350219965,0.0022109326091594994,0.026881237248224873,36.45464750017439,27.228726523263113,0.56485844,1.1129525,1.9703209,0.08225335739552975,-0.0035012178122997284,0
0.0056220805,0.002179462,0.025226098,36.44274,27.3163,0.085743755,0.0056060404,0.002171043,0.025340699,36.451134,27.306746,0.08769768556313856,0.0061088374350219965,0.0022109326091594994,0.026881237248224873,36.45464750017439,27.228726523263113,0.16502365,0.52527535,3.1374733,0.08225335739552975,-0.0035012178122997284,0
0.0056220805,0.002179462,0.025226098,36.44274,27.3163,0.085743755,0.0056060404,0.002171043,0.025340699,36.451134,27.306746,0.08769768556313856,0.0061088374350219965,0.0022109326091594994,0.026881237248224873,36.45464750017439,27.228726523263113,0.16502365,0.52527535,3.1374733,0.08225335739552975,-0.0035012178122997284,0
0.0056220805,0.002179462,0.025226098,36.44274,27.3163,0.085743755,0.0056060404,0.002171043,0.025340699,36.451134,27.306746,0.08769768556313856,0.0061088374350219965,0.0022109326091594994,0.026881237248224873,36.45464750017439,27.228726523263113,0.16502365,0.52527535,3.1374733,0.08225335739552975,-0.0035012178122997284,0
0.0056220805,0.002179462,0.025226098,36.44274,27.3163,0.085743755,0.0056060404,0.002171043,0.025340699,36.451134,27.306746,0.08769768556313856,0.0061088374350219965,0.0022109326091594994,0.026881237248224873,36.45464750017439,27.228726523263113,0.16502365,0.52527535,3.1374733,0.08225335739552975,-0.0035012178122997284,0
0.0056220805,0.002179462,0.025226098,36.44274,27.3163,0.085743755,0.0056060404,0.002171043,0.025340699,36.451134,27.306746,0.08769768556313856,0.0061088374350219965,0.0022109326091594994,0.026881237248224873,36.45464750017439,27.228726523263113,0.16502365,0.52527535,3.1374733,0.08225335739552975,-0.0035012178122997284,0
0.0056220805,0.002179462,0.025226098,36.44274,27.3163,0.085743755,0.0056060404,0.002171043,0.025340699,36.451134,27.306746,0.08769768556313856,0.0061088374350219965,0.0022109326091594994,0.026881237248224873,36.45464750017439,27.228726523263113,0.16502365,0.52527535,3.1374733,0.08225335739552975,-0.0035012178122997284,0
0.0056220805,0.002179462,0.025226098,36.44274,27.3163,0.085743755,0.0056060404,0.002171043,0.025340699,36.451134,27.306746,0.08769768556313856,0.0061088374350219965,0.0022109326091594994,0.026881237248224873,36.45464750017439,27.228726523263113,0.16502365,0.52527535,3.1374733,0.08225335739552975,-0.0035012178122997284,0
0.0056220805,0.002179462,0.025226098,36.44274,27.3163,0.085743755,0.0056060404,0.002171043,0.025340699,36.451134,27.306746,0.08769768556313856,0.0061088374350219965,0.0022109326091594994,0.026881237248224873,36.45464750017439,27.228726523263113,0.16502365,0.52527535,3.1374733,0.08225335739552975,-0.0035012178122997284,0
0.098297715,0.3763928,0.15180537,35.601974,28.31232,0.1811997,0.10151511,0.38642627,0.15563272,36.045082,28.120617,0.08769768556313856,0.0061088374350219965,0.0022109326091594994,0.026881237248224873,36.45464750017439,27.228726523263113,2.4794433,3.8291104,1.5443429,0.08225335739552975,-0.0035012178122997284,0
0.092247345,0.4123462,0.15067773,35.28224,28.259615,0.17144385,0.09208515,0.4078678,0.14975026,36.06618,27.97431,0.08769768556313856,0.0061088374350219965,0.0022109326091594994,0.026881237248224873,36.45464750017439,27.228726523263113,2.7366102,4.4700065,1.6334099,0.08225335739552975,-0.0035012178122997284,0
0.08288598,0.29214227,0.13147597,35.7573,28.360134,0.15665428,0.07833987,0.27608788,0.12501058,36.083893,28.051342,0.08769768556313856,0.0061088374350219965,0.0022109326091594994,0.026881237248224873,36.45464750017439,27.228726523263113,2.2220204,3.5246284,1.5862268,0.08225335739552975,-0.0035012178122997284,0
0.07516714,0.20525894,0.117144614,36.081257,28.493881,0.14519882,0.06776488,0.18382086,0.10711543,36.11033,28.237894,0.08769768556313856,0.0061088374350219965,0.0022109326091594994,0.026881237248224873,36.45464750017439,27.228726523263113,1.7521842,2.7307003,1.5584551,0.08225335739552975,-0.0035012178122997284,0
0.0056220805,0.002179462,0.025226098,36.44274,27.3163,0.085743755,0.0056060404,0.002171043,0.025340699,36.451134,27.306746,0.08769768556313856,0.0061088374350219965,0.0022109326091594994,0.026881237248224873,36.45464750017439,27.228726523263113,0.16502365,0.52527535,3.1374733,0.08225335739552975,-0.0035012178122997284,0
0.0056220805,0.002179462,0.025226098,36.44274,27.3163,0.085743755,0.0056060404,0.002171043,0.025340699,36.451134,27.306746,0.08769768556313856,0.0061088374350219965,0.0022109326091594994,0.026881237248224873,36.45464750017439,27.228726523263113,0.16502365,0.52527535,3.1374733,0.08225335739552975,-0.0035012178122997284,0
0.0056220805,0.002179462,0.025226098,36.44274,27.3163,0.085743755,0.0056060404,0.002171043,0.025340699,36.451134,27.306746,0.08769768556313856,0.0061088374350219965,0.0022109326091594994,0.026881237248224873,36.45464750017439,27.228726523263113,0.16502365,0.52527535,3.1374733,0.08225335739552975,-0.0035012178122997284,0
0.0056220805,0.002179462,0.025226098,36.44274,27.3163,0.085743755,0.0056060404,0.002171043,0.025340699,36.451134,27.306746,0.08769768556313856,0.0061088374350219965,0.0022109326091594994,0.026881237248224873,36.45464750017439,27.228726523263113,0.16502365,0.52527535,3.1374733,0.08225335739552975,-0.0035012178122997284,0
0.0056220805,0.002179462,0.025226098,36.44274,27.3163,0.085743755,0.0056060404,0.002171043,0.025340699,36.451134,27.306746,0.08769768556313856,0.0061088374350219965,0.0022109326091594994,0.026881237248224873,36.45464750017439,27.228726523263113,0.16502365,0.52527535,3.1374733,0.08225335739552975,-0.0035012178122997284,0
0.0056220805,0.002179462,0.025226098,36.44274,27.3163,0.085743755,0.0056060404,0.002171043,0.025340699,36.451134,27.306746,0.08769768556313856,0.0061088374350219965,0.0022109326091594994,0.026881237248224873,36.45464750017439,27.228726523263113,0.16502365,0.52527535,3.1374733,0.08225335739552975,-0.0035012178122997284,0
0.0056220805,0.002179462,0.025226098,36.44274,27.3163,0.085743755,0.0056060404,0.002171043,0.025340699,36.451134,27.306746,0.08769768556313856,0.0061088374350219965,0.0022109326091594994,0.026881237248224873,36.45464750017439,27.228726523263113,0.16502365,0.52527535,3.1374733,0.08225335739552975,-0.0035012178122997284,0
0.0056220805,0.002179462,0.025226098,36.44274,27.3163,0.085743755,0.0056060404,0.002171043,0.025340699,36.451134,27.306746,0.08769768556313856,0.0061088374350219965,0.0022109326091594994,0.026881237248224873,36.45464750017439,27.228726523263113,0.16502365,0.52527535,3.1374733,0.08225335739552975,-0.0035012178122997284,0
0.0056220805,0.002179462,0.025226098,36.44274,27.3163,0.085743755,0.0056060404,0.002171043,0.025340699,36.451134,27.306746,0.08769768556313856,0.0061088374350219965,0.0022109326091594994,0.026881237248224873,36.45464750017439,27.228726523263113,0.16502365,0.52527535,3.1374733,0.08225335739552975,-0.0035012178122997284,0
0.0056220805,0.002179462,0.025226098,36.44274,27.3163,0.085743755,0.0056060404,0.002171043,0.025340699,36.451134,27.306746,0.08769768556313856,0.0061088374350219965,0.0022109326091594994,0.026881237248224873,36.45464750017439,27.228726523263113,0.16502365,0.52527535,3.1374733,0.08225335739552975,-0.0035012178122997284,0
0.0056220805,0.002179462,0.025226098,36.44274,27.3163,0.085743755,0.0056060404,0.002171043,0.025340699,36.451134,27.306746,0.08769768556313856,0.0061088374350219965,0.0022109326091594994,0.026881237248224873,36.45464750017439,27.228726523263113,0.16502365,0.52527535,3.1374733,0.08225335739552975,-0.0035012178122997284,0
0.0056220805,0.002179462,0.025226098,36.44274,27.3163,0.085743755,0.0056060404,0.002171043,0.025340699,36.451134,27.306746,0.08769768556313856,0.0061088374350219965,0.0022109326091594994,0.026881237248224873,36.45464750017439,27.228726523263113,0.16502365,0.52527535,3.1374733,0.08225335739552975,-0.0035012178122997284,0
0.0056220805,0.002179462,0.025226098,36.44274,27.3163,0.085743755,0.0056060404,0.002171043,0.025340699,36.451134,27.306746,0.08769768556313856,0.0061088374350219965,0.0022109326091594994,0.026881237248224873,36.45464750017439,27.228726523263113,0.16502365,0.52527535,3.1374733,0.08225335739552975,-0.0035012178122997284,0
0.0056220805,0.002179462,0.025226098,36.44274,27.3163,0.085743755,0.0056060404,0.002171043,0.025340699,36.451134,27.306746,0.08769768556313856,0.0061088374350219965,0.0022109326091594994,0.026881237248224873,36.45464750017439,27.228726523263113,0.16502365,0.52527535,3.1374733,0.08225335739552975,-0.0035012178122997284,0
0.0056220805,0.002179462,0.025226098,36.44274,27.3163,0.085743755,0.0056060404,0.002171043,0.025340699,36.451134,27.306746,0.08769768556313856,0.0061088374350219965,0.0022109326091594994,0.026881237248224873,36.45464750017439,27.228726523263113,0.16502365,0.52527535,3.1374733,0.08225335739552975,-0.0035012178122997284,0
0.0056220805,0.002179462,0.025226098,36.44274,27.3163,0.085743755,0.0056060404,0.002171043,0.025340699,36.451134,27.306746,0.08769768556313856,0.0061088374350219965,0.0022109326091594994,0.026881237248224873,36.45464750017439,27.228726523263113,0.16502365,0.52527535,3.1374733,0.08225335739552975,-0.0035012178122997284,0
0.0056220805,0.002179462,0.025226098,36.44274,27.3163,0.085743755,0.0056060404,0.002171043,0.025340699,36.451134,27.306746,0.08769768556313856,0.0061088374350219965,0.0022109326091594994,0.026881237248224873,36.45464750017439,27.228726523263113,0.16502365,0.52527535,3.1374733,0.08225335739552975,-0.0035012178122997284,0
0.0056220805,0.002179462,0.025226098,36.44274,27.3163,0.085743755,0.0056060404,0.002171043,0.025340699,36.451134,27.306746,0.08769768556313856,0.0061088374350219965,0.0022109326091594994,0.026881237248224873,36.45464750017439,27.228726523263113,0.16502365,0.52527535,3.1374733,0.08225335739552975,-0.0035012178122997284,0
0.0056220805,0.002179462,0.025226098,36.44274,27.3163,0.085743755,0.0056060404,0.002171043,0.025340699,36.451134,27.306746,0.08769768556313856,0.0061088374350219965,0.0022109326091594994,0.026881237248224873,36.45464750017439,27.228726523263113,0.16502365,0.52527535,3.1374733,0.08225335739552975,-0.0035012178122997284,0
0.0056220805,0.002179462,0.025226098,36.44274,27.3163,0.085743755,0.0056060404,0.002171043,0.025340699,36.451134,27.306746,0.08769768556313856,0.0061088374350219965,0.0022109326091594994,0.026881237248224873,36.45464750017439,27.228726523263113,0.16502365,0.52527535,3.1374733,0.08225335739552975,-0.0035012178122997284,0
0.0056220805,0.002179462,0.025226098,36.44274,27.3163,0.085743755,0.0056060404,0.002171043,0.025340699,36.451134,27.306746,0.08769768556313856,0.0061088374350219965,0.0022109326091594994,0.026881237248224873,36.45464750017439,27.228726523263113,0.16502365,0.52527535,3.1374733,0.08225335739552975,-0.0035012178122997284,0
0.0056220805,0.002179462,0.025226098,36.44274,27.3163,0.085743755,0.0056060404,0.002171043,0.025340699,36.451134,27.306746,0.08769768556313856,0.0061088374350219965,0.0022109326091594994,0.026881237248224873,36.45464750017439,27.228726523263113,0.16502365,0.52527535,3.1374733,0.08225335739552975,-0.0035012178122997284,0
0.0056220805,0.002179462,0.025226098,36.44274,27.3163,0.085743755,0.0056060404,0.002171043,0.025340699,36.451134,27.306746,0.08769768556313856,0.0061088374350219965,0.0022109326091594994,0.026881237248224873,36.45464750017439,27.228726523263113,0.16502365,0.52527535,3.1374733,0.08225335739552975,-0.0035012178122997284,0
0.0056220805,0.002179462,0.025226098,36.44274,27.3163,0.085743755,0.0056060404,0.002171043,0.025340699,36.451134,27.306746,0.08769768556313856,0.0061088374350219965,0.0022109326091594994,0.026881237248224873,36.45464750017439,27.228726523263113,0.16502365,0.52527535,3.1374733,0.08225335739552975,-0.0035012178122997284,0
0.0056220805,0.002179462,0.025226098,36.44274,27.3163,0.085743755,0.0056060404,0.002171043,0.025340699,36.451134,27.306746,0.08769768556313856,0.0061088374350219965,0.0022109326091594994,0.026881237248224873,36.45464750017439,27.228726523263113,0.16502365,0.52527535,3.1374733,0.08225335739552975,-0.0035012178122997284,0
0.0056220805,0.002179462,0.025226098,36.44274,27.3163,0.085743755,0.0056060404,0.002171043,0.025340699,36.451134,27.306746,0.08769768556313856,0.0061088374350219965,0.0022109326091594994,0.026881237248224873,36.45464750017439,27.228726523263113,0.16502365,0.52527535,3.1374733,0.08225335739552975,-0.0035012178122997284,0
0.0056220805,0.002179462,0.025226098,36.44274,27.3163,0.085743755,0.0056060404,0.002171043,0.025340699,36.451134,27.306746,0.08769768556313856,0.0061088374350219965,0.0022109326091594994,0.026881237248224873,36.45464750017439,27.228726523263113,0.16502365,0.52527535,3.1374733,0.08225335739552975,-0.0035012178122997284,0
0.0056220805,0.002179462,0.025226098,36.44274,27.3163,0.085743755,0.0056060404,0.002171043,0.025340699,36.451134,27.306746,0.08769768556313856,0.0061088374350219965,0.0022109326091594994,0.026881237248224873,36.45464750017439,27.228726523263113,0.16502365,0.52527535,3.1374733,0.08225335739552975,-0.0035012178122997284,0
0.0056220805,0.002179462,0.025226098,36.44274,27.3163,0.085743755,0.0056060404,0.002171043,0.025340699,36.451134,27.306746,0.08769768556313856,0.0061088374350219965,0.0022109326091594994,0.026881237248224873,36.45464750017439,27.228726523263113,0.16502365,0.52527535,3.1374733,0.08225335739552975,-0.0035012178122997284,0
0.0056220805,0.002179462,0.025226098,36.44274,27.3163,0.085743755,0.0056060404,0.002171043,0.025340699,36.451134,27.306746,0.08769768556313856,0.0061088374350219965,0.0022109326091594994,0.026881237248224873,36.45464750017439,27.228726523263113,0.16502365,0.52527535,3.1374733,0.08225335739552975,-0.0035012178122997284,0
0.0056220805,0.002179462,0.025226098,36.44274,27.3163,0.085743755,0.0056060404,0.002171043,0.025340699,36.451134,27.306746,0.08769768556313856,0.0061088374350219965,0.0022109326091594994,0.026881237248224873,36.45464750017439,27.228726523263113,0.16502365,0.52527535,3.1374733,0.08225335739552975,-0.0035012178122997284,0
0.0056220805,0.002179462,0.025226098,36.44274,27.3163,0.085743755,0.0056060404,0.002171043,0.025340699,36.451134,27.306746,0.08769768556313856,0.0061088374350219965,0.0022109326091594994,0.026881237248224873,36.45464750017439,27.228726523263113,0.16502365,0.52527535,3.1374733,0.08225335739552975,-0.0035012178122997284,0
0.0056220805,0.002179462,0.025226098,36.44274,27.3163,0.085743755,0.0056060404,0.002171043,0.025340699,36.451134,27.306746,0.08769768556313856,0.0061088374350219965,0.0022109326091594994,0.026881237248224873,36.45464750017439,27.228726523263113,0.16502365,0.52527535,3.1374733,0.08225335739552975,-0.0035012178122997284,0
0.0056220805,0.002179462,0.025226098,36.44274,27.3163,0.085743755,0.0056060404,0.002171043,0.025340699,36.451134,27.306746,0.08769768556313856,0.0061088374350219965,0.0022109326091594994,0.026881237248224873,36.45464750017439,27.228726523263113,0.16502365,0.52527535,3.1374733,0.08225335739552975,-0.0035012178122997284,0
0.0056220805,0.002179462,0.025226098,36.44274,27.3163,0.085743755,0.0056060404,0.002171043,0.025340699,36.451134,27.306746,0.08769768556313856,0.0061088374350219965,0.0022109326091594994,0.026881237248224873,36.45464750017439,27.228726523263113,0.16502365,0.52527535,3.1374733,0.08225335739552975,-0.0035012178122997284,0
0.0056220805,0.002179462,0.025226098,36.44274,27.3163,0.085743755,0.0056060404,0.002171043,0.025340699,36.451134,27.306746,0.08769768556313856,0.0061088374350219965,0.0022109326091594994,0.026881237248224873,36.45464750017439,27.228726523263113,0.16502365,0.52527535,3.1374733,0.08225335739552975,-0.0035012178122997284,0
0.0056220805,0.002179462,0.025226098,36.44274,27.3163,0.085743755,0.0056060404,0.002171043,0.025340699,36.451134,27.306746,0.08769768556313856,0.0061088374350219965,0.0022109326091594994,0.026881237248224873,36.45464750017439,27.228726523263113,0.16502365,0.52527535,3.1374733,0.08225335739552975,-0.0035012178122997284,0
0.0056220805,0.002179462,0.025226098,36.44274,27.3163,0.085743755,0.0056060404,0.002171043,0.025340699,36.451134,27.306746,0.08769768556313856,0.0061088374350219965,0.0022109326091594994,0.026881237248224873,36.45464750017439,27.228726523263113,0.16502365,0.52527535,3.1374733,0.08225335739552975,-0.0035012178122997284,0
0.0056220805,0.002179462,0.025226098,36.44274,27.3163,0.085743755,0.0056060404,0.002171043,0.025340699,36.451134,27.306746,0.08769768556313856,0.0061088374350219965,0.0022109326091594994,0.026881237248224873,36.45464750017439,27.228726523263113,0.16502365,0.52527535,3.1374733,0.08225335739552975,-0.0035012178122997284,0
0.0056220805,0.002179462,0.025226098,36.44274,27.3163,0.085743755,0.0056060404,0.002171043,0.025340699,36.451134,27.306746,0.08769768556313856,0.0061088374350219965,0.0022109326091594994,0.026881237248224873,36.45464750017439,27.228726523263113,0.16502365,0.52527535,3.1374733,0.08225335739552975,-0.0035012178122997284,0
0.0056220805,0.002179462,0.025226098,36.44274,27.3163,0.085743755,0.0056060404,0.002171043,0.025340699,36.451134,27.306746,0.08769768556313856,0.0061088374350219965,0.0022109326091594994,0.026881237248224873,36.45464750017439,27.228726523263113,0.16502365,0.52527535,3.1374733,0.08225335739552975,-0.0035012178122997284,0
0.0056220805,0.002179462,0.025226098,36.44274,27.3163,0.085743755,0.0056060404,0.002171043,0.025340699,36.451134,27.306746,0.08769768556313856,0.0061088374350219965,0.0022109326091594994,0.026881237248224873,36.45464750017439,27.228726523263113,0.16502365,0.52527535,3.1374733,0.08225335739552975,-0.0035012178122997284,0
0.0056220805,0.002179462,0.025226098,36.44274,27.3163,0.085743755,0.0056060404,0.002171043,0.025340699,36.451134,27.306746,0.08769768556313856,0.0061088374350219965,0.0022109326091594994,0.026881237248224873,36.45464750017439,27.228726523263113,0.16502365,0.52527535,3.1374733,0.08225335739552975,-0.0035012178122997284,0
0.0056220805,0.002179462,0.025226098,36.44274,27.3163,0.085743755,0.0056060404,0.002171043,0.025340699,36.451134,27.306746,0.08769768556313856,0.0061088374350219965,0.0022109326091594994,0.026881237248224873,36.45464750017439,27.228726523263113,0.16502365,0.52527535,3.1374733,0.08225335739552975,-0.0035012178122997284,0
0.0056220805,0.002179462,0.025226098,36.44274,27.3163,0.085743755,0.0056060404,0.002171043,0.025340699,36.451134,27.306746,0.08769768556313856,0.0061088374350219965,0.0022109326091594994,0.026881237248224873,36.45464750017439,27.228726523263113,0.16502365,0.52527535,3.1374733,0.08225335739552975,-0.0035012178122997284,0
0.0056220805,0.002179462,0.025226098,36.44274,27.3163,0.085743755,0.0056060404,0.002171043,0.025340699,36.451134,27.306746,0.08769768556313856,0.0061088374350219965,0.0022109326091594994,0.026881237248224873,36.45464750017439,27.228726523263113,0.16502365,0.52527535,3.1374733,0.08225335739552975,-0.0035012178122997284,0
0.0056220805,0.002179462,0.025226098,36.44274,27.3163,0.085743755,0.0056060404,0.002171043,0.025340699,36.451134,27.306746,0.08769768556313856,0.0061088374350219965,0.0022109326091594994,0.026881237248224873,36.45464750017439,27.228726523263113,0.16502365,0.52527535,3.1374733,0.08225335739552975,-0.0035012178122997284,0
0.0056220805,0.002179462,0.025226098,36.44274,27.3163,0.085743755,0.0056060404,0.002171043,0.025340699,36.451134,27.306746,0.08769768556313856,0.0061088374350219965,0.0022109326091594994,0.026881237248224873,36.45464750017439,27.228726523263113,0.16502365,0.52527535,3.1374733,0.08225335739552975,-0.0035012178122997284,0
0.0056220805,0.002179462,0.025226098,36.44274,27.3163,0.085743755,0.0056060404,0.002171043,0.025340699,36.451134,27.306746,0.08769768556313856,0.0061088374350219965,0.0022109326091594994,0.026881237248224873,36.45464750017439,27.228726523263113,0.16502365,0.52527535,3.1374733,0.08225335739552975,-0.0035012178122997284,0
0.0056220805,0.002179462,0.025226098,36.44274,27.3163,0.085743755,0.0056060404,0.002171043,0.025340699,36.451134,27.306746,0.08769768556313856,0.0061088374350219965,0.0022109326091594994,0.026881237248224873,36.45464750017439,27.228726523263113,0.16502365,0.52527535,3.1374733,0.08225335739552975,-0.0035012178122997284,0
0.0056220805,0.002179462,0.025226098,36.44274,27.3163,0.085743755,0.0056060404,0.002171043,0.025340699,36.451134,27.306746,0.08769768556313856,0.0061088374350219965,0.0022109326091594994,0.026881237248224873,36.45464750017439,27.228726523263113,0.16502365,0.52527535,3.1374733,0.08225335739552975,-0.0035012178122997284,0
0.0056220805,0.002179462,0.025226098,36.44274,27.3163,0.085743755,0.0056060404,0.002171043,0.025340699,36.451134,27.306746,0.08769768556313856,0.0061088374350219965,0.0022109326091594994,0.026881237248224873,36.45464750017439,27.228726523263113,0.16502365,0.52527535,3.1374733,0.08225335739552975,-0.0035012178122997284,0
0.0056220805,0.002179462,0.025226098,36.44274,27.3163,0.085743755,0.0056060404,0.002171043,0.025340699,36.451134,27.306746,0.08769768556313856,0.0061088374350219965,0.0022109326091594994,0.026881237248224873,36.45464750017439,27.228726523263113,0.16502365,0.52527535,3.1374733,0.08225335739552975,-0.0035012178122997284,0
0.0056220805,0.002179462,0.025226098,36.44274,27.3163,0.085743755,0.0056060404,0.002171043,0.025340699,36.451134,27.306746,0.08769768556313856,0.0061088374350219965,0.0022109326091594994,0.026881237248224873,36.45464750017439,27.228726523263113,0.16502365,0.52527535,3.1374733,0.08225335739552975,-0.0035012178122997284,0
0.0056220805,0.002179462,0.025226098,36.44274,27.3163,0.085743755,0.0056060404,0.002171043,0.025340699,36.451134,27.306746,0.08769768556313856,0.0061088374350219965,0.0022109326091594994,0.026881237248224873,36.45464750017439,27.228726523263113,0.16502365,0.52527535,3.1374733,0.08225335739552975,-0.0035012178122997284,0
0.0056220805,0.002179462,0.025226098,36.44274,27.3163,0.085743755,0.0056060404,0.002171043,0.025340699,36.451134,27.306746,0.08769768556313856,0.0061088374350219965,0.0022109326091594994,0.026881237248224873,36.45464750017439,27.228726523263113,0.16502365,0.52527535,3.1374733,0.08225335739552975,-0.0035012178122997284,0
0.0056220805,0.002179462,0.025226098,36.44274,27.3163,0.085743755,0.0056060404,0.002171043,0.025340699,36.451134,27.306746,0.08769768556313856,0.0061088374350219965,0.0022109326091594994,0.026881237248224873,36.45464750017439,27.228726523263113,0.16502365,0.52527535,3.1374733,0.08225335739552975,-0.0035012178122997284,0
0.0056220805,0.002179462,0.025226098,36.44274,27.3163,0.085743755,0.0056060404,0.002171043,0.025340699,36.451134,27.306746,0.08769768556313856,0.0061088374350219965,0.0022109326091594994,0.026881237248224873,36.45464750017439,27.228726523263113,0.16502365,0.52527535,3.1374733,0.08225335739552975,-0.0035012178122997284,0
0.0056220805,0.002179462,0.025226098,36.44274,27.3163,0.085743755,0.0056060404,0.002171043,0.025340699,36.451134,27.306746,0.08769768556313856,0.0061088374350219965,0.0022109326091594994,0.026881237248224873,36.45464750017439,27.228726523263113,0.16502365,0.52527535,3.1374733,0.08225335739552975,-0.0035012178122997284,0
0.0056220805,0.002179462,0.025226098,36.44274,27.3163,0.085743755,0.0056060404,0.002171043,0.025340699,36.451134,27.306746,0.08769768556313856,0.0061088374350219965,0.0022109326091594994,0.026881237248224873,36.45464750017439,27.228726523263113,0.16502365,0.52527535,3.1374733,0.08225335739552975,-0.0035012178122997284,0
0.0056220805,0.002179462,0.025226098,36.44274,27.3163,0.085743755,0.0056060404,0.002171043,0.025340699,36.451134,27.306746,0.08769768556313856,0.0061088374350219965,0.0022109326091594994,0.026881237248224873,36.45464750017439,27.228726523263113,0.16502365,0.52527535,3.1374733,0.08225335739552975,-0.0035012178122997284,0
0.0056220805,0.002179462,0.025226098,36.44274,27.3163,0.085743755,0.0056060404,0.002171043,0.025340699,36.451134,27.306746,0.08769768556313856,0.0061088374350219965,0.0022109326091594994,0.026881237248224873,36.45464750017439,27.228726523263113,0.16502365,0.52527535,3.1374733,0.08225335739552975,-0.0035012178122997284,0
0.0056220805,0.002179462,0.025226098,36.44274,27.3163,0.085743755,0.0056060404,0.002171043,0.025340699,36.451134,27.306746,0.08769768556313856,0.0061088374350219965,0.0022109326091594994,0.026881237248224873,36.45464750017439,27.228726523263113,0.16502365,0.52527535,3.1374733,0.08225335739552975,-0.0035012178122997284,0
0.0056220805,0.002179462,0.025226098,36.44274,27.3163,0.085743755,0.0056060404,0.002171043,0.025340699,36.451134,27.306746,0.08769768556313856,0.0061088374350219965,0.0022109326091594994,0.026881237248224873,36.45464750017439,27.228726523263113,0.16502365,0.52527535,3.1374733,0.08225335739552975,-0.0035012178122997284,0
0.0056220805,0.002179462,0.025226098,36.44274,27.3163,0.085743755,0.0056060404,0.002171043,0.025340699,36.451134,27.306746,0.08769768556313856,0.0061088374350219965,0.0022109326091594994,0.026881237248224873,36.45464750017439,27.228726523263113,0.16502365,0.52527535,3.1374733,0.08225335739552975,-0.0035012178122997284,0
0.0056220805,0.002179462,0.025226098,36.44274,27.3163,0.085743755,0.0056060404,0.002171043,0.025340699,36.451134,27.306746,0.08769768556313856,0.0061088374350219965,0.0022109326091594994,0.026881237248224873,36.45464750017439,27.228726523263113,0.16502365,0.52527535,3.1374733,0.08225335739552975,-0.0035012178122997284,0
0.0056220805,0.002179462,0.025226098,36.44274,27.3163,0.085743755,0.0056060404,0.002171043,0.025340699,36.451134,27.306746,0.08769768556313856,0.0061088374350219965,0.0022109326091594994,0.026881237248224873,36.45464750017439,27.228726523263113,0.16502365,0.52527535,3.1374733,0.08225335739552975,-0.0035012178122997284,0
0.0056220805,0.002179462,0.025226098,36.44274,27.3163,0.085743755,0.0056060404,0.002171043,0.025340699,36.451134,27.306746,0.08769768556313856,0.0061088374350219965,0.0022109326091594994,0.026881237248224873,36.45464750017439,27.228726523263113,0.16502365,0.52527535,3.1374733,0.08225335739552975,-0.0035012178122997284,0
0.0056220805,0.002179462,0.025226098,36.44274,27.3163,0.085743755,0.0056060404,0.002171043,0.025340699,36.451134,27.306746,0.08769768556313856,0.0061088374350219965,0.0022109326091594994,0.026881237248224873,36.45464750017439,27.228726523263113,0.16502365,0.52527535,3.1374733,0.08225335739552975,-0.0035012178122997284,0
0.0056220805,0.002179462,0.025226098,36.44274,27.3163,0.085743755,0.0056060404,0.002171043,0.025340699,36.451134,27.306746,0.08769768556313856,0.0061088374350219965,0.0022109326091594994,0.026881237248224873,36.45464750017439,27.228726523263113,0.16502365,0.52527535,3.1374733,0.08225335739552975,-0.0035012178122997284,0
0.0056220805,0.002179462,0.025226098,36.44274,27.3163,0.085743755,0.0056060404,0.002171043,0.025340699,36.451134,27.306746,0.08769768556313856,0.0061088374350219965,0.0022109326091594994,0.026881237248224873,36.45464750017439,27.228726523263113,0.16502365,0.52527535,3.1374733,0.08225335739552975,-0.0035012178122997284,0
0.0056220805,0.002179462,0.025226098,36.44274,27.3163,0.085743755,0.0056060404,0.002171043,0.025340699,36.451134,27.306746,0.08769768556313856,0.0061088374350219965,0.0022109326091594994,0.026881237248224873,36.45464750017439,27.228726523263113,0.16502365,0.52527535,3.1374733,0.08225335739552975,-0.0035012178122997284,0
0.0056220805,0.002179462,0.025226098,36.44274,27.3163,0.085743755,0.0056060404,0.002171043,0.025340699,36.451134,27.306746,0.08769768556313856,0.0061088374350219965,0.0022109326091594994,0.026881237248224873,36.45464750017439,27.228726523263113,0.16502365,0.52527535,3.1374733,0.08225335739552975,-0.0035012178122997284,0
0.0029909008,0.0026085195,0.005664322,35.851864,28.018496,0.040865242,0.0029908966,0.002610626,0.0056643113,35.85605,28.208273,0.08769768556313856,0.0061088374350219965,0.0022109326091594994,0.026881237248224873,36.45464750017439,27.228726523263113,0.46051753,0.8721518,1.8938515,0.08225335739552975,-0.0035012178122997284,0
0.0031128465,0.0024781122,0.005959518,35.785374,28.023329,0.041093707,0.0031128603,0.002480215,0.005959561,35.7928,28.201677,0.08769768556313856,0.0061088374350219965,0.0022109326091594994,0.026881237248224873,36.45464750017439,27.228726523263113,0.4158243,0.79609203,1.9144914,0.08225335739552975,-0.0035012178122997284,0
0.003460134,0.0023796868,0.006878769,35.761852,28.043344,0.042081796,0.003460169,0.0023817702,0.006878901,35.76721,28.178602,0.08769768556313856,0.0061088374350219965,0.0022109326091594994,0.026881237248224873,36.45464750017439,27.228726523263113,0.3459466,0.68774414,1.9880066,0.08225335739552975,-0.0035012178122997284,0
0.003937776,0.0024465634,0.007995211,35.747574,28.055319,0.04337913,0.0039378246,0.002448659,0.007995376,35.75228,28.171381,0.08769768556313856,0.0061088374350219965,0.0022109326091594994,0.026881237248224873,36.45464750017439,27.228726523263113,0.30600363,0.6213059,2.0303872,0.08225335739552975,-0.0035012178122997284,0
0.0043186615,0.0027044376,0.008486623,35.720364,28.091578,0.043962684,0.004318709,0.0027065554,0.008486762,35.72354,28.198807,0.08769768556313856,0.0061088374350219965,0.0022109326091594994,0.026881237248224873,36.45464750017439,27.228726523263113,0.31867063,0.62622124,1.9651049,0.08225335739552975,-0.0035012178122997284,0
0.0044863224,0.0030377693,0.008068564,35.688316,28.127655,0.04341057,0.004486359,0.0030398956,0.008068662,35.691055,28.238306,0.08769768556313856,0.0061088374350219965,0.0022109326091594994,0.026881237248224873,36.45464750017439,27.228726523263113,0.3764944,0.67711794,1.7984807,0.08225335739552975,-0.0035012178122997284,0
0.0045284443,0.0033390452,0.007288943,35.643078,28.157923,0.0422883,0.004528469,0.0033411752,0.0072890054,35.64689,28.277903,0.08769768556313856,0.0061088374350219965,0.0022109326091594994,0.026881237248224873,36.45464750017439,27.228726523263113,0.4580973,0.73734933,1.609591,0.08225335739552975,-0.0035012178122997284,0
0.00455782,0.0035451693,0.0067887474,35.584324,28.179445,0.041352533,0.004557838,0.003547303,0.00678879,35.590527,28.305412,0.08769768556313856,0.0061088374350219965,0.0022109326091594994,0.026881237248224873,36.45464750017439,27.228726523263113,0.52221256,0.77782124,1.4894725,0.08225335739552975,-0.0035012178122997284,0
0.0045876335,0.0036330712,0.0067274612,35.534172,28.203892,0.04088269,0.0045876508,0.0036352065,0.006727502,35.54327,28.338675,0.08769768556313856,0.0061088374350219965,0.0022109326091594994,0.026881237248224873,36.45464750017439,27.228726523263113,0.54003596,0.7919271,1.4664339,0.08225335739552975,-0.0035012178122997284,0
0.004582158,0.0036368142,0.0068776375,35.50574,28.226286,0.040709067,0.004582176,0.0036389532,0.0068776747,35.517406,28.37497,0.08769768556313856,0.0061088374350219965,0.0022109326091594994,0.026881237248224873,36.45464750017439,27.228726523263113,0.52878827,0.79369026,1.5009604,0.08225335739552975,-0.0035012178122997284,0
0.0056220805,0.002179462,0.025226098,36.44274,27.3163,0.085743755,0.0056060404,0.002171043,0.025340699,36.451134,27.306746,0.08769768556313856,0.0061088374350219965,0.0022109326091594994,0.026881237248224873,36.45464750017439,27.228726523263113,0.16502365,0.52527535,3.1374733,0.08225335739552975,-0.0035012178122997284,0
0.0056220805,0.002179462,0.025226098,36.44274,27.3163,0.085743755,0.0056060404,0.002171043,0.025340699,36.451134,27.306746,0.08769768556313856,0.0061088374350219965,0.0022109326091594994,0.026881237248224873,36.45464750017439,27.228726523263113,0.16502365,0.52527535,3.1374733,0.08225335739552975,-0.0035012178122997284,0
0.0056220805,0.002179462,0.025226098,36.44274,27.3163,0.085743755,0.0056060404,0.002171043,0.025340699,36.451134,27.306746,0.08769768556313856,0.0061088374350219965,0.0022109326091594994,0.026881237248224873,36.45464750017439,27.228726523263113,0.16502365,0.52527535,3.1374733,0.08225335739552975,-0.0035012178122997284,0
0.0028760603,0.0011612278,0.007308065,35.887253,27.944357,0.0422388,0.0028760894,0.0011632447,0.007308299,35.89089,28.109205,0.08769768556313856,0.0061088374350219965,0.0022109326091594994,0.026881237248224873,36.45464750017439,27.228726523263113,0.15889676,0.4037564,2.5409985,0.08225335739552975,-0.0035012178122997284,0
0.0030561844,0.0009704214,0.0078947,35.817814,27.945488,0.042963393,0.0030562081,0.00097249413,0.007894808,35.823563,28.083963,0.08769768556313856,0.0061088374350219965,0.0022109326091594994,0.026881237248224873,36.45464750017439,27.228726523263113,0.12292061,0.31752712,2.5831885,0.08225335739552975,-0.0035012178122997284,0
0.0035861854,0.0008656154,0.009499797,35.802067,27.948458,0.044966538,0.0035862566,0.0008676944,0.009500059,35.809383,28.077314,0.08769768556313856,0.0061088374350219965,0.0022109326091594994,0.026881237248224873,36.45464750017439,27.228726523263113,0.09111936,0.24137497,2.6489975,0.08225335739552975,-0.0035012178122997284,0
0.0043664207,0.0010527984,0.011609695,35.81666,27.994593,0.047615238,0.004366523,0.0010548828,0.011610058,35.824093,28.108995,0.08769768556313856,0.0061088374350219965,0.0022109326091594994,0.026881237248224873,36.45464750017439,27.228726523263113,0.090682685,0.24111244,2.6588585,0.08225335739552975,-0.0035012178122997284,0
0.004960736,0.0015194467,0.012780156,35.78574,28.064596,0.049139008,0.004960816,0.0015215562,0.012780417,35.79313,28.169294,0.08769768556313856,0.0061088374350219965,0.0022109326091594994,0.026881237248224873,36.45464750017439,27.228726523263113,0.1188911,0.30629462,2.5762622,0.08225335739552975,-0.0035012178122997284,0
0.0050376942,0.002058659,0.012052302,35.714188,28.123014,0.048336357,0.0050377375,0.0020607784,0.012052419,35.721634,28.236893,0.08769768556313856,0.0061088374350219965,0.0022109326091594994,0.026881237248224873,36.45464750017439,27.228726523263113,0.17081043,0.40865102,2.3924243,0.08225335739552975,-0.0035012178122997284,0
0.004749093,0.0026093912,0.010036622,35.646507,28.162634,0.04583251,0.004749117,0.002611512,0.010036691,35.655247,28.289892,0.08769768556313856,0.0061088374350219965,0.0022109326091594994,0.026881237248224873,36.45464750017439,27.228726523263113,0.259987,0.5494504,2.1133766,0.08225335739552975,-0.0035012178122997284,0
0.0044361814,0.0031002292,0.008070065,35.60747,28.184856,0.043195616,0.0044361954,0.0031023577,0.008070108,35.617805,28.325027,0.08769768556313856,0.0061088374350219965,0.0022109326091594994,0.026881237248224873,36.45464750017439,27.228726523263113,0.3841641,0.69885087,1.8191466,0.08225335739552975,-0.0035012178122997284,0
0.004255035,0.0034031773,0.0069374507,35.585716,28.200254,0.041458093,0.004255049,0.0034053165,0.0069374847,35.59523,28.334305,0.08769768556313856,0.0061088374350219965,0.0022109326091594994,0.026881237248224873,36.45464750017439,27.228726523263113,0.49055156,0.7998001,1.6304098,0.08225335739552975,-0.0035012178122997284,0
0.004178185,0.0035572967,0.006471578,35.573578,28.216063,0.040496204,0.004178204,0.0035594492,0.006471612,35.579914,28.31873,0.08769768556313856,0.0061088374350219965,0.0022109326091594994,0.026881237248224873,36.45464750017439,27.228726523263113,0.54967993,0.8513976,1.5488969,0.08225335739552975,-0.0035012178122997284,0
0.0056220805,0.002179462,0.025226098,36.44274,27.3163,0.085743755,0.0056060404,0.002171043,0.025340699,36.451134,27.306746,0.08769768556313856,0.0061088374350219965,0.0022109326091594994,0.026881237248224873,36.45464750017439,27.228726523263113,0.16502365,0.52527535,3.1374733,0.08225335739552975,-0.0035012178122997284,0
0.0056220805,0.002179462,0.025226098,36.44274,27.3163,0.085743755,0.0056060404,0.002171043,0.025340699,36.451134,27.306746,0.08769768556313856,0.0061088374350219965,0.0022109326091594994,0.026881237248224873,36.45464750017439,27.228726523263113,0.16502365,0.52527535,3.1374733,0.08225335739552975,-0.0035012178122997284,0
0.0056220805,0.002179462,0.025226098,36.44274,27.3163,0.085743755,0.0056060404,0.002171043,0.025340699,36.451134,27.306746,0.08769768556313856,0.0061088374350219965,0.0022109326091594994,0.026881237248224873,36.45464750017439,27.228726523263113,0.16502365,0.52527535,3.1374733,0.08225335739552975,-0.0035012178122997284,0
0.005459172,1e-11,0.017227469,36.086876,28.077715,0.05239843,0.005459109,1e-11,0.017227648,36.07881,28.187569,0.08769768556313856,0.0061088374350219965,0.0022109326091594994,0.026881237248224873,36.45464750017439,27.228726523263113,5.8046834e-10,1.8317795e-09,3.1556926,0.08225335739552975,-0.0035012178122997284,0
0.0054126517,4.5917364e-05,0.016944796,35.96164,27.959782,0.052438945,0.0054127304,4.664564e-05,0.016945109,35.967407,28.095034,0.08769768556313856,0.0061088374350219965,0.0022109326091594994,0.026881237248224873,36.45464750017439,27.228726523263113,0.002709821,0.00848334,3.1305904,0.08225335739552975,-0.0035012178122997284,0
0.00571387,4.6964982e-05,0.01794957,35.898132,27.897606,0.054103974,0.0057139867,4.814187e-05,0.017949931,35.908394,28.029083,0.08769768556313856,0.0061088374350219965,0.0022109326091594994,0.026881237248224873,36.45464750017439,27.228726523263113,0.0026164963,0.00821947,3.1414034,0.08225335739552975,-0.0035012178122997284,0
0.0064802784,0.00020554803,0.02012186,35.919872,27.94067,0.05722659,0.0064805164,0.00020777885,0.020122446,35.929085,28.061783,0.08769768556313856,0.0061088374350219965,0.0022109326091594994,0.026881237248224873,36.45464750017439,27.228726523263113,0.01021516,0.03171901,3.1050918,0.08225335739552975,-0.0035012178122997284,0
0.0070892707,0.00062987284,0.021525675,35.941105,28.014353,0.059465837,0.0070895134,0.0006321516,0.02152626,35.949078,28.132801,0.08769768556313856,0.0061088374350219965,0.0022109326091594994,0.026881237248224873,36.45464750017439,27.228726523263113,0.029261466,0.08884875,3.0363736,0.08225335739552975,-0.0035012178122997284,0
0.006813652,0.0009023781,0.020127859,35.91753,28.099644,0.058310885,0.006813749,0.00090451585,0.020128086,35.92639,28.21777,0.08769768556313856,0.0061088374350219965,0.0022109326091594994,0.026881237248224873,36.45464750017439,27.228726523263113,0.044832297,0.13243678,2.9540486,0.08225335739552975,-0.0035012178122997284,0
0.005820852,0.0013791895,0.016071403,35.817142,28.182009,0.05370145,0.0058208727,0.0013813083,0.016071405,35.82718,28.306623,0.08769768556313856,0.0061088374350219965,0.0022109326091594994,0.026881237248224873,36.45464750017439,27.228726523263113,0.085816376,0.23693947,2.7610054,0.08225335739552975,-0.0035012178122997284,0
0.004806877,0.0022389547,0.011412897,35.704437,28.222715,0.04794385,0.0048068915,0.002241087,0.011412892,35.711716,28.328506,0.08769768556313856,0.0061088374350219965,0.0022109326091594994,0.026881237248224873,36.45464750017439,27.228726523263113,0.19617759,0.46578154,2.3742852,0.08225335739552975,-0.0035012178122997284,0
0.004214032,0.0029410722,0.008365525,35.645992,28.218292,0.043817624,0.0042140516,0.0029432164,0.008365548,35.6549,28.33738,0.08769768556313856,0.0061088374350219965,0.0022109326091594994,0.026881237248224873,36.45464750017439,27.228726523263113,0.35157055,0.69792354,1.9851593,0.08225335739552975,-0.0035012178122997284,0
0.003959403,0.0034739343,0.006600469,35.602795,28.11844,0.04090599,0.003959424,0.003476092,0.006600474,35.610573,28.275427,0.08769768556313856,0.0061088374350219965,0.0022109326091594994,0.026881237248224873,36.45464750017439,27.228726523263113,0.5263163,0.8773884,1.6670364,0.08225335739552975,-0.0035012178122997284,0
0.0056220805,0.002179462,0.025226098,36.44274,27.3163,0.085743755,0.0056060404,0.002171043,0.025340699,36.451134,27.306746,0.08769768556313856,0.0061088374350219965,0.0022109326091594994,0.026881237248224873,36.45464750017439,27.228726523263113,0.16502365,0.52527535,3.1374733,0.08225335739552975,-0.0035012178122997284,0
0.0056220805,0.002179462,0.025226098,36.44274,27.3163,0.085743755,0.0056060404,0.002171043,0.025340699,36.451134,27.306746,0.08769768556313856,0.0061088374350219965,0.0022109326091594994,0.026881237248224873,36.45464750017439,27.228726523263113,0.16502365,0.52527535,3.1374733,0.08225335739552975,-0.0035012178122997284,0
0.0056220805,0.002179462,0.025226098,36.44274,27.3163,0.085743755,0.0056060404,0.002171043,0.025340699,36.451134,27.306746,0.08769768556313856,0.0061088374350219965,0.0022109326091594994,0.026881237248224873,36.45464750017439,27.228726523263113,0.16502365,0.52527535,3.1374733,0.08225335739552975,-0.0035012178122997284,0
0.01554971,0.0059692943,0.039516095,36.35933,28.417341,0.075154565,0.015551379,0.0059735784,0.03951805,36.358616,28.524588,0.08769768556313856,0.0061088374350219965,0.0022109326091594994,0.026881237248224873,36.45464750017439,27.228726523263113,0.15105982,0.3838846,2.5412753,0.08225335739552975,-0.0035012178122997284,0
0.015544467,0.0089249145,0.03879756,36.224655,28.223148,0.07500057,0.015544814,0.008927954,0.038798213,36.22882,28.33522,0.08769768556313856,0.0061088374350219965,0.0022109326091594994,0.026881237248224873,36.45464750017439,27.228726523263113,0.23003803,0.5741538,2.4959083,0.08225335739552975,-0.0035012178122997284,0
0.014743301,0.009441314,0.037755303,36.10836,28.063763,0.07485137,0.01474359,0.009443955,0.037755843,36.11387,28.189028,0.08769768556313856,0.0061088374350219965,0.0022109326091594994,0.026881237248224873,36.45464750017439,27.228726523263113,0.25006592,0.64037997,2.5608447,0.08225335739552975,-0.0035012178122997284,0
0.01412793,0.0077937385,0.037636038,36.028397,28.00406,0.076025516,0.014128379,0.0077965846,0.0376368,36.03325,28.135616,0.08769768556313856,0.0061088374350219965,0.0022109326091594994,0.026881237248224873,36.45464750017439,27.228726523263113,0.2070818,0.5516547,2.6639457,0.08225335739552975,-0.0035012178122997284,0
0.013197753,0.0052255043,0.036883853,36.01412,27.982313,0.07659083,0.013198136,0.005228167,0.03688449,36.020912,28.114607,0.08769768556313856,0.0061088374350219965,0.0022109326091594994,0.026881237248224873,36.45464750017439,27.228726523263113,0.14167458,0.39593893,2.794707,0.08225335739552975,-0.0035012178122997284,0
0.01103918,0.002117564,0.032887626,36.03198,28.073963,0.0732598,0.011039279,0.0021197298,0.032887723,36.04067,28.204506,0.08769768556313856,0.0061088374350219965,0.0022109326091594994,0.026881237248224873,36.45464750017439,27.228726523263113,0.064387865,0.19182259,2.979173,0.08225335739552975,-0.0035012178122997284,0
0.008137584,0.0005201131,0.025255052,35.97758,28.250563,0.06511142,0.008137545,0.00052216847,0.025254805,35.983932,28.36894,0.08769768556313856,0.0061088374350219965,0.0022109326091594994,0.026881237248224873,36.45464750017439,27.228726523263113,0.020594418,0.06391493,3.1035075,0.08225335739552975,-0.0035012178122997284,0
0.0055910647,0.0013889022,0.015681714,35.791687,28.217001,0.05376793,0.0055910163,0.0013910562,0.015681395,35.794113,28.384733,0.08769768556313856,0.0061088374350219965,0.0022109326091594994,0.026881237248224873,36.45464750017439,27.228726523263113,0.08856826,0.24841462,2.8047814,0.08225335739552975,-0.0035012178122997284,0
0.0045072595,0.002249609,0.010915194,35.686012,28.235275,0.0478743,0.004507273,0.0022517447,0.010915146,35.696236,28.420732,0.08769768556313856,0.0061088374350219965,0.0022109326091594994,0.026881237248224873,36.45464750017439,27.228726523263113,0.20609885,0.49910793,2.421692,0.08225335739552975,-0.0035012178122997284,0
0.0056220805,0.002179462,0.025226098,36.44274,27.3163,0.085743755,0.0056060404,0.002171043,0.025340699,36.451134,27.306746,0.08769768556313856,0.0061088374350219965,0.0022109326091594994,0.026881237248224873,36.45464750017439,27.228726523263113,0.16502365,0.52527535,3.1374733,0.08225335739552975,-0.0035012178122997284,0
0.0056220805,0.002179462,0.025226098,36.44274,27.3163,0.085743755,0.0056060404,0.002171043,0.025340699,36.451134,27.306746,0.08769768556313856,0.0061088374350219965,0.0022109326091594994,0.026881237248224873,36.45464750017439,27.228726523263113,0.16502365,0.52527535,3.1374733,0.08225335739552975,-0.0035012178122997284,0
0.0056220805,0.002179462,0.025226098,36.44274,27.3163,0.085743755,0.0056060404,0.002171043,0.025340699,36.451134,27.306746,0.08769768556313856,0.0061088374350219965,0.0022109326091594994,0.026881237248224873,36.45464750017439,27.228726523263113,0.16502365,0.52527535,3.1374733,0.08225335739552975,-0.0035012178122997284,0
0.0056220805,0.002179462,0.025226098,36.44274,27.3163,0.085743755,0.0056060404,0.002171043,0.025340699,36.451134,27.306746,0.08769768556313856,0.0061088374350219965,0.0022109326091594994,0.026881237248224873,36.45464750017439,27.228726523263113,0.16502365,0.52527535,3.1374733,0.08225335739552975,-0.0035012178122997284,0
0.04333235,0.04808596,0.075635485,36.236294,28.580704,0.110970765,0.043333154,0.04809059,0.07563646,36.228794,28.635809,0.08769768556313856,0.0061088374350219965,0.0022109326091594994,0.026881237248224873,36.45464750017439,27.228726523263113,0.6357593,1.1097013,1.7454739,0.08225335739552975,-0.0035012178122997284,0
0.04166718,0.06009312,0.07396949,36.066925,28.19684,0.109997906,0.041669272,0.06010072,0.07397209,36.05096,28.308897,0.08769768556313856,0.0061088374350219965,0.0022109326091594994,0.026881237248224873,36.45464750017439,27.228726523263113,0.81240416,1.4422171,1.775246,0.08225335739552975,-0.0035012178122997284,0
0.038212508,0.061855465,0.07047353,36.039555,28.042631,0.107490875,0.038213372,0.061861765,0.07047464,36.018196,28.193798,0.08769768556313856,0.0061088374350219965,0.0022109326091594994,0.026881237248224873,36.45464750017439,27.228726523263113,0.877712,1.618723,1.844253,0.08225335739552975,-0.0035012178122997284,0
0.033573058,0.04868129,0.06552058,36.02862,28.041761,0.10453522,0.03357371,0.048685446,0.065521374,36.029106,28.186106,0.08769768556313856,0.0061088374350219965,0.0022109326091594994,0.026881237248224873,36.45464750017439,27.228726523263113,0.74299234,1.4500105,1.9515821,0.08225335739552975,-0.0035012178122997284,0
0.02759982,0.030262617,0.059211023,36.06161,28.069149,0.10024725,0.02760026,0.030265622,0.059211448,36.06933,28.204544,0.08769768556313856,0.0061088374350219965,0.0022109326091594994,0.026881237248224873,36.45464750017439,27.228726523263113,0.51109767,1.0964788,2.145341,0.08225335739552975,-0.0035012178122997284,0
0.01980534,0.011828717,0.049793467,36.092533,28.2084,0.09204196,0.019805422,0.011830583,0.049793325,36.100395,28.330519,0.08769768556313856,0.0061088374350219965,0.0022109326091594994,0.026881237248224873,36.45464750017439,27.228726523263113,0.2375556,0.59724885,2.5141435,0.08225335739552975,-0.0035012178122997284,0
0.012485091,0.0011265496,0.038653977,36.035454,28.271675,0.08096476,0.012484975,0.0011280249,0.038653683,36.042934,28.4628,0.08769768556313856,0.0061088374350219965,0.0022109326091594994,0.026881237248224873,36.45464750017439,27.228726523263113,0.029144466,0.09023159,3.096011,0.08225335739552975,-0.0035012178122997284,0
0.0056220805,0.002179462,0.025226098,36.44274,27.3163,0.085743755,0.0056060404,0.002171043,0.025340699,36.451134,27.306746,0.08769768556313856,0.0061088374350219965,0.0022109326091594994,0.026881237248224873,36.45464750017439,27.228726523263113,0.16502365,0.52527535,3.1374733,0.08225335739552975,-0.0035012178122997284,0
0.0056220805,0.002179462,0.025226098,36.44274,27.3163,0.085743755,0.0056060404,0.002171043,0.025340699,36.451134,27.306746,0.08769768556313856,0.0061088374350219965,0.0022109326091594994,0.026881237248224873,36.45464750017439,27.228726523263113,0.16502365,0.52527535,3.1374733,0.08225335739552975,-0.0035012178122997284,0
0.0056220805,0.002179462,0.025226098,36.44274,27.3163,0.085743755,0.0056060404,0.002171043,0.025340699,36.451134,27.306746,0.08769768556313856,0.0061088374350219965,0.0022109326091594994,0.026881237248224873,36.45464750017439,27.228726523263113,0.16502365,0.52527535,3.1374733,0.08225335739552975,-0.0035012178122997284,0
0.0056220805,0.002179462,0.025226098,36.44274,27.3163,0.085743755,0.0056060404,0.002171043,0.025340699,36.451134,27.306746,0.08769768556313856,0.0061088374350219965,0.0022109326091594994,0.026881237248224873,36.45464750017439,27.228726523263113,0.16502365,0.52527535,3.1374733,0.08225335739552975,-0.0035012178122997284,0
0.0056220805,0.002179462,0.025226098,36.44274,27.3163,0.085743755,0.0056060404,0.002171043,0.025340699,36.451134,27.306746,0.08769768556313856,0.0061088374350219965,0.0022109326091594994,0.026881237248224873,36.45464750017439,27.228726523263113,0.16502365,0.52527535,3.1374733,0.08225335739552975,-0.0035012178122997284,0
0.0056220805,0.002179462,0.025226098,36.44274,27.3163,0.085743755,0.0056060404,0.002171043,0.025340699,36.451134,27.306746,0.08769768556313856,0.0061088374350219965,0.0022109326091594994,0.026881237248224873,36.45464750017439,27.228726523263113,0.16502365,0.52527535,3.1374733,0.08225335739552975,-0.0035012178122997284,0
0.07118665,0.118205786,0.10766945,36.067543,28.38727,0.14186874,0.07118671,0.11820921,0.10766954,36.046684,28.526548,0.08769768556313856,0.0061088374350219965,0.0022109326091594994,0.026881237248224873,36.45464750017439,27.228726523263113,1.0978582,1.660505,1.512495,0.08225335739552975,-0.0035012178122997284,0
0.073469184,0.17899674,0.11371832,35.907394,28.162441,0.14674063,0.073471196,0.17900683,0.11372073,35.732155,28.298363,0.08769768556313856,0.0061088374350219965,0.0022109326091594994,0.026881237248224873,36.45464750017439,27.228726523263113,1.574036,2.4363513,1.547837,0.08225335739552975,-0.0035012178122997284,0
0.068870604,0.19504489,0.11080381,35.925385,28.055561,0.14374672,0.068872,0.195062,0.11080614,35.6307,28.284416,0.08769768556313856,0.0061088374350219965,0.0022109326091594994,0.026881237248224873,36.45464750017439,27.228726523263113,1.7602724,2.8320484,1.6088694,0.08225335739552975,-0.0035012178122997284,0
0.060517725,0.14930913,0.099656105,36.005802,28.134058,0.13676177,0.060518984,0.14931786,0.09965747,35.899616,28.33592,0.08769768556313856,0.0061088374350219965,0.0022109326091594994,0.026881237248224873,36.45464750017439,27.228726523263113,1.4982437,2.4671967,1.6467259,0.08225335739552975,-0.0035012178122997284,0
0.049904622,0.09399359,0.08642038,36.097683,28.250832,0.12736712,0.049905516,0.093998216,0.08642102,36.101086,28.4021,0.08769768556313856,0.0061088374350219965,0.0022109326091594994,0.026881237248224873,36.45464750017439,27.228726523263113,1.0876322,1.8834646,1.7317109,0.08225335739552975,-0.0035012178122997284,0
0.035774436,0.039814156,0.0704877,36.1447,28.25768,0.1135928,0.035774685,0.039815523,0.07048761,36.15909,28.493773,0.08769768556313856,0.0061088374350219965,0.0022109326091594994,0.026881237248224873,36.45464750017439,27.228726523263113,0.56483835,1.112922,1.9703372,0.08225335739552975,-0.0035012178122997284,0
0.0056220805,0.002179462,0.025226098,36.44274,27.3163,0.085743755,0.0056060404,0.002171043,0.025340699,36.451134,27.306746,0.08769768556313856,0.0061088374350219965,0.0022109326091594994,0.026881237248224873,36.45464750017439,27.228726523263113,0.16502365,0.52527535,3.1374733,0.08225335739552975,-0.0035012178122997284,0
0.0056220805,0.002179462,0.025226098,36.44274,27.3163,0.085743755,0.0056060404,0.002171043,0.025340699,36.451134,27.306746,0.08769768556313856,0.0061088374350219965,0.0022109326091594994,0.026881237248224873,36.45464750017439,27.228726523263113,0.16502365,0.52527535,3.1374733,0.08225335739552975,-0.0035012178122997284,0
0.0056220805,0.002179462,0.025226098,36.44274,27.3163,0.085743755,0.0056060404,0.002171043,0.025340699,36.451134,27.306746,0.08769768556313856,0.0061088374350219965,0.0022109326091594994,0.026881237248224873,36.45464750017439,27.228726523263113,0.16502365,0.52527535,3.1374733,0.08225335739552975,-0.0035012178122997284,0
0.0056220805,0.002179462,0.025226098,36.44274,27.3163,0.085743755,0.0056060404,0.002171043,0.025340699,36.451134,27.306746,0.08769768556313856,0.0061088374350219965,0.0022109326091594994,0.026881237248224873,36.45464750017439,27.228726523263113,0.16502365,0.52527535,3.1374733,0.08225335739552975,-0.0035012178122997284,0
0.0056220805,0.002179462,0.025226098,36.44274,27.3163,0.085743755,0.0056060404,0.002171043,0.025340699,36.451134,27.306746,0.08769768556313856,0.0061088374350219965,0.0022109326091594994,0.026881237248224873,36.45464750017439,27.228726523263113,0.16502365,0.52527535,3.1374733,0.08225335739552975,-0.0035012178122997284,0
0.0056220805,0.002179462,0.025226098,36.44274,27.3163,0.085743755,0.0056060404,0.002171043,0.025340699,36.451134,27.306746,0.08769768556313856,0.0061088374350219965,0.0022109326091594994,0.026881237248224873,36.45464750017439,27.228726523263113,0.16502365,0.52527535,3.1374733,0.08225335739552975,-0.0035012178122997284,0
0.0056220805,0.002179462,0.025226098,36.44274,27.3163,0.085743755,0.0056060404,0.002171043,0.025340699,36.451134,27.306746,0.08769768556313856,0.0061088374350219965,0.0022109326091594994,0.026881237248224873,36.45464750017439,27.228726523263113,0.16502365,0.52527535,3.1374733,0.08225335739552975,-0.0035012178122997284,0
0.0056220805,0.002179462,0.025226098,36.44274,27.3163,0.085743755,0.0056060404,0.002171043,0.025340699,36.451134,27.306746,0.08769768556313856,0.0061088374350219965,0.0022109326091594994,0.026881237248224873,36.45464750017439,27.228726523263113,0.16502365,0.52527535,3.1374733,0.08225335739552975,-0.0035012178122997284,0
0.09829694,0.37637886,0.15180358,36.175137,28.169966,0.17657913,0.098297715,0.3763928,0.15180537,35.601974,28.31232,0.08769768556313856,0.0061088374350219965,0.0022109326091594994,0.026881237248224873,36.45464750017439,27.228726523263113,2.4793806,3.8289988,1.5443368,0.08225335739552975,-0.0035012178122997284,0
0.09224647,0.41188878,0.1506309,36.145596,28.033957,0.17129467,0.092247345,0.4123462,0.15067773,35.28224,28.259615,0.08769768556313856,0.0061088374350219965,0.0022109326091594994,0.026881237248224873,36.45464750017439,27.228726523263113,2.734424,4.46509,1.6329178,0.08225335739552975,-0.0035012178122997284,0
0.082884535,0.2921275,0.13147385,36.12108,28.078938,0.16247995,0.08288598,0.29214227,0.13147597,35.7573,28.360134,0.08769768556313856,0.0061088374350219965,0.0022109326091594994,0.026881237248224873,36.45464750017439,27.228726523263113,2.2219436,3.5245113,1.586229,0.08225335739552975,-0.0035012178122997284,0
0.07516587,0.20525233,0.11714363,36.105137,28.232134,0.1550792,0.07516714,0.20525894,0.117144614,36.081257,28.493881,0.08769768556313856,0.0061088374350219965,0.0022109326091594994,0.026881237248224873,36.45464750017439,27.228726523263113,1.7521425,2.7306588,1.5584685,0.08225335739552975,-0.0035012178122997284,0
0.0056220805,0.002179462,0.025226098,36.44274,27.3163,0.085743755,0.0056060404,0.002171043,0.025340699,36.451134,27.306746,0.08769768556313856,0.0061088374350219965,0.0022109326091594994,0.026881237248224873,36.45464750017439,27.228726523263113,0.16502365,0.52527535,3.1374733,0.08225335739552975,-0.0035012178122997284,0
0.0056220805,0.002179462,0.025226098,36.44274,27.3163,0.085743755,0.0056060404,0.002171043,0.025340699,36.451134,27.306746,0.08769768556313856,0.0061088374350219965,0.0022109326091594994,0.026881237248224873,36.45464750017439,27.228726523263113,0.16502365,0.52527535,3.1374733,0.08225335739552975,-0.0035012178122997284,0
0.0056220805,0.002179462,0.025226098,36.44274,27.3163,0.085743755,0.0056060404,0.002171043,0.025340699,36.451134,27.306746,0.08769768556313856,0.0061088374350219965,0.0022109326091594994,0.026881237248224873,36.45464750017439,27.228726523263113,0.16502365,0.52527535,3.1374733,0.08225335739552975,-0.0035012178122997284,0
0.0056220805,0.002179462,0.025226098,36.44274,27.3163,0.085743755,0.0056060404,0.002171043,0.025340699,36.451134,27.306746,0.08769768556313856,0.0061088374350219965,0.0022109326091594994,0.026881237248224873,36.45464750017439,27.228726523263113,0.16502365,0.52527535,3.1374733,0.08225335739552975,-0.0035012178122997284,0
0.0056220805,0.002179462,0.025226098,36.44274,27.3163,0.085743755,0.0056060404,0.002171043,0.025340699,36.451134,27.306746,0.08769768556313856,0.0061088374350219965,0.0022109326091594994,0.026881237248224873,36.45464750017439,27.228726523263113,0.16502365,0.52527535,3.1374733,0.08225335739552975,-0.0035012178122997284,0
0.0056220805,0.002179462,0.025226098,36.44274,27.3163,0.085743755,0.0056060404,0.002171043,0.025340699,36.451134,27.306746,0.08769768556313856,0.0061088374350219965,0.0022109326091594994,0.026881237248224873,36.45464750017439,27.228726523263113,0.16502365,0.52527535,3.1374733,0.08225335739552975,-0.0035012178122997284,0
0.0056220805,0.002179462,0.025226098,36.44274,27.3163,0.085743755,0.0056060404,0.002171043,0.025340699,36.451134,27.306746,0.08769768556313856,0.0061088374350219965,0.0022109326091594994,0.026881237248224873,36.45464750017439,27.228726523263113,0.16502365,0.52527535,3.1374733,0.08225335739552975,-0.0035012178122997284,0
0.0056220805,0.002179462,0.025226098,36.44274,27.3163,0.085743755,0.0056060404,0.002171043,0.025340699,36.451134,27.306746,0.08769768556313856,0.0061088374350219965,0.0022109326091594994,0.026881237248224873,36.45464750017439,27.228726523263113,0.16502365,0.52527535,3.1374733,0.08225335739552975,-0.0035012178122997284,0
0.0056220805,0.002179462,0.025226098,36.44274,27.3163,0.085743755,0.0056060404,0.002171043,0.025340699,36.451134,27.306746,0.08769768556313856,0.0061088374350219965,0.0022109326091594994,0.026881237248224873,36.45464750017439,27.228726523263113,0.16502365,0.52527535,3.1374733,0.08225335739552975,-0.0035012178122997284,0
0.0056220805,0.002179462,0.025226098,36.44274,27.3163,0.085743755,0.0056060404,0.002171043,0.025340699,36.451134,27.306746,0.08769768556313856,0.0061088374350219965,0.0022109326091594994,0.026881237248224873,36.45464750017439,27.228726523263113,0.16502365,0.52527535,3.1374733,0.08225335739552975,-0.0035012178122997284,0
0.0056220805,0.002179462,0.025226098,36.44274,27.3163,0.085743755,0.0056060404,0.002171043,0.025340699,36.451134,27.306746,0.08769768556313856,0.0061088374350219965,0.0022109326091594994,0.026881237248224873,36.45464750017439,27.228726523263113,0.16502365,0.52527535,3.1374733,0.08225335739552975,-0.0035012178122997284,0
0.0056220805,0.002179462,0.025226098,36.44274,27.3163,0.085743755,0.0056060404,0.002171043,0.025340699,36.451134,27.306746,0.08769768556313856,0.0061088374350219965,0.0022109326091594994,0.026881237248224873,36.45464750017439,27.228726523263113,0.16502365,0.52527535,3.1374733,0.08225335739552975,-0.0035012178122997284,0
0.0056220805,0.002179462,0.025226098,36.44274,27.3163,0.085743755,0.0056060404,0.002171043,0.025340699,36.451134,27.306746,0.08769768556313856,0.0061088374350219965,0.0022109326091594994,0.026881237248224873,36.45464750017439,27.228726523263113,0.16502365,0.52527535,3.1374733,0.08225335739552975,-0.0035012178122997284,0
0.0056220805,0.002179462,0.025226098,36.44274,27.3163,0.085743755,0.0056060404,0.002171043,0.025340699,36.451134,27.306746,0.08769768556313856,0.0061088374350219965,0.0022109326091594994,0.026881237248224873,36.45464750017439,27.228726523263113,0.16502365,0.52527535,3.1374733,0.08225335739552975,-0.0035012178122997284,0
0.0056220805,0.002179462,0.025226098,36.44274,27.3163,0.085743755,0.0056060404,0.002171043,0.025340699,36.451134,27.306746,0.08769768556313856,0.0061088374350219965,0.0022109326091594994,0.026881237248224873,36.45464750017439,27.228726523263113,0.16502365,0.52527535,3.1374733,0.08225335739552975,-0.0035012178122997284,0
0.0056220805,0.002179462,0.025226098,36.44274,27.3163,0.085743755,0.0056060404,0.002171043,0.025340699,36.451134,27.306746,0.08769768556313856,0.0061088374350219965,0.0022109326091594994,0.026881237248224873,36.45464750017439,27.228726523263113,0.16502365,0.52527535,3.1374733,0.08225335739552975,-0.0035012178122997284,0
0.0056220805,0.002179462,0.025226098,36.44274,27.3163,0.085743755,0.0056060404,0.002171043,0.025340699,36.451134,27.306746,0.08769768556313856,0.0061088374350219965,0.0022109326091594994,0.026881237248224873,36.45464750017439,27.228726523263113,0.16502365,0.52527535,3.1374733,0.08225335739552975,-0.0035012178122997284,0
0.0056220805,0.002179462,0.025226098,36.44274,27.3163,0.085743755,0.0056060404,0.002171043,0.025340699,36.451134,27.306746,0.08769768556313856,0.0061088374350219965,0.0022109326091594994,0.026881237248224873,36.45464750017439,27.228726523263113,0.16502365,0.52527535,3.1374733,0.08225335739552975,-0.0035012178122997284,0
0.0056220805,0.002179462,0.025226098,36.44274,27.3163,0.085743755,0.0056060404,0.002171043,0.025340699,36.451134,27.306746,0.08769768556313856,0.0061088374350219965,0.0022109326091594994,0.026881237248224873,36.45464750017439,27.228726523263113,0.16502365,0.52527535,3.1374733,0.08225335739552975,-0.0035012178122997284,0
0.0056220805,0.002179462,0.025226098,36.44274,27.3163,0.085743755,0.0056060404,0.002171043,0.025340699,36.451134,27.306746,0.08769768556313856,0.0061088374350219965,0.0022109326091594994,0.026881237248224873,36.45464750017439,27.228726523263113,0.16502365,0.52527535,3.1374733,0.08225335739552975,-0.0035012178122997284,0
0.0056220805,0.002179462,0.025226098,36.44274,27.3163,0.085743755,0.0056060404,0.002171043,0.025340699,36.451134,27.306746,0.08769768556313856,0.0061088374350219965,0.0022109326091594994,0.026881237248224873,36.45464750017439,27.228726523263113,0.16502365,0.52527535,3.1374733,0.08225335739552975,-0.0035012178122997284,0
0.0056220805,0.002179462,0.025226098,36.44274,27.3163,0.085743755,0.0056060404,0.002171043,0.025340699,36.451134,27.306746,0.08769768556313856,0.0061088374350219965,0.0022109326091594994,0.026881237248224873,36.45464750017439,27.228726523263113,0.16502365,0.52527535,3.1374733,0.08225335739552975,-0.0035012178122997284,0
0.0056220805,0.002179462,0.025226098,36.44274,27.3163,0.085743755,0.0056060404,0.002171043,0.025340699,36.451134,27.306746,0.08769768556313856,0.0061088374350219965,0.0022109326091594994,0.026881237248224873,36.45464750017439,27.228726523263113,0.16502365,0.52527535,3.1374733,0.08225335739552975,-0.0035012178122997284,0
0.0056220805,0.002179462,0.025226098,36.44274,27.3163,0.085743755,0.0056060404,0.002171043,0.025340699,36.451134,27.306746,0.08769768556313856,0.0061088374350219965,0.0022109326091594994,0.026881237248224873,36.45464750017439,27.228726523263113,0.16502365,0.52527535,3.1374733,0.08225335739552975,-0.0035012178122997284,0
0.0056220805,0.002179462,0.025226098,36.44274,27.3163,0.085743755,0.0056060404,0.002171043,0.025340699,36.451134,27.306746,0.08769768556313856,0.0061088374350219965,0.0022109326091594994,0.026881237248224873,36.45464750017439,27.228726523263113,0.16502365,0.52527535,3.1374733,0.08225335739552975,-0.0035012178122997284,0
0.0056220805,0.002179462,0.025226098,36.44274,27.3163,0.085743755,0.0056060404,0.002171043,0.025340699,36.451134,27.306746,0.08769768556313856,0.0061088374350219965,0.0022109326091594994,0.026881237248224873,36.45464750017439,27.228726523263113,0.16502365,0.52527535,3.1374733,0.08225335739552975,-0.0035012178122997284,0
0.0056220805,0.002179462,0.025226098,36.44274,27.3163,0.085743755,0.0056060404,0.002171043,0.025340699,36.451134,27.306746,0.08769768556313856,0.0061088374350219965,0.0022109326091594994,0.026881237248224873,36.45464750017439,27.228726523263113,0.16502365,0.52527535,3.1374733,0.08225335739552975,-0.0035012178122997284,0
0.0056220805,0.002179462,0.025226098,36.44274,27.3163,0.085743755,0.0056060404,0.002171043,0.025340699,36.451134,27.306746,0.08769768556313856,0.0061088374350219965,0.0022109326091594994,0.026881237248224873,36.45464750017439,27.228726523263113,0.16502365,0.52527535,3.1374733,0.08225335739552975,-0.0035012178122997284,0
0.0056220805,0.002179462,0.025226098,36.44274,27.3163,0.085743755,0.0056060404,0.002171043,0.025340699,36.451134,27.306746,0.08769768556313856,0.0061088374350219965,0.0022109326091594994,0.026881237248224873,36.45464750017439,27.228726523263113,0.16502365,0.52527535,3.1374733,0.08225335739552975,-0.0035012178122997284,0
0.0056220805,0.002179462,0.025226098,36.44274,27.3163,0.085743755,0.0056060404,0.002171043,0.025340699,36.451134,27.306746,0.08769768556313856,0.0061088374350219965,0.0022109326091594994,0.026881237248224873,36.45464750017439,27.228726523263113,0.16502365,0.52527535,3.1374733,0.08225335739552975,-0.0035012178122997284,0
0.0056220805,0.002179462,0.025226098,36.44274,27.3163,0.085743755,0.0056060404,0.002171043,0.025340699,36.451134,27.306746,0.08769768556313856,0.0061088374350219965,0.0022109326091594994,0.026881237248224873,36.45464750017439,27.228726523263113,0.16502365,0.52527535,3.1374733,0.08225335739552975,-0.0035012178122997284,0
0.0056220805,0.002179462,0.025226098,36.44274,27.3163,0.085743755,0.0056060404,0.002171043,0.025340699,36.451134,27.306746,0.08769768556313856,0.0061088374350219965,0.0022109326091594994,0.026881237248224873,36.45464750017439,27.228726523263113,0.16502365,0.52527535,3.1374733,0.08225335739552975,-0.0035012178122997284,0
0.0056220805,0.002179462,0.025226098,36.44274,27.3163,0.085743755,0.0056060404,0.002171043,0.025340699,36.451134,27.306746,0.08769768556313856,0.0061088374350219965,0.0022109326091594994,0.026881237248224873,36.45464750017439,27.228726523263113,0.16502365,0.52527535,3.1374733,0.08225335739552975,-0.0035012178122997284,0
0.0056220805,0.002179462,0.025226098,36.44274,27.3163,0.085743755,0.0056060404,0.002171043,0.025340699,36.451134,27.306746,0.08769768556313856,0.0061088374350219965,0.0022109326091594994,0.026881237248224873,36.45464750017439,27.228726523263113,0.16502365,0.52527535,3.1374733,0.08225335739552975,-0.0035012178122997284,0
0.0056220805,0.002179462,0.025226098,36.44274,27.3163,0.085743755,0.0056060404,0.002171043,0.025340699,36.451134,27.306746,0.08769768556313856,0.0061088374350219965,0.0022109326091594994,0.026881237248224873,36.45464750017439,27.228726523263113,0.16502365,0.52527535,3.1374733,0.08225335739552975,-0.0035012178122997284,0
0.0056220805,0.002179462,0.025226098,36.44274,27.3163,0.085743755,0.0056060404,0.002171043,0.025340699,36.451134,27.306746,0.08769768556313856,0.0061088374350219965,0.0022109326091594994,0.026881237248224873,36.45464750017439,27.228726523263113,0.16502365,0.52527535,3.1374733,0.08225335739552975,-0.0035012178122997284,0
0.0056220805,0.002179462,0.025226098,36.44274,27.3163,0.085743755,0.0056060404,0.002171043,0.025340699,36.451134,27.306746,0.08769768556313856,0.0061088374350219965,0.0022109326091594994,0.026881237248224873,36.45464750017439,27.228726523263113,0.16502365,0.52527535,3.1374733,0.08225335739552975,-0.0035012178122997284,0
0.0056220805,0.002179462,0.025226098,36.44274,27.3163,0.085743755,0.0056060404,0.002171043,0.025340699,36.451134,27.306746,0.08769768556313856,0.0061088374350219965,0.0022109326091594994,0.026881237248224873,36.45464750017439,27.228726523263113,0.16502365,0.52527535,3.1374733,0.08225335739552975,-0.0035012178122997284,0
0.0056220805,0.002179462,0.025226098,36.44274,27.3163,0.085743755,0.0056060404,0.002171043,0.025340699,36.451134,27.306746,0.08769768556313856,0.0061088374350219965,0.0022109326091594994,0.026881237248224873,36.45464750017439,27.228726523263113,0.16502365,0.52527535,3.1374733,0.08225335739552975,-0.0035012178122997284,0
0.0056220805,0.002179462,0.025226098,36.44274,27.3163,0.085743755,0.0056060404,0.002171043,0.025340699,36.451134,27.306746,0.08769768556313856,0.0061088374350219965,0.0022109326091594994,0.026881237248224873,36.45464750017439,27.228726523263113,0.16502365,0.52527535,3.1374733,0.08225335739552975,-0.0035012178122997284,0
0.0056220805,0.002179462,0.025226098,36.44274,27.3163,0.085743755,0.0056060404,0.002171043,0.025340699,36.451134,27.306746,0.08769768556313856,0.0061088374350219965,0.0022109326091594994,0.026881237248224873,36.45464750017439,27.228726523263113,0.16502365,0.52527535,3.1374733,0.08225335739552975,-0.0035012178122997284,0
0.0056220805,0.002179462,0.025226098,36.44274,27.3163,0.085743755,0.0056060404,0.002171043,0.025340699,36.451134,27.306746,0.08769768556313856,0.0061088374350219965,0.0022109326091594994,0.026881237248224873,36.45464750017439,27.228726523263113,0.16502365,0.52527535,3.1374733,0.08225335739552975,-0.0035012178122997284,0
0.0056220805,0.002179462,0.025226098,36.44274,27.3163,0.085743755,0.0056060404,0.002171043,0.025340699,36.451134,27.306746,0.08769768556313856,0.0061088374350219965,0.0022109326091594994,0.026881237248224873,36.45464750017439,27.228726523263113,0.16502365,0.52527535,3.1374733,0.08225335739552975,-0.0035012178122997284,0
0.0056220805,0.002179462,0.025226098,36.44274,27.3163,0.085743755,0.0056060404,0.002171043,0.025340699,36.451134,27.306746,0.08769768556313856,0.0061088374350219965,0.0022109326091594994,0.026881237248224873,36.45464750017439,27.228726523263113,0.16502365,0.52527535,3.1374733,0.08225335739552975,-0.0035012178122997284,0
0.0056220805,0.002179462,0.025226098,36.44274,27.3163,0.085743755,0.0056060404,0.002171043,0.025340699,36.451134,27.306746,0.08769768556313856,0.0061088374350219965,0.0022109326091594994,0.026881237248224873,36.45464750017439,27.228726523263113,0.16502365,0.52527535,3.1374733,0.08225335739552975,-0.0035012178122997284,0
0.0056220805,0.002179462,0.025226098,36.44274,27.3163,0.085743755,0.0056060404,0.002171043,0.025340699,36.451134,27.306746,0.08769768556313856,0.0061088374350219965,0.0022109326091594994,0.026881237248224873,36.45464750017439,27.228726523263113,0.16502365,0.52527535,3.1374733,0.08225335739552975,-0.0035012178122997284,0
0.0056220805,0.002179462,0.025226098,36.44274,27.3163,0.085743755,0.0056060404,0.002171043,0.025340699,36.451134,27.306746,0.08769768556313856,0.0061088374350219965,0.0022109326091594994,0.026881237248224873,36.45464750017439,27.228726523263113,0.16502365,0.52527535,3.1374733,0.08225335739552975,-0.0035012178122997284,0
0.0056220805,0.002179462,0.025226098,36.44274,27.3163,0.085743755,0.0056060404,0.002171043,0.025340699,36.451134,27.306746,0.08769768556313856,0.0061088374350219965,0.0022109326091594994,0.026881237248224873,36.45464750017439,27.228726523263113,0.16502365,0.52527535,3.1374733,0.08225335739552975,-0.0035012178122997284,0
0.0056220805,0.002179462,0.025226098,36.44274,27.3163,0.085743755,0.0056060404,0.002171043,0.025340699,36.451134,27.306746,0.08769768556313856,0.0061088374350219965,0.0022109326091594994,0.026881237248224873,36.45464750017439,27.228726523263113,0.16502365,0.52527535,3.1374733,0.08225335739552975,-0.0035012178122997284,0
0.0056220805,0.002179462,0.025226098,36.44274,27.3163,0.085743755,0.0056060404,0.002171043,0.025340699,36.451134,27.306746,0.08769768556313856,0.0061088374350219965,0.0022109326091594994,0.026881237248224873,36.45464750017439,27.228726523263113,0.16502365,0.52527535,3.1374733,0.08225335739552975,-0.0035012178122997284,0
0.0056220805,0.002179462,0.025226098,36.44274,27.3163,0.085743755,0.0056060404,0.002171043,0.025340699,36.451134,27.306746,0.08769768556313856,0.0061088374350219965,0.0022109326091594994,0.026881237248224873,36.45464750017439,27.228726523263113,0.16502365,0.52527535,3.1374733,0.08225335739552975,-0.0035012178122997284,0
0.0056220805,0.002179462,0.025226098,36.44274,27.3163,0.085743755,0.0056060404,0.002171043,0.025340699,36.451134,27.306746,0.08769768556313856,0.0061088374350219965,0.0022109326091594994,0.026881237248224873,36.45464750017439,27.228726523263113,0.16502365,0.52527535,3.1374733,0.08225335739552975,-0.0035012178122997284,0
0.0056220805,0.002179462,0.025226098,36.44274,27.3163,0.085743755,0.0056060404,0.002171043,0.025340699,36.451134,27.306746,0.08769768556313856,0.0061088374350219965,0.0022109326091594994,0.026881237248224873,36.45464750017439,27.228726523263113,0.16502365,0.52527535,3.1374733,0.08225335739552975,-0.0035012178122997284,0
0.0056220805,0.002179462,0.025226098,36.44274,27.3163,0.085743755,0.0056060404,0.002171043,0.025340699,36.451134,27.306746,0.08769768556313856,0.0061088374350219965,0.0022109326091594994,0.026881237248224873,36.45464750017439,27.228726523263113,0.16502365,0.52527535,3.1374733,0.08225335739552975,-0.0035012178122997284,0
0.0056220805,0.002179462,0.025226098,36.44274,27.3163,0.085743755,0.0056060404,0.002171043,0.025340699,36.451134,27.306746,0.08769768556313856,0.0061088374350219965,0.0022109326091594994,0.026881237248224873,36.45464750017439,27.228726523263113,0.16502365,0.52527535,3.1374733,0.08225335739552975,-0.0035012178122997284,0
0.0056220805,0.002179462,0.025226098,36.44274,27.3163,0.085743755,0.0056060404,0.002171043,0.025340699,36.451134,27.306746,0.08769768556313856,0.0061088374350219965,0.0022109326091594994,0.026881237248224873,36.45464750017439,27.228726523263113,0.16502365,0.52527535,3.1374733,0.08225335739552975,-0.0035012178122997284,0
0.0056220805,0.002179462,0.025226098,36.44274,27.3163,0.085743755,0.0056060404,0.002171043,0.025340699,36.451134,27.306746,0.08769768556313856,0.0061088374350219965,0.0022109326091594994,0.026881237248224873,36.45464750017439,27.228726523263113,0.16502365,0.52527535,3.1374733,0.08225335739552975,-0.0035012178122997284,0
0.0056220805,0.002179462,0.025226098,36.44274,27.3163,0.085743755,0.0056060404,0.002171043,0.025340699,36.451134,27.306746,0.08769768556313856,0.0061088374350219965,0.0022109326091594994,0.026881237248224873,36.45464750017439,27.228726523263113,0.16502365,0.52527535,3.1374733,0.08225335739552975,-0.0035012178122997284,0
0.0056220805,0.002179462,0.025226098,36.44274,27.3163,0.085743755,0.0056060404,0.002171043,0.025340699,36.451134,27.306746,0.08769768556313856,0.0061088374350219965,0.0022109326091594994,0.026881237248224873,36.45464750017439,27.228726523263113,0.16502365,0.52527535,3.1374733,0.08225335739552975,-0.0035012178122997284,0
0.0056220805,0.002179462,0.025226098,36.44274,27.3163,0.085743755,0.0056060404,0.002171043,0.025340699,36.451134,27.306746,0.08769768556313856,0.0061088374350219965,0.0022109326091594994,0.026881237248224873,36.45464750017439,27.228726523263113,0.16502365,0.52527535,3.1374733,0.08225335739552975,-0.0035012178122997284,0
0.0056220805,0.002179462,0.025226098,36.44274,27.3163,0.085743755,0.0056060404,0.002171043,0.025340699,36.451134,27.306746,0.08769768556313856,0.0061088374350219965,0.0022109326091594994,0.026881237248224873,36.45464750017439,27.228726523263113,0.16502365,0.52527535,3.1374733,0.08225335739552975,-0.0035012178122997284,0
0.0056220805,0.002179462,0.025226098,36.44274,27.3163,0.085743755,0.0056060404,0.002171043,0.025340699,36.451134,27.306746,0.08769768556313856,0.0061088374350219965,0.0022109326091594994,0.026881237248224873,36.45464750017439,27.228726523263113,0.16502365,0.52527535,3.1374733,0.08225335739552975,-0.0035012178122997284,0
0.0056220805,0.002179462,0.025226098,36.44274,27.3163,0.085743755,0.0056060404,0.002171043,0.025340699,36.451134,27.306746,0.08769768556313856,0.0061088374350219965,0.0022109326091594994,0.026881237248224873,36.45464750017439,27.228726523263113,0.16502365,0.52527535,3.1374733,0.08225335739552975,-0.0035012178122997284,0
0.0056220805,0.002179462,0.025226098,36.44274,27.3163,0.085743755,0.0056060404,0.002171043,0.025340699,36.451134,27.306746,0.08769768556313856,0.0061088374350219965,0.0022109326091594994,0.026881237248224873,36.45464750017439,27.228726523263113,0.16502365,0.52527535,3.1374733,0.08225335739552975,-0.0035012178122997284,0
0.0056220805,0.002179462,0.025226098,36.44274,27.3163,0.085743755,0.0056060404,0.002171043,0.025340699,36.451134,27.306746,0.08769768556313856,0.0061088374350219965,0.0022109326091594994,0.026881237248224873,36.45464750017439,27.228726523263113,0.16502365,0.52527535,3.1374733,0.08225335739552975,-0.0035012178122997284,0
0.0056220805,0.002179462,0.025226098,36.44274,27.3163,0.085743755,0.0056060404,0.002171043,0.025340699,36.451134,27.306746,0.08769768556313856,0.0061088374350219965,0.0022109326091594994,0.026881237248224873,36.45464750017439,27.228726523263113,0.16502365,0.52527535,3.1374733,0.08225335739552975,-0.0035012178122997284,0
0.0056220805,0.002179462,0.025226098,36.44274,27.3163,0.085743755,0.0056060404,0.002171043,0.025340699,36.451134,27.306746,0.08769768556313856,0.0061088374350219965,0.0022109326091594994,0.026881237248224873,36.45464750017439,27.228726523263113,0.16502365,0.52527535,3.1374733,0.08225335739552975,-0.0035012178122997284,0
0.0056220805,0.002179462,0.025226098,36.44274,27.3163,0.085743755,0.0056060404,0.002171043,0.025340699,36.451134,27.306746,0.08769768556313856,0.0061088374350219965,0.0022109326091594994,0.026881237248224873,36.45464750017439,27.228726523263113,0.16502365,0.52527535,3.1374733,0.08225335739552975,-0.0035012178122997284,0
0.0056220805,0.002179462,0.025226098,36.44274,27.3163,0.085743755,0.0056060404,0.002171043,0.025340699,36.451134,27.306746,0.08769768556313856,0.0061088374350219965,0.0022109326091594994,0.026881237248224873,36.45464750017439,27.228726523263113,0.16502365,0.52527535,3.1374733,0.08225335739552975,-0.0035012178122997284,0
0.0056220805,0.002179462,0.025226098,36.44274,27.3163,0.085743755,0.0056060404,0.002171043,0.025340699,36.451134,27.306746,0.08769768556313856,0.0061088374350219965,0.0022109326091594994,0.026881237248224873,36.45464750017439,27.228726523263113,0.16502365,0.52527535,3.1374733,0.08225335739552975,-0.0035012178122997284,0
