nh4,no3,po4,so,thetao,chl_t-1,nh4_t-1,no3_t-1,po4_t-1,so_t-1,thetao_t-1,chl_7day_avg,nh4_7day_avg,no3_7day_avg,po4_7day_avg,so_7day_avg,thetao_7day_avg,n_p_ratio,n_nh4_ratio,p_nh4_ratio,chl_monthly_median,chl_anomaly,bloom_proxy_label
0.0069892285,0.0022987872,0.03186386,36.558777,26.814638,0.07441046,0.0069892285,0.002288105,0.031830236,36.561775,26.814323,0.07547930628061295,0.007297857365171825,0.0022976959922483987,0.031437741592526436,36.549072538103374,26.707667350769043,0.1376966,0.4788565,3.1232038,0.0783444344997406,-0.0002149641513824463,0
0.0069892285,0.0022987872,0.03186386,36.558777,26.814638,0.07441046,0.0069892285,0.002288105,0.031830236,36.561775,26.814323,0.07547930628061295,0.007297857365171825,0.0022976959922483987,0.031437741592526436,36.549072538103374,26.707667350769043,0.1376966,0.4788565,3.1232038,0.0783444344997406,-0.0002149641513824463,0
0.0069892285,0.0022987872,0.03186386,36.558777,26.814638,0.07441046,0.0069892285,0.002288105,0.031830236,36.561775,26.814323,0.07547930628061295,0.007297857365171825,0.0022976959922483987,0.031437741592526436,36.549072538103374,26.707667350769043,0.1376966,0.4788565,3.1232038,0.0783444344997406,-0.0002149641513824463,0
0.0036741751,0.0021576283,0.009350593,36.470936,27.05626,0.038845476,0.0035355384,0.0025872542,0.008246037,36.44576,26.80422,0.07547930628061295,0.007297857365171825,0.0022976959922483987,0.031437741592526436,36.549072538103374,26.707667350769043,0.23074774,0.58724153,2.5449502,0.0783444344997406,-0.0002149641513824463,0
0.0044080415,0.0021854765,0.015467902,36.52533,26.936302,0.041264825,0.004066894,0.0025540355,0.0125885075,36.460625,26.694277,0.07547930628061295,0.007297857365171825,0.0022976959922483987,0.031437741592526436,36.549072538103374,26.707667350769043,0.14129108,0.49579307,3.5090191,0.0783444344997406,-0.0002149641513824463,0
0.0055504814,0.0021239247,0.025172867,36.591206,26.991806,0.046549924,0.0050910427,0.002520994,0.02133837,36.511185,26.655727,0.07547930628061295,0.007297857365171825,0.0022976959922483987,0.031437741592526436,36.549072538103374,26.707667350769043,0.08437357,0.38265595,4.5352583,0.0783444344997406,-0.0002149641513824463,0
0.0067867674,0.0022908892,0.03542252,36.605137,27.12555,0.054300133,0.006510662,0.0023953468,0.03379496,36.60084,26.698723,0.07547930628061295,0.007297857365171825,0.0022976959922483987,0.031437741592526436,36.549072538103374,26.707667350769043,0.064673245,0.33755234,5.219351,0.0783444344997406,-0.0002149641513824463,0
0.007792531,0.0026390045,0.042620137,36.56824,27.12636,0.06321708,0.008293758,0.002695771,0.04754601,36.592686,26.781082,0.07547930628061295,0.007297857365171825,0.0022976959922483987,0.031437741592526436,36.549072538103374,26.707667350769043,0.061919194,0.33865818,5.4693575,0.0783444344997406,-0.0002149641513824463,0
0.008469149,0.0031755823,0.04572772,36.54168,26.996206,0.07229403,0.01048699,0.0042488263,0.06038829,36.536667,26.841665,0.07547930628061295,0.007297857365171825,0.0022976959922483987,0.031437741592526436,36.549072538103374,26.707667350769043,0.06944545,0.37495887,5.3993287,0.0783444344997406,-0.0002149641513824463,0
0.008617623,0.0037143105,0.044875417,36.554794,26.808895,0.079838954,0.012463905,0.0061918637,0.06980079,36.527943,26.83304,0.07547930628061295,0.007297857365171825,0.0022976959922483987,0.031437741592526436,36.549072538103374,26.707667350769043,0.08276938,0.43101335,5.207401,0.0783444344997406,-0.0002149641513824463,0
0.007778493,0.0037233392,0.038876742,36.618774,26.534834,0.0818479,0.012444669,0.0061763856,0.070549935,36.587597,26.75529,0.07547930628061295,0.007297857365171825,0.0022976959922483987,0.031437741592526436,36.549072538103374,26.707667350769043,0.09577292,0.478671,4.9979787,0.0783444344997406,-0.0002149641513824463,0
0.0061227516,0.0033303876,0.028045451,36.63091,26.303453,0.07436866,0.009933752,0.0045141955,0.057956103,36.6895,26.47556,0.07547930628061295,0.007297857365171825,0.0022976959922483987,0.031437741592526436,36.549072538103374,26.707667350769043,0.118749656,0.54393643,4.5805306,0.0783444344997406,-0.0002149641513824463,0
0.004505056,0.0030847723,0.016522774,36.454227,26.230728,0.059670012,0.0065770736,0.0031134295,0.036313996,36.740242,26.06653,0.07547930628061295,0.007297857365171825,0.0022976959922483987,0.031437741592526436,36.549072538103374,26.707667350769043,0.1866982,0.6847356,3.6676068,0.0783444344997406,-0.0002149641513824463,0
0.0069892285,0.0022987872,0.03186386,36.558777,26.814638,0.07441046,0.0069892285,0.002288105,0.031830236,36.561775,26.814323,0.07547930628061295,0.007297857365171825,0.0022976959922483987,0.031437741592526436,36.549072538103374,26.707667350769043,0.1376966,0.4788565,3.1232038,0.0783444344997406,-0.0002149641513824463,0
0.0069892285,0.0022987872,0.03186386,36.558777,26.814638,0.07441046,0.0069892285,0.002288105,0.031830236,36.561775,26.814323,0.07547930628061295,0.007297857365171825,0.0022976959922483987,0.031437741592526436,36.549072538103374,26.707667350769043,0.1376966,0.4788565,3.1232038,0.0783444344997406,-0.0002149641513824463,0
0.0069892285,0.0022987872,0.03186386,36.558777,26.814638,0.07441046,0.0069892285,0.002288105,0.031830236,36.561775,26.814323,0.07547930628061295,0.007297857365171825,0.0022976959922483987,0.031437741592526436,36.549072538103374,26.707667350769043,0.1376966,0.4788565,3.1232038,0.0783444344997406,-0.0002149641513824463,0
0.0027754626,0.0016649979,0.004494967,36.493263,27.293402,0.038589668,0.0033715507,0.0026528607,0.0071704257,36.46107,26.865332,0.07547930628061295,0.007297857365171825,0.0022976959922483987,0.031437741592526436,36.549072538103374,26.707667350769043,0.3704138,0.59989923,1.619538,0.0783444344997406,-0.0002149641513824463,0
0.0032642188,0.0021583464,0.008166998,36.48162,27.120802,0.040321156,0.0037354685,0.0023193257,0.010156607,36.45197,26.791153,0.07547930628061295,0.007297857365171825,0.0022976959922483987,0.031437741592526436,36.549072538103374,26.707667350769043,0.2642766,0.66121376,2.5019763,0.0783444344997406,-0.0002149641513824463,0
0.003813928,0.0013253776,0.013742478,36.51861,27.045559,0.04352133,0.0042806896,0.0019339259,0.015788224,36.470947,26.740383,0.07547930628061295,0.007297857365171825,0.0022976959922483987,0.031437741592526436,36.549072538103374,26.707667350769043,0.09644386,0.34750986,3.6032348,0.0783444344997406,-0.0002149641513824463,0
0.0045056944,0.0012191824,0.020474425,36.573677,27.078022,0.04811681,0.0050065652,0.0014326263,0.023892641,36.53558,26.737846,0.07547930628061295,0.007297857365171825,0.0022976959922483987,0.031437741592526436,36.549072538103374,26.707667350769043,0.0595466,0.27058703,4.5441217,0.0783444344997406,-0.0002149641513824463,0
0.005448155,0.0015881846,0.02728992,36.57292,27.056416,0.05493979,0.006608454,0.0017714376,0.03508498,36.54457,26.78624,0.07547930628061295,0.007297857365171825,0.0022976959922483987,0.031437741592526436,36.549072538103374,26.707667350769043,0.05819675,0.2915087,5.0090203,0.0783444344997406,-0.0002149641513824463,0
0.0066949893,0.002522399,0.033559993,36.55091,26.931765,0.06547122,0.0099756075,0.0054773744,0.05049393,36.505066,26.865847,0.07547930628061295,0.007297857365171825,0.0022976959922483987,0.031437741592526436,36.549072538103374,26.707667350769043,0.07516089,0.37675923,5.012703,0.0783444344997406,-0.0002149641513824463,0
0.007522034,0.0036918106,0.036189348,36.553307,26.705221,0.077911414,0.014017021,0.010050529,0.067179754,36.493317,26.886187,0.07547930628061295,0.007297857365171825,0.0022976959922483987,0.031437741592526436,36.549072538103374,26.707667350769043,0.10201374,0.49079952,4.811112,0.0783444344997406,-0.0002149641513824463,0
0.0067225196,0.0038601211,0.03049037,36.578655,26.421614,0.084840156,0.014978568,0.009824349,0.07492603,36.542763,26.814386,0.07547930628061295,0.007297857365171825,0.0022976959922483987,0.031437741592526436,36.549072538103374,26.707667350769043,0.12660132,0.5742075,4.535557,0.0783444344997406,-0.0002149641513824463,0
0.004885416,0.0033520577,0.01912837,36.50902,26.257195,0.07910853,0.011926731,0.0064203823,0.06438539,36.673786,26.506914,0.07547930628061295,0.007297857365171825,0.0022976959922483987,0.031437741592526436,36.549072538103374,26.707667350769043,0.17524011,0.6861356,3.9154024,0.0783444344997406,-0.0002149641513824463,0
0.0034421985,0.0030755308,0.009383077,36.337868,26.316366,0.06258959,0.007336274,0.0036128252,0.039863635,36.781666,25.957468,0.07547930628061295,0.007297857365171825,0.0022976959922483987,0.031437741592526436,36.549072538103374,26.707667350769043,0.32777423,0.89347863,2.7258966,0.0783444344997406,-0.0002149641513824463,0
0.0069892285,0.0022987872,0.03186386,36.558777,26.814638,0.07441046,0.0069892285,0.002288105,0.031830236,36.561775,26.814323,0.07547930628061295,0.007297857365171825,0.0022976959922483987,0.031437741592526436,36.549072538103374,26.707667350769043,0.1376966,0.4788565,3.1232038,0.0783444344997406,-0.0002149641513824463,0
0.0069892285,0.0022987872,0.03186386,36.558777,26.814638,0.07441046,0.0069892285,0.002288105,0.031830236,36.561775,26.814323,0.07547930628061295,0.007297857365171825,0.0022976959922483987,0.031437741592526436,36.549072538103374,26.707667350769043,0.1376966,0.4788565,3.1232038,0.0783444344997406,-0.0002149641513824463,0
0.0069892285,0.0022987872,0.03186386,36.558777,26.814638,0.07441046,0.0069892285,0.002288105,0.031830236,36.561775,26.814323,0.07547930628061295,0.007297857365171825,0.0022976959922483987,0.031437741592526436,36.549072538103374,26.707667350769043,0.1376966,0.4788565,3.1232038,0.0783444344997406,-0.0002149641513824463,0
0.0023426851,0.0042097373,0.0027000245,36.56395,27.506908,0.035267677,0.002236697,0.0011491743,0.0031902955,36.514095,27.063332,0.07547930628061295,0.007297857365171825,0.0022976959922483987,0.031437741592526436,36.549072538103374,26.707667350769043,1.5591478,1.7969711,1.1525341,0.0783444344997406,-0.0002149641513824463,0
0.002757416,0.0067380033,0.005125207,36.50067,27.30032,0.036614664,0.002327151,0.0002571712,0.0050133565,36.467117,26.94083,0.07547930628061295,0.007297857365171825,0.0022976959922483987,0.031437741592526436,36.549072538103374,26.707667350769043,1.3146793,2.4435933,1.8586991,0.0783444344997406,-0.0002149641513824463,0
0.0022948529,0.0023268384,0.0062327404,36.483334,27.171612,0.03778421,0.002260109,1e-11,0.007665181,36.461994,26.839348,0.07547930628061295,0.007297857365171825,0.0022976959922483987,0.031437741592526436,36.549072538103374,26.707667350769043,0.3733251,1.013938,2.715965,0.0783444344997406,-0.0002149641513824463,0
0.0022210686,1e-11,0.009396975,36.520542,27.095621,0.039783932,0.0024873528,1e-11,0.012180097,36.4875,26.80636,0.07547930628061295,0.007297857365171825,0.0022976959922483987,0.031437741592526436,36.549072538103374,26.707667350769043,1.0641723e-09,4.502337e-09,4.230835,0.0783444344997406,-0.0002149641513824463,0
0.00343674,5.186854e-06,0.017025713,36.54451,27.023256,0.04620974,0.004717655,0.001638405,0.022524115,36.495415,26.814507,0.07547930628061295,0.007297857365171825,0.0022976959922483987,0.031437741592526436,36.549072538103374,26.707667350769043,0.00030464827,0.0015092368,4.95403,0.0783444344997406,-0.0002149641513824463,0
0.0059209,0.0017671778,0.028581373,36.534473,26.883688,0.060572803,0.010516994,0.010768583,0.04289035,36.47993,26.877335,0.07547930628061295,0.007297857365171825,0.0022976959922483987,0.031437741592526436,36.549072538103374,26.707667350769043,0.061829705,0.2984644,4.827201,0.0783444344997406,-0.0002149641513824463,0
0.007836971,0.003988837,0.036299687,36.5529,26.604723,0.07828071,0.016758593,0.018318918,0.06685493,36.48317,26.890509,0.07547930628061295,0.007297857365171825,0.0022976959922483987,0.031437741592526436,36.549072538103374,26.707667350769043,0.10988626,0.5089768,4.631851,0.0783444344997406,-0.0002149641513824463,0
0.007006389,0.004167709,0.03150491,36.544518,26.339907,0.087810926,0.017518321,0.015258916,0.07850066,36.555233,26.81109,0.07547930628061295,0.007297857365171825,0.0022976959922483987,0.031437741592526436,36.549072538103374,26.707667350769043,0.1322876,0.5948441,4.4965973,0.0783444344997406,-0.0002149641513824463,0
0.004922477,0.0034463243,0.020056525,36.48269,26.250732,0.08408437,0.01370898,0.008701178,0.07080484,36.699253,26.468052,0.07547930628061295,0.007297857365171825,0.0022976959922483987,0.031437741592526436,36.549072538103374,26.707667350769043,0.17183058,0.7001199,4.074478,0.0783444344997406,-0.0002149641513824463,0
0.0029255399,0.0029421279,0.008169958,36.388477,26.315321,0.067776024,0.008059916,0.0039903736,0.046093665,36.84396,25.835096,0.07547930628061295,0.007297857365171825,0.0022976959922483987,0.031437741592526436,36.549072538103374,26.707667350769043,0.3601154,1.0056701,2.7926328,0.0783444344997406,-0.0002149641513824463,0
0.0069892285,0.0022987872,0.03186386,36.558777,26.814638,0.07441046,0.0069892285,0.002288105,0.031830236,36.561775,26.814323,0.07547930628061295,0.007297857365171825,0.0022976959922483987,0.031437741592526436,36.549072538103374,26.707667350769043,0.1376966,0.4788565,3.1232038,0.0783444344997406,-0.0002149641513824463,0
0.0069892285,0.0022987872,0.03186386,36.558777,26.814638,0.07441046,0.0069892285,0.002288105,0.031830236,36.561775,26.814323,0.07547930628061295,0.007297857365171825,0.0022976959922483987,0.031437741592526436,36.549072538103374,26.707667350769043,0.1376966,0.4788565,3.1232038,0.0783444344997406,-0.0002149641513824463,0
0.0069892285,0.0022987872,0.03186386,36.558777,26.814638,0.07441046,0.0069892285,0.002288105,0.031830236,36.561775,26.814323,0.07547930628061295,0.007297857365171825,0.0022976959922483987,0.031437741592526436,36.549072538103374,26.707667350769043,0.1376966,0.4788565,3.1232038,0.0783444344997406,-0.0002149641513824463,0
0.0052566356,0.022909973,0.010980618,36.620728,27.620989,0.03141921,0.00079452444,1e-11,9.319685e-06,36.593483,27.228924,0.07547930628061295,0.007297857365171825,0.0022976959922483987,0.031437741592526436,36.549072538103374,26.707667350769043,2.086401,4.358296,2.088906,0.0783444344997406,-0.0002149641513824463,0
0.0066342796,0.036292028,0.01574584,36.531784,27.4299,0.03277807,0.00087079627,4.5279365e-05,0.0013896547,36.507275,27.091148,0.07547930628061295,0.007297857365171825,0.0022976959922483987,0.031437741592526436,36.549072538103374,26.707667350769043,2.3048646,5.4703794,2.373406,0.0783444344997406,-0.0002149641513824463,0
0.004937495,0.020189203,0.013260016,36.485626,27.293049,0.033503473,0.00076078164,1.3522942e-06,0.003150166,36.464985,26.953257,0.07547930628061295,0.007297857365171825,0.0022976959922483987,0.031437741592526436,36.549072538103374,26.707667350769043,1.5225625,4.088957,2.6855755,0.0783444344997406,-0.0002149641513824463,0
0.0037064005,0.0028369632,0.012973744,36.48953,27.144398,0.03760291,0.002332426,0.00050716614,0.009924663,36.457764,26.892838,0.07547930628061295,0.007297857365171825,0.0022976959922483987,0.031437741592526436,36.549072538103374,26.707667350769043,0.21866958,0.7654227,3.5003622,0.0783444344997406,-0.0002149641513824463,0
0.005348306,0.0008994193,0.022384819,36.513214,27.027664,0.050731644,0.008310287,0.013592855,0.028629882,36.456814,26.895733,0.07547930628061295,0.007297857365171825,0.0022976959922483987,0.031437741592526436,36.549072538103374,26.707667350769043,0.04017988,0.168169,4.1854033,0.0783444344997406,-0.0002149641513824463,0
0.009111212,0.0035861654,0.03924094,36.53063,26.90893,0.07312638,0.018568212,0.033809513,0.059542987,36.458027,26.91282,0.07547930628061295,0.007297857365171825,0.0022976959922483987,0.031437741592526436,36.549072538103374,26.707667350769043,0.09138836,0.39359918,4.3068852,0.0783444344997406,-0.0002149641513824463,0
0.011606159,0.0061384267,0.051338233,36.563194,26.701626,0.09225328,0.024754995,0.036646556,0.08554405,36.480583,26.855574,0.07547930628061295,0.007297857365171825,0.0022976959922483987,0.031437741592526436,36.549072538103374,26.707667350769043,0.119568326,0.5288939,4.4233613,0.0783444344997406,-0.0002149641513824463,0
0.010409479,0.005406997,0.0486658,36.586708,26.486912,0.09775532,0.02168635,0.022682404,0.09188753,36.61636,26.761698,0.07547930628061295,0.007297857365171825,0.0022976959922483987,0.031437741592526436,36.549072538103374,26.707667350769043,0.11110466,0.51943016,4.675143,0.0783444344997406,-0.0002149641513824463,0
0.009068198,0.0046436805,0.043099545,36.58553,26.368757,0.098047316,0.017852144,0.012521886,0.09051481,36.74071,26.46595,0.07547930628061295,0.007297857365171825,0.0022976959922483987,0.031437741592526436,36.549072538103374,26.707667350769043,0.107743144,0.5120842,4.752824,0.0783444344997406,-0.0002149641513824463,0
0.0069892285,0.0022987872,0.03186386,36.558777,26.814638,0.07441046,0.0069892285,0.002288105,0.031830236,36.561775,26.814323,0.07547930628061295,0.007297857365171825,0.0022976959922483987,0.031437741592526436,36.549072538103374,26.707667350769043,0.1376966,0.4788565,3.1232038,0.0783444344997406,-0.0002149641513824463,0
0.0069892285,0.0022987872,0.03186386,36.558777,26.814638,0.07441046,0.0069892285,0.002288105,0.031830236,36.561775,26.814323,0.07547930628061295,0.007297857365171825,0.0022976959922483987,0.031437741592526436,36.549072538103374,26.707667350769043,0.1376966,0.4788565,3.1232038,0.0783444344997406,-0.0002149641513824463,0
0.0069892285,0.0022987872,0.03186386,36.558777,26.814638,0.07441046,0.0069892285,0.002288105,0.031830236,36.561775,26.814323,0.07547930628061295,0.007297857365171825,0.0022976959922483987,0.031437741592526436,36.549072538103374,26.707667350769043,0.1376966,0.4788565,3.1232038,0.0783444344997406,-0.0002149641513824463,0
0.0069892285,0.0022987872,0.03186386,36.558777,26.814638,0.07441046,0.0069892285,0.002288105,0.031830236,36.561775,26.814323,0.07547930628061295,0.007297857365171825,0.0022976959922483987,0.031437741592526436,36.549072538103374,26.707667350769043,0.1376966,0.4788565,3.1232038,0.0783444344997406,-0.0002149641513824463,0
0.018379025,0.117720515,0.043925703,36.636433,27.714985,0.040862326,0.004260238,0.0036397744,0.012826389,36.669685,27.436958,0.07547930628061295,0.007297857365171825,0.0022976959922483987,0.031437741592526436,36.549072538103374,26.707667350769043,2.6799917,6.4051557,2.3899908,0.0783444344997406,-0.0002149641513824463,0
0.022459041,0.16905525,0.05608202,36.519436,27.460783,0.04590055,0.0066075046,0.04382767,0.021618145,36.567112,27.177732,0.07547930628061295,0.007297857365171825,0.0022976959922483987,0.031437741592526436,36.549072538103374,26.707667350769043,3.0144286,7.5272694,2.4970798,0.0783444344997406,-0.0002149641513824463,0
0.020515056,0.13821416,0.052735623,36.502296,27.343245,0.050480172,0.008797791,0.06601079,0.029109843,36.49125,27.066166,0.07547930628061295,0.007297857365171825,0.0022976959922483987,0.031437741592526436,36.549072538103374,26.707667350769043,2.620888,6.737206,2.5705814,0.0783444344997406,-0.0002149641513824463,0
0.01750877,0.070499204,0.0465591,36.49383,27.213291,0.06214054,0.0152667165,0.07680227,0.044720173,36.460285,27.001047,0.07547930628061295,0.007297857365171825,0.0022976959922483987,0.031437741592526436,36.549072538103374,26.707667350769043,1.5141875,4.0265083,2.6591873,0.0783444344997406,-0.0002149641513824463,0
0.017956736,0.0334617,0.051768012,36.50288,27.10173,0.08470849,0.028212888,0.101869375,0.075360775,36.457897,26.965107,0.07547930628061295,0.007297857365171825,0.0022976959922483987,0.031437741592526436,36.549072538103374,26.707667350769043,0.6463779,1.8634623,2.88293,0.0783444344997406,-0.0002149641513824463,0
0.020056963,0.021709263,0.06458062,36.506107,27.043037,0.10766413,0.039470106,0.10318181,0.10624164,36.449085,26.891525,0.07547930628061295,0.007297857365171825,0.0022976959922483987,0.031437741592526436,36.549072538103374,26.707667350769043,0.33615756,1.0823804,3.2198603,0.0783444344997406,-0.0002149641513824463,0
0.019105969,0.014792907,0.07113815,36.50839,27.013039,0.11588533,0.0394826,0.07335371,0.117967926,36.480316,26.768162,0.07547930628061295,0.007297857365171825,0.0022976959922483987,0.031437741592526436,36.549072538103374,26.707667350769043,0.20794618,0.7742558,3.723347,0.0783444344997406,-0.0002149641513824463,0
0.0069892285,0.0022987872,0.03186386,36.558777,26.814638,0.07441046,0.0069892285,0.002288105,0.031830236,36.561775,26.814323,0.07547930628061295,0.007297857365171825,0.0022976959922483987,0.031437741592526436,36.549072538103374,26.707667350769043,0.1376966,0.4788565,3.1232038,0.0783444344997406,-0.0002149641513824463,0
0.0069892285,0.0022987872,0.03186386,36.558777,26.814638,0.07441046,0.0069892285,0.002288105,0.031830236,36.561775,26.814323,0.07547930628061295,0.007297857365171825,0.0022976959922483987,0.031437741592526436,36.549072538103374,26.707667350769043,0.1376966,0.4788565,3.1232038,0.0783444344997406,-0.0002149641513824463,0
0.0069892285,0.0022987872,0.03186386,36.558777,26.814638,0.07441046,0.0069892285,0.002288105,0.031830236,36.561775,26.814323,0.07547930628061295,0.007297857365171825,0.0022976959922483987,0.031437741592526436,36.549072538103374,26.707667350769043,0.1376966,0.4788565,3.1232038,0.0783444344997406,-0.0002149641513824463,0
0.0069892285,0.0022987872,0.03186386,36.558777,26.814638,0.07441046,0.0069892285,0.002288105,0.031830236,36.561775,26.814323,0.07547930628061295,0.007297857365171825,0.0022976959922483987,0.031437741592526436,36.549072538103374,26.707667350769043,0.1376966,0.4788565,3.1232038,0.0783444344997406,-0.0002149641513824463,0
0.0069892285,0.0022987872,0.03186386,36.558777,26.814638,0.07441046,0.0069892285,0.002288105,0.031830236,36.561775,26.814323,0.07547930628061295,0.007297857365171825,0.0022976959922483987,0.031437741592526436,36.549072538103374,26.707667350769043,0.1376966,0.4788565,3.1232038,0.0783444344997406,-0.0002149641513824463,0
0.0069892285,0.0022987872,0.03186386,36.558777,26.814638,0.07441046,0.0069892285,0.002288105,0.031830236,36.561775,26.814323,0.07547930628061295,0.007297857365171825,0.0022976959922483987,0.031437741592526436,36.549072538103374,26.707667350769043,0.1376966,0.4788565,3.1232038,0.0783444344997406,-0.0002149641513824463,0
0.038377017,0.3044224,0.09211337,36.551018,27.66284,0.06505599,0.017394347,0.104942575,0.05245557,36.671875,27.409397,0.07547930628061295,0.007297857365171825,0.0022976959922483987,0.031437741592526436,36.549072538103374,26.707667350769043,3.3048668,7.9324145,2.4002223,0.0783444344997406,-0.0002149641513824463,0
0.052789573,0.50283027,0.1331259,36.203068,27.40052,0.08738985,0.031415675,0.33696464,0.09534744,36.654896,27.139942,0.07547930628061295,0.007297857365171825,0.0022976959922483987,0.031437741592526436,36.549072538103374,26.707667350769043,3.7771032,9.525182,2.521822,0.0783444344997406,-0.0002149641513824463,0
0.054571543,0.4908442,0.13704312,36.286556,27.287806,0.1011253,0.040040568,0.44161487,0.119211294,36.58182,27.040857,0.07547930628061295,0.007297857365171825,0.0022976959922483987,0.031437741592526436,36.549072538103374,26.707667350769043,3.581677,8.994508,2.511256,0.0783444344997406,-0.0002149641513824463,0
0.05199093,0.3154149,0.12068462,36.48012,27.254034,0.12031946,0.05259775,0.40192425,0.13695975,36.525326,26.991674,0.07547930628061295,0.007297857365171825,0.0022976959922483987,0.031437741592526436,36.549072538103374,26.707667350769043,2.6135468,6.0667295,2.321263,0.0783444344997406,-0.0002149641513824463,0
0.049217783,0.17623892,0.110671476,36.48639,27.197039,0.14288968,0.06713781,0.34212425,0.15923962,36.390766,26.885035,0.07547930628061295,0.007297857365171825,0.0022976959922483987,0.031437741592526436,36.549072538103374,26.707667350769043,1.5924512,3.5807977,2.2486074,0.0783444344997406,-0.0002149641513824463,0
0.041627385,0.07875189,0.10018053,36.466484,27.16684,0.14925735,0.06916078,0.235892,0.16255553,36.382523,26.765057,0.07547930628061295,0.007297857365171825,0.0022976959922483987,0.031437741592526436,36.549072538103374,26.707667350769043,0.7860998,1.891829,2.4066017,0.0783444344997406,-0.0002149641513824463,0
0.0069892285,0.0022987872,0.03186386,36.558777,26.814638,0.07441046,0.0069892285,0.002288105,0.031830236,36.561775,26.814323,0.07547930628061295,0.007297857365171825,0.0022976959922483987,0.031437741592526436,36.549072538103374,26.707667350769043,0.1376966,0.4788565,3.1232038,0.0783444344997406,-0.0002149641513824463,0
0.0069892285,0.0022987872,0.03186386,36.558777,26.814638,0.07441046,0.0069892285,0.002288105,0.031830236,36.561775,26.814323,0.07547930628061295,0.007297857365171825,0.0022976959922483987,0.031437741592526436,36.549072538103374,26.707667350769043,0.1376966,0.4788565,3.1232038,0.0783444344997406,-0.0002149641513824463,0
0.0069892285,0.0022987872,0.03186386,36.558777,26.814638,0.07441046,0.0069892285,0.002288105,0.031830236,36.561775,26.814323,0.07547930628061295,0.007297857365171825,0.0022976959922483987,0.031437741592526436,36.549072538103374,26.707667350769043,0.1376966,0.4788565,3.1232038,0.0783444344997406,-0.0002149641513824463,0
0.0069892285,0.0022987872,0.03186386,36.558777,26.814638,0.07441046,0.0069892285,0.002288105,0.031830236,36.561775,26.814323,0.07547930628061295,0.007297857365171825,0.0022976959922483987,0.031437741592526436,36.549072538103374,26.707667350769043,0.1376966,0.4788565,3.1232038,0.0783444344997406,-0.0002149641513824463,0
0.0069892285,0.0022987872,0.03186386,36.558777,26.814638,0.07441046,0.0069892285,0.002288105,0.031830236,36.561775,26.814323,0.07547930628061295,0.007297857365171825,0.0022976959922483987,0.031437741592526436,36.549072538103374,26.707667350769043,0.1376966,0.4788565,3.1232038,0.0783444344997406,-0.0002149641513824463,0
0.0069892285,0.0022987872,0.03186386,36.558777,26.814638,0.07441046,0.0069892285,0.002288105,0.031830236,36.561775,26.814323,0.07547930628061295,0.007297857365171825,0.0022976959922483987,0.031437741592526436,36.549072538103374,26.707667350769043,0.1376966,0.4788565,3.1232038,0.0783444344997406,-0.0002149641513824463,0
0.0069892285,0.0022987872,0.03186386,36.558777,26.814638,0.07441046,0.0069892285,0.002288105,0.031830236,36.561775,26.814323,0.07547930628061295,0.007297857365171825,0.0022976959922483987,0.031437741592526436,36.549072538103374,26.707667350769043,0.1376966,0.4788565,3.1232038,0.0783444344997406,-0.0002149641513824463,0
0.0069892285,0.0022987872,0.03186386,36.558777,26.814638,0.07441046,0.0069892285,0.002288105,0.031830236,36.561775,26.814323,0.07547930628061295,0.007297857365171825,0.0022976959922483987,0.031437741592526436,36.549072538103374,26.707667350769043,0.1376966,0.4788565,3.1232038,0.0783444344997406,-0.0002149641513824463,0
0.09063071,1.0742127,0.24097624,35.282726,27.179098,0.14845833,0.07176252,1.0224799,0.22325468,36.54419,26.870932,0.07547930628061295,0.007297857365171825,0.0022976959922483987,0.031437741592526436,36.549072538103374,26.707667350769043,4.457753,11.852634,2.6588807,0.0783444344997406,-0.0002149641513824463,0
0.091244176,1.088907,0.24477066,34.88844,27.15332,0.1594561,0.07963656,1.1973404,0.2525167,36.66916,27.023344,0.07547930628061295,0.007297857365171825,0.0022976959922483987,0.031437741592526436,36.549072538103374,26.707667350769043,4.448683,11.93399,2.6825895,0.0783444344997406,-0.0002149641513824463,0
0.09097515,0.71237624,0.20882301,35.90821,27.119158,0.17819743,0.093138516,0.90652895,0.24374838,36.417454,27.055952,0.07547930628061295,0.007297857365171825,0.0022976959922483987,0.031437741592526436,36.549072538103374,26.707667350769043,3.4113877,7.8304486,2.2953851,0.0783444344997406,-0.0002149641513824463,0
0.0905816,0.47659633,0.18790022,36.162373,27.134499,0.19514136,0.10491358,0.7028512,0.24271813,36.251358,26.982233,0.07547930628061295,0.007297857365171825,0.0022976959922483987,0.031437741592526436,36.549072538103374,26.707667350769043,2.536433,5.261513,2.074375,0.0783444344997406,-0.0002149641513824463,0
0.0069892285,0.0022987872,0.03186386,36.558777,26.814638,0.07441046,0.0069892285,0.002288105,0.031830236,36.561775,26.814323,0.07547930628061295,0.007297857365171825,0.0022976959922483987,0.031437741592526436,36.549072538103374,26.707667350769043,0.1376966,0.4788565,3.1232038,0.0783444344997406,-0.0002149641513824463,0
0.0069892285,0.0022987872,0.03186386,36.558777,26.814638,0.07441046,0.0069892285,0.002288105,0.031830236,36.561775,26.814323,0.07547930628061295,0.007297857365171825,0.0022976959922483987,0.031437741592526436,36.549072538103374,26.707667350769043,0.1376966,0.4788565,3.1232038,0.0783444344997406,-0.0002149641513824463,0
0.0069892285,0.0022987872,0.03186386,36.558777,26.814638,0.07441046,0.0069892285,0.002288105,0.031830236,36.561775,26.814323,0.07547930628061295,0.007297857365171825,0.0022976959922483987,0.031437741592526436,36.549072538103374,26.707667350769043,0.1376966,0.4788565,3.1232038,0.0783444344997406,-0.0002149641513824463,0
0.0069892285,0.0022987872,0.03186386,36.558777,26.814638,0.07441046,0.0069892285,0.002288105,0.031830236,36.561775,26.814323,0.07547930628061295,0.007297857365171825,0.0022976959922483987,0.031437741592526436,36.549072538103374,26.707667350769043,0.1376966,0.4788565,3.1232038,0.0783444344997406,-0.0002149641513824463,0
0.0069892285,0.0022987872,0.03186386,36.558777,26.814638,0.07441046,0.0069892285,0.002288105,0.031830236,36.561775,26.814323,0.07547930628061295,0.007297857365171825,0.0022976959922483987,0.031437741592526436,36.549072538103374,26.707667350769043,0.1376966,0.4788565,3.1232038,0.0783444344997406,-0.0002149641513824463,0
0.0069892285,0.0022987872,0.03186386,36.558777,26.814638,0.07441046,0.0069892285,0.002288105,0.031830236,36.561775,26.814323,0.07547930628061295,0.007297857365171825,0.0022976959922483987,0.031437741592526436,36.549072538103374,26.707667350769043,0.1376966,0.4788565,3.1232038,0.0783444344997406,-0.0002149641513824463,0
0.0069892285,0.0022987872,0.03186386,36.558777,26.814638,0.07441046,0.0069892285,0.002288105,0.031830236,36.561775,26.814323,0.07547930628061295,0.007297857365171825,0.0022976959922483987,0.031437741592526436,36.549072538103374,26.707667350769043,0.1376966,0.4788565,3.1232038,0.0783444344997406,-0.0002149641513824463,0
0.0069892285,0.0022987872,0.03186386,36.558777,26.814638,0.07441046,0.0069892285,0.002288105,0.031830236,36.561775,26.814323,0.07547930628061295,0.007297857365171825,0.0022976959922483987,0.031437741592526436,36.549072538103374,26.707667350769043,0.1376966,0.4788565,3.1232038,0.0783444344997406,-0.0002149641513824463,0
0.0069892285,0.0022987872,0.03186386,36.558777,26.814638,0.07441046,0.0069892285,0.002288105,0.031830236,36.561775,26.814323,0.07547930628061295,0.007297857365171825,0.0022976959922483987,0.031437741592526436,36.549072538103374,26.707667350769043,0.1376966,0.4788565,3.1232038,0.0783444344997406,-0.0002149641513824463,0
0.0069892285,0.0022987872,0.03186386,36.558777,26.814638,0.07441046,0.0069892285,0.002288105,0.031830236,36.561775,26.814323,0.07547930628061295,0.007297857365171825,0.0022976959922483987,0.031437741592526436,36.549072538103374,26.707667350769043,0.1376966,0.4788565,3.1232038,0.0783444344997406,-0.0002149641513824463,0
0.0069892285,0.0022987872,0.03186386,36.558777,26.814638,0.07441046,0.0069892285,0.002288105,0.031830236,36.561775,26.814323,0.07547930628061295,0.007297857365171825,0.0022976959922483987,0.031437741592526436,36.549072538103374,26.707667350769043,0.1376966,0.4788565,3.1232038,0.0783444344997406,-0.0002149641513824463,0
0.0069892285,0.0022987872,0.03186386,36.558777,26.814638,0.07441046,0.0069892285,0.002288105,0.031830236,36.561775,26.814323,0.07547930628061295,0.007297857365171825,0.0022976959922483987,0.031437741592526436,36.549072538103374,26.707667350769043,0.1376966,0.4788565,3.1232038,0.0783444344997406,-0.0002149641513824463,0
0.0069892285,0.0022987872,0.03186386,36.558777,26.814638,0.07441046,0.0069892285,0.002288105,0.031830236,36.561775,26.814323,0.07547930628061295,0.007297857365171825,0.0022976959922483987,0.031437741592526436,36.549072538103374,26.707667350769043,0.1376966,0.4788565,3.1232038,0.0783444344997406,-0.0002149641513824463,0
0.0069892285,0.0022987872,0.03186386,36.558777,26.814638,0.07441046,0.0069892285,0.002288105,0.031830236,36.561775,26.814323,0.07547930628061295,0.007297857365171825,0.0022976959922483987,0.031437741592526436,36.549072538103374,26.707667350769043,0.1376966,0.4788565,3.1232038,0.0783444344997406,-0.0002149641513824463,0
0.0069892285,0.0022987872,0.03186386,36.558777,26.814638,0.07441046,0.0069892285,0.002288105,0.031830236,36.561775,26.814323,0.07547930628061295,0.007297857365171825,0.0022976959922483987,0.031437741592526436,36.549072538103374,26.707667350769043,0.1376966,0.4788565,3.1232038,0.0783444344997406,-0.0002149641513824463,0
0.0069892285,0.0022987872,0.03186386,36.558777,26.814638,0.07441046,0.0069892285,0.002288105,0.031830236,36.561775,26.814323,0.07547930628061295,0.007297857365171825,0.0022976959922483987,0.031437741592526436,36.549072538103374,26.707667350769043,0.1376966,0.4788565,3.1232038,0.0783444344997406,-0.0002149641513824463,0
0.0069892285,0.0022987872,0.03186386,36.558777,26.814638,0.07441046,0.0069892285,0.002288105,0.031830236,36.561775,26.814323,0.07547930628061295,0.007297857365171825,0.0022976959922483987,0.031437741592526436,36.549072538103374,26.707667350769043,0.1376966,0.4788565,3.1232038,0.0783444344997406,-0.0002149641513824463,0
0.0069892285,0.0022987872,0.03186386,36.558777,26.814638,0.07441046,0.0069892285,0.002288105,0.031830236,36.561775,26.814323,0.07547930628061295,0.007297857365171825,0.0022976959922483987,0.031437741592526436,36.549072538103374,26.707667350769043,0.1376966,0.4788565,3.1232038,0.0783444344997406,-0.0002149641513824463,0
0.0069892285,0.0022987872,0.03186386,36.558777,26.814638,0.07441046,0.0069892285,0.002288105,0.031830236,36.561775,26.814323,0.07547930628061295,0.007297857365171825,0.0022976959922483987,0.031437741592526436,36.549072538103374,26.707667350769043,0.1376966,0.4788565,3.1232038,0.0783444344997406,-0.0002149641513824463,0
0.0069892285,0.0022987872,0.03186386,36.558777,26.814638,0.07441046,0.0069892285,0.002288105,0.031830236,36.561775,26.814323,0.07547930628061295,0.007297857365171825,0.0022976959922483987,0.031437741592526436,36.549072538103374,26.707667350769043,0.1376966,0.4788565,3.1232038,0.0783444344997406,-0.0002149641513824463,0
0.0069892285,0.0022987872,0.03186386,36.558777,26.814638,0.07441046,0.0069892285,0.002288105,0.031830236,36.561775,26.814323,0.07547930628061295,0.007297857365171825,0.0022976959922483987,0.031437741592526436,36.549072538103374,26.707667350769043,0.1376966,0.4788565,3.1232038,0.0783444344997406,-0.0002149641513824463,0
0.0069892285,0.0022987872,0.03186386,36.558777,26.814638,0.07441046,0.0069892285,0.002288105,0.031830236,36.561775,26.814323,0.07547930628061295,0.007297857365171825,0.0022976959922483987,0.031437741592526436,36.549072538103374,26.707667350769043,0.1376966,0.4788565,3.1232038,0.0783444344997406,-0.0002149641513824463,0
0.0069892285,0.0022987872,0.03186386,36.558777,26.814638,0.07441046,0.0069892285,0.002288105,0.031830236,36.561775,26.814323,0.07547930628061295,0.007297857365171825,0.0022976959922483987,0.031437741592526436,36.549072538103374,26.707667350769043,0.1376966,0.4788565,3.1232038,0.0783444344997406,-0.0002149641513824463,0
0.0069892285,0.0022987872,0.03186386,36.558777,26.814638,0.07441046,0.0069892285,0.002288105,0.031830236,36.561775,26.814323,0.07547930628061295,0.007297857365171825,0.0022976959922483987,0.031437741592526436,36.549072538103374,26.707667350769043,0.1376966,0.4788565,3.1232038,0.0783444344997406,-0.0002149641513824463,0
0.0069892285,0.0022987872,0.03186386,36.558777,26.814638,0.07441046,0.0069892285,0.002288105,0.031830236,36.561775,26.814323,0.07547930628061295,0.007297857365171825,0.0022976959922483987,0.031437741592526436,36.549072538103374,26.707667350769043,0.1376966,0.4788565,3.1232038,0.0783444344997406,-0.0002149641513824463,0
0.0069892285,0.0022987872,0.03186386,36.558777,26.814638,0.07441046,0.0069892285,0.002288105,0.031830236,36.561775,26.814323,0.07547930628061295,0.007297857365171825,0.0022976959922483987,0.031437741592526436,36.549072538103374,26.707667350769043,0.1376966,0.4788565,3.1232038,0.0783444344997406,-0.0002149641513824463,0
0.0069892285,0.0022987872,0.03186386,36.558777,26.814638,0.07441046,0.0069892285,0.002288105,0.031830236,36.561775,26.814323,0.07547930628061295,0.007297857365171825,0.0022976959922483987,0.031437741592526436,36.549072538103374,26.707667350769043,0.1376966,0.4788565,3.1232038,0.0783444344997406,-0.0002149641513824463,0
0.0069892285,0.0022987872,0.03186386,36.558777,26.814638,0.07441046,0.0069892285,0.002288105,0.031830236,36.561775,26.814323,0.07547930628061295,0.007297857365171825,0.0022976959922483987,0.031437741592526436,36.549072538103374,26.707667350769043,0.1376966,0.4788565,3.1232038,0.0783444344997406,-0.0002149641513824463,0
0.0069892285,0.0022987872,0.03186386,36.558777,26.814638,0.07441046,0.0069892285,0.002288105,0.031830236,36.561775,26.814323,0.07547930628061295,0.007297857365171825,0.0022976959922483987,0.031437741592526436,36.549072538103374,26.707667350769043,0.1376966,0.4788565,3.1232038,0.0783444344997406,-0.0002149641513824463,0
0.0069892285,0.0022987872,0.03186386,36.558777,26.814638,0.07441046,0.0069892285,0.002288105,0.031830236,36.561775,26.814323,0.07547930628061295,0.007297857365171825,0.0022976959922483987,0.031437741592526436,36.549072538103374,26.707667350769043,0.1376966,0.4788565,3.1232038,0.0783444344997406,-0.0002149641513824463,0
0.0069892285,0.0022987872,0.03186386,36.558777,26.814638,0.07441046,0.0069892285,0.002288105,0.031830236,36.561775,26.814323,0.07547930628061295,0.007297857365171825,0.0022976959922483987,0.031437741592526436,36.549072538103374,26.707667350769043,0.1376966,0.4788565,3.1232038,0.0783444344997406,-0.0002149641513824463,0
0.0069892285,0.0022987872,0.03186386,36.558777,26.814638,0.07441046,0.0069892285,0.002288105,0.031830236,36.561775,26.814323,0.07547930628061295,0.007297857365171825,0.0022976959922483987,0.031437741592526436,36.549072538103374,26.707667350769043,0.1376966,0.4788565,3.1232038,0.0783444344997406,-0.0002149641513824463,0
0.0069892285,0.0022987872,0.03186386,36.558777,26.814638,0.07441046,0.0069892285,0.002288105,0.031830236,36.561775,26.814323,0.07547930628061295,0.007297857365171825,0.0022976959922483987,0.031437741592526436,36.549072538103374,26.707667350769043,0.1376966,0.4788565,3.1232038,0.0783444344997406,-0.0002149641513824463,0
0.0069892285,0.0022987872,0.03186386,36.558777,26.814638,0.07441046,0.0069892285,0.002288105,0.031830236,36.561775,26.814323,0.07547930628061295,0.007297857365171825,0.0022976959922483987,0.031437741592526436,36.549072538103374,26.707667350769043,0.1376966,0.4788565,3.1232038,0.0783444344997406,-0.0002149641513824463,0
0.0069892285,0.0022987872,0.03186386,36.558777,26.814638,0.07441046,0.0069892285,0.002288105,0.031830236,36.561775,26.814323,0.07547930628061295,0.007297857365171825,0.0022976959922483987,0.031437741592526436,36.549072538103374,26.707667350769043,0.1376966,0.4788565,3.1232038,0.0783444344997406,-0.0002149641513824463,0
0.0069892285,0.0022987872,0.03186386,36.558777,26.814638,0.07441046,0.0069892285,0.002288105,0.031830236,36.561775,26.814323,0.07547930628061295,0.007297857365171825,0.0022976959922483987,0.031437741592526436,36.549072538103374,26.707667350769043,0.1376966,0.4788565,3.1232038,0.0783444344997406,-0.0002149641513824463,0
0.0069892285,0.0022987872,0.03186386,36.558777,26.814638,0.07441046,0.0069892285,0.002288105,0.031830236,36.561775,26.814323,0.07547930628061295,0.007297857365171825,0.0022976959922483987,0.031437741592526436,36.549072538103374,26.707667350769043,0.1376966,0.4788565,3.1232038,0.0783444344997406,-0.0002149641513824463,0
0.0069892285,0.0022987872,0.03186386,36.558777,26.814638,0.07441046,0.0069892285,0.002288105,0.031830236,36.561775,26.814323,0.07547930628061295,0.007297857365171825,0.0022976959922483987,0.031437741592526436,36.549072538103374,26.707667350769043,0.1376966,0.4788565,3.1232038,0.0783444344997406,-0.0002149641513824463,0
0.0069892285,0.0022987872,0.03186386,36.558777,26.814638,0.07441046,0.0069892285,0.002288105,0.031830236,36.561775,26.814323,0.07547930628061295,0.007297857365171825,0.0022976959922483987,0.031437741592526436,36.549072538103374,26.707667350769043,0.1376966,0.4788565,3.1232038,0.0783444344997406,-0.0002149641513824463,0
0.0069892285,0.0022987872,0.03186386,36.558777,26.814638,0.07441046,0.0069892285,0.002288105,0.031830236,36.561775,26.814323,0.07547930628061295,0.007297857365171825,0.0022976959922483987,0.031437741592526436,36.549072538103374,26.707667350769043,0.1376966,0.4788565,3.1232038,0.0783444344997406,-0.0002149641513824463,0
0.0069892285,0.0022987872,0.03186386,36.558777,26.814638,0.07441046,0.0069892285,0.002288105,0.031830236,36.561775,26.814323,0.07547930628061295,0.007297857365171825,0.0022976959922483987,0.031437741592526436,36.549072538103374,26.707667350769043,0.1376966,0.4788565,3.1232038,0.0783444344997406,-0.0002149641513824463,0
0.0069892285,0.0022987872,0.03186386,36.558777,26.814638,0.07441046,0.0069892285,0.002288105,0.031830236,36.561775,26.814323,0.07547930628061295,0.007297857365171825,0.0022976959922483987,0.031437741592526436,36.549072538103374,26.707667350769043,0.1376966,0.4788565,3.1232038,0.0783444344997406,-0.0002149641513824463,0
0.0069892285,0.0022987872,0.03186386,36.558777,26.814638,0.07441046,0.0069892285,0.002288105,0.031830236,36.561775,26.814323,0.07547930628061295,0.007297857365171825,0.0022976959922483987,0.031437741592526436,36.549072538103374,26.707667350769043,0.1376966,0.4788565,3.1232038,0.0783444344997406,-0.0002149641513824463,0
0.0069892285,0.0022987872,0.03186386,36.558777,26.814638,0.07441046,0.0069892285,0.002288105,0.031830236,36.561775,26.814323,0.07547930628061295,0.007297857365171825,0.0022976959922483987,0.031437741592526436,36.549072538103374,26.707667350769043,0.1376966,0.4788565,3.1232038,0.0783444344997406,-0.0002149641513824463,0
0.0069892285,0.0022987872,0.03186386,36.558777,26.814638,0.07441046,0.0069892285,0.002288105,0.031830236,36.561775,26.814323,0.07547930628061295,0.007297857365171825,0.0022976959922483987,0.031437741592526436,36.549072538103374,26.707667350769043,0.1376966,0.4788565,3.1232038,0.0783444344997406,-0.0002149641513824463,0
0.0069892285,0.0022987872,0.03186386,36.558777,26.814638,0.07441046,0.0069892285,0.002288105,0.031830236,36.561775,26.814323,0.07547930628061295,0.007297857365171825,0.0022976959922483987,0.031437741592526436,36.549072538103374,26.707667350769043,0.1376966,0.4788565,3.1232038,0.0783444344997406,-0.0002149641513824463,0
0.0069892285,0.0022987872,0.03186386,36.558777,26.814638,0.07441046,0.0069892285,0.002288105,0.031830236,36.561775,26.814323,0.07547930628061295,0.007297857365171825,0.0022976959922483987,0.031437741592526436,36.549072538103374,26.707667350769043,0.1376966,0.4788565,3.1232038,0.0783444344997406,-0.0002149641513824463,0
0.0069892285,0.0022987872,0.03186386,36.558777,26.814638,0.07441046,0.0069892285,0.002288105,0.031830236,36.561775,26.814323,0.07547930628061295,0.007297857365171825,0.0022976959922483987,0.031437741592526436,36.549072538103374,26.707667350769043,0.1376966,0.4788565,3.1232038,0.0783444344997406,-0.0002149641513824463,0
0.0069892285,0.0022987872,0.03186386,36.558777,26.814638,0.07441046,0.0069892285,0.002288105,0.031830236,36.561775,26.814323,0.07547930628061295,0.007297857365171825,0.0022976959922483987,0.031437741592526436,36.549072538103374,26.707667350769043,0.1376966,0.4788565,3.1232038,0.0783444344997406,-0.0002149641513824463,0
0.0069892285,0.0022987872,0.03186386,36.558777,26.814638,0.07441046,0.0069892285,0.002288105,0.031830236,36.561775,26.814323,0.07547930628061295,0.007297857365171825,0.0022976959922483987,0.031437741592526436,36.549072538103374,26.707667350769043,0.1376966,0.4788565,3.1232038,0.0783444344997406,-0.0002149641513824463,0
0.0069892285,0.0022987872,0.03186386,36.558777,26.814638,0.07441046,0.0069892285,0.002288105,0.031830236,36.561775,26.814323,0.07547930628061295,0.007297857365171825,0.0022976959922483987,0.031437741592526436,36.549072538103374,26.707667350769043,0.1376966,0.4788565,3.1232038,0.0783444344997406,-0.0002149641513824463,0
0.0069892285,0.0022987872,0.03186386,36.558777,26.814638,0.07441046,0.0069892285,0.002288105,0.031830236,36.561775,26.814323,0.07547930628061295,0.007297857365171825,0.0022976959922483987,0.031437741592526436,36.549072538103374,26.707667350769043,0.1376966,0.4788565,3.1232038,0.0783444344997406,-0.0002149641513824463,0
0.0069892285,0.0022987872,0.03186386,36.558777,26.814638,0.07441046,0.0069892285,0.002288105,0.031830236,36.561775,26.814323,0.07547930628061295,0.007297857365171825,0.0022976959922483987,0.031437741592526436,36.549072538103374,26.707667350769043,0.1376966,0.4788565,3.1232038,0.0783444344997406,-0.0002149641513824463,0
0.0069892285,0.0022987872,0.03186386,36.558777,26.814638,0.07441046,0.0069892285,0.002288105,0.031830236,36.561775,26.814323,0.07547930628061295,0.007297857365171825,0.0022976959922483987,0.031437741592526436,36.549072538103374,26.707667350769043,0.1376966,0.4788565,3.1232038,0.0783444344997406,-0.0002149641513824463,0
0.0069892285,0.0022987872,0.03186386,36.558777,26.814638,0.07441046,0.0069892285,0.002288105,0.031830236,36.561775,26.814323,0.07547930628061295,0.007297857365171825,0.0022976959922483987,0.031437741592526436,36.549072538103374,26.707667350769043,0.1376966,0.4788565,3.1232038,0.0783444344997406,-0.0002149641513824463,0
0.0069892285,0.0022987872,0.03186386,36.558777,26.814638,0.07441046,0.0069892285,0.002288105,0.031830236,36.561775,26.814323,0.07547930628061295,0.007297857365171825,0.0022976959922483987,0.031437741592526436,36.549072538103374,26.707667350769043,0.1376966,0.4788565,3.1232038,0.0783444344997406,-0.0002149641513824463,0
0.0069892285,0.0022987872,0.03186386,36.558777,26.814638,0.07441046,0.0069892285,0.002288105,0.031830236,36.561775,26.814323,0.07547930628061295,0.007297857365171825,0.0022976959922483987,0.031437741592526436,36.549072538103374,26.707667350769043,0.1376966,0.4788565,3.1232038,0.0783444344997406,-0.0002149641513824463,0
0.0069892285,0.0022987872,0.03186386,36.558777,26.814638,0.07441046,0.0069892285,0.002288105,0.031830236,36.561775,26.814323,0.07547930628061295,0.007297857365171825,0.0022976959922483987,0.031437741592526436,36.549072538103374,26.707667350769043,0.1376966,0.4788565,3.1232038,0.0783444344997406,-0.0002149641513824463,0
0.0069892285,0.0022987872,0.03186386,36.558777,26.814638,0.07441046,0.0069892285,0.002288105,0.031830236,36.561775,26.814323,0.07547930628061295,0.007297857365171825,0.0022976959922483987,0.031437741592526436,36.549072538103374,26.707667350769043,0.1376966,0.4788565,3.1232038,0.0783444344997406,-0.0002149641513824463,0
0.0069892285,0.0022987872,0.03186386,36.558777,26.814638,0.07441046,0.0069892285,0.002288105,0.031830236,36.561775,26.814323,0.07547930628061295,0.007297857365171825,0.0022976959922483987,0.031437741592526436,36.549072538103374,26.707667350769043,0.1376966,0.4788565,3.1232038,0.0783444344997406,-0.0002149641513824463,0
0.0069892285,0.0022987872,0.03186386,36.558777,26.814638,0.07441046,0.0069892285,0.002288105,0.031830236,36.561775,26.814323,0.07547930628061295,0.007297857365171825,0.0022976959922483987,0.031437741592526436,36.549072538103374,26.707667350769043,0.1376966,0.4788565,3.1232038,0.0783444344997406,-0.0002149641513824463,0
0.0069892285,0.0022987872,0.03186386,36.558777,26.814638,0.07441046,0.0069892285,0.002288105,0.031830236,36.561775,26.814323,0.07547930628061295,0.007297857365171825,0.0022976959922483987,0.031437741592526436,36.549072538103374,26.707667350769043,0.1376966,0.4788565,3.1232038,0.0783444344997406,-0.0002149641513824463,0
0.0069892285,0.0022987872,0.03186386,36.558777,26.814638,0.07441046,0.0069892285,0.002288105,0.031830236,36.561775,26.814323,0.07547930628061295,0.007297857365171825,0.0022976959922483987,0.031437741592526436,36.549072538103374,26.707667350769043,0.1376966,0.4788565,3.1232038,0.0783444344997406,-0.0002149641513824463,0
0.0069892285,0.0022987872,0.03186386,36.558777,26.814638,0.07441046,0.0069892285,0.002288105,0.031830236,36.561775,26.814323,0.07547930628061295,0.007297857365171825,0.0022976959922483987,0.031437741592526436,36.549072538103374,26.707667350769043,0.1376966,0.4788565,3.1232038,0.0783444344997406,-0.0002149641513824463,0
0.0069892285,0.0022987872,0.03186386,36.558777,26.814638,0.07441046,0.0069892285,0.002288105,0.031830236,36.561775,26.814323,0.07547930628061295,0.007297857365171825,0.0022976959922483987,0.031437741592526436,36.549072538103374,26.707667350769043,0.1376966,0.4788565,3.1232038,0.0783444344997406,-0.0002149641513824463,0
0.0069892285,0.0022987872,0.03186386,36.558777,26.814638,0.07441046,0.0069892285,0.002288105,0.031830236,36.561775,26.814323,0.07547930628061295,0.007297857365171825,0.0022976959922483987,0.031437741592526436,36.549072538103374,26.707667350769043,0.1376966,0.4788565,3.1232038,0.0783444344997406,-0.0002149641513824463,0
0.0069892285,0.0022987872,0.03186386,36.558777,26.814638,0.07441046,0.0069892285,0.002288105,0.031830236,36.561775,26.814323,0.07547930628061295,0.007297857365171825,0.0022976959922483987,0.031437741592526436,36.549072538103374,26.707667350769043,0.1376966,0.4788565,3.1232038,0.0783444344997406,-0.0002149641513824463,0
0.0069892285,0.0022987872,0.03186386,36.558777,26.814638,0.07441046,0.0069892285,0.002288105,0.031830236,36.561775,26.814323,0.07547930628061295,0.007297857365171825,0.0022976959922483987,0.031437741592526436,36.549072538103374,26.707667350769043,0.1376966,0.4788565,3.1232038,0.0783444344997406,-0.0002149641513824463,0
0.0069892285,0.0022987872,0.03186386,36.558777,26.814638,0.07441046,0.0069892285,0.002288105,0.031830236,36.561775,26.814323,0.07547930628061295,0.007297857365171825,0.0022976959922483987,0.031437741592526436,36.549072538103374,26.707667350769043,0.1376966,0.4788565,3.1232038,0.0783444344997406,-0.0002149641513824463,0
0.0069892285,0.0022987872,0.03186386,36.558777,26.814638,0.07441046,0.0069892285,0.002288105,0.031830236,36.561775,26.814323,0.07547930628061295,0.007297857365171825,0.0022976959922483987,0.031437741592526436,36.549072538103374,26.707667350769043,0.1376966,0.4788565,3.1232038,0.0783444344997406,-0.0002149641513824463,0
0.0069892285,0.0022987872,0.03186386,36.558777,26.814638,0.07441046,0.0069892285,0.002288105,0.031830236,36.561775,26.814323,0.07547930628061295,0.007297857365171825,0.0022976959922483987,0.031437741592526436,36.549072538103374,26.707667350769043,0.1376966,0.4788565,3.1232038,0.0783444344997406,-0.0002149641513824463,0
0.0069892285,0.0022987872,0.03186386,36.558777,26.814638,0.07441046,0.0069892285,0.002288105,0.031830236,36.561775,26.814323,0.07547930628061295,0.007297857365171825,0.0022976959922483987,0.031437741592526436,36.549072538103374,26.707667350769043,0.1376966,0.4788565,3.1232038,0.0783444344997406,-0.0002149641513824463,0
0.0069892285,0.0022987872,0.03186386,36.558777,26.814638,0.07441046,0.0069892285,0.002288105,0.031830236,36.561775,26.814323,0.07547930628061295,0.007297857365171825,0.0022976959922483987,0.031437741592526436,36.549072538103374,26.707667350769043,0.1376966,0.4788565,3.1232038,0.0783444344997406,-0.0002149641513824463,0
0.0036741826,0.0021555307,0.009350728,36.46376,26.7852,0.0377684,0.0036741751,0.0021576283,0.009350593,36.470936,27.05626,0.07547930628061295,0.007297857365171825,0.0022976959922483987,0.031437741592526436,36.549072538103374,26.707667350769043,0.23052008,0.58666945,2.544982,0.0783444344997406,-0.0002149641513824463,0
0.0044080247,0.0021833489,0.015467852,36.5233,26.651379,0.041941322,0.0044080415,0.0021854765,0.015467902,36.52533,26.936302,0.07547930628061295,0.007297857365171825,0.0022976959922483987,0.031437741592526436,36.549072538103374,26.707667350769043,0.14115398,0.4953123,3.5090213,0.0783444344997406,-0.0002149641513824463,0
0.0055504413,0.0021218148,0.025172567,36.587208,26.705366,0.04862024,0.0055504814,0.0021239247,0.025172867,36.591206,26.991806,0.07547930628061295,0.007297857365171825,0.0022976959922483987,0.031437741592526436,36.549072538103374,26.707667350769043,0.08429076,0.38227856,4.535237,0.0783444344997406,-0.0002149641513824463,0
0.006786676,0.0022887643,0.035421837,36.603916,26.796438,0.055461843,0.0067867674,0.0022908892,0.03542252,36.605137,27.12555,0.07547930628061295,0.007297857365171825,0.0022976959922483987,0.031437741592526436,36.549072538103374,26.707667350769043,0.064614505,0.3372438,5.2193203,0.0783444344997406,-0.0002149641513824463,0
0.0077924184,0.0026368566,0.04261931,36.566544,26.847672,0.060152445,0.007792531,0.0026390045,0.042620137,36.56824,27.12636,0.07547930628061295,0.007297857365171825,0.0022976959922483987,0.031437741592526436,36.549072538103374,26.707667350769043,0.061869998,0.33838746,5.4693303,0.0783444344997406,-0.0002149641513824463,0
0.0084690675,0.0031734377,0.045727085,36.538506,26.857407,0.062413972,0.008469149,0.0031755823,0.04572772,36.54168,26.996206,0.07547930628061295,0.007297857365171825,0.0022976959922483987,0.031437741592526436,36.549072538103374,26.707667350769043,0.06939952,0.37470922,5.399306,0.0783444344997406,-0.0002149641513824463,0
0.008617583,0.003712191,0.04487511,36.551773,26.7579,0.06239212,0.008617623,0.0037143105,0.044875417,36.554794,26.808895,0.07547930628061295,0.007297857365171825,0.0022976959922483987,0.031437741592526436,36.549072538103374,26.707667350769043,0.082722716,0.4307694,5.20739,0.0783444344997406,-0.0002149641513824463,0
0.0077784634,0.0037212323,0.038876563,36.617146,26.501152,0.05886179,0.007778493,0.0037233392,0.038876742,36.618774,26.534834,0.07547930628061295,0.007297857365171825,0.0022976959922483987,0.031437741592526436,36.549072538103374,26.707667350769043,0.095719166,0.478402,4.997975,0.0783444344997406,-0.0002149641513824463,0
0.006122738,0.0033282796,0.02804544,36.631565,26.253862,0.05150836,0.0061227516,0.0033303876,0.028045451,36.63091,26.303453,0.07547930628061295,0.007297857365171825,0.0022976959922483987,0.031437741592526436,36.549072538103374,26.707667350769043,0.11867454,0.54359335,4.5805387,0.0783444344997406,-0.0002149641513824463,0
0.0045050657,0.0030826547,0.016523069,36.480225,26.175867,0.04313367,0.004505056,0.0030847723,0.016522774,36.454227,26.230728,0.07547930628061295,0.007297857365171825,0.0022976959922483987,0.031437741592526436,36.549072538103374,26.707667350769043,0.18656671,0.68426406,3.6676643,0.0783444344997406,-0.0002149641513824463,0
0.0069892285,0.0022987872,0.03186386,36.558777,26.814638,0.07441046,0.0069892285,0.002288105,0.031830236,36.561775,26.814323,0.07547930628061295,0.007297857365171825,0.0022976959922483987,0.031437741592526436,36.549072538103374,26.707667350769043,0.1376966,0.4788565,3.1232038,0.0783444344997406,-0.0002149641513824463,0
0.0069892285,0.0022987872,0.03186386,36.558777,26.814638,0.07441046,0.0069892285,0.002288105,0.031830236,36.561775,26.814323,0.07547930628061295,0.007297857365171825,0.0022976959922483987,0.031437741592526436,36.549072538103374,26.707667350769043,0.1376966,0.4788565,3.1232038,0.0783444344997406,-0.0002149641513824463,0
0.0069892285,0.0022987872,0.03186386,36.558777,26.814638,0.07441046,0.0069892285,0.002288105,0.031830236,36.561775,26.814323,0.07547930628061295,0.007297857365171825,0.0022976959922483987,0.031437741592526436,36.549072538103374,26.707667350769043,0.1376966,0.4788565,3.1232038,0.0783444344997406,-0.0002149641513824463,0
0.0027754817,0.0016627706,0.004495099,36.484684,27.033897,0.0343395,0.0027754626,0.0016649979,0.004494967,36.493263,27.293402,0.07547930628061295,0.007297857365171825,0.0022976959922483987,0.031437741592526436,36.549072538103374,26.707667350769043,0.36990744,0.59909266,1.6195744,0.0783444344997406,-0.0002149641513824463,0
0.0032642211,0.0021563054,0.008167037,36.478355,26.830654,0.03681524,0.0032642188,0.0021583464,0.008166998,36.48162,27.120802,0.07547930628061295,0.007297857365171825,0.0022976959922483987,0.031437741592526436,36.549072538103374,26.707667350769043,0.26402542,0.660588,2.5019863,0.0783444344997406,-0.0002149641513824463,0
0.003813913,0.0013232933,0.013742402,36.512825,26.748222,0.040634695,0.003813928,0.0013253776,0.013742478,36.51861,27.045559,0.07547930628061295,0.007297857365171825,0.0022976959922483987,0.031437741592526436,36.549072538103374,26.707667350769043,0.09629272,0.34696472,3.603229,0.0783444344997406,-0.0002149641513824463,0
0.004505611,0.0012170502,0.0204739,36.567318,26.779022,0.045012604,0.0045056944,0.0012191824,0.020474425,36.573677,27.078022,0.07547930628061295,0.007297857365171825,0.0022976959922483987,0.031437741592526436,36.549072538103374,26.707667350769043,0.059443988,0.2701188,4.5440893,0.0783444344997406,-0.0002149641513824463,0
0.005448032,0.0015860474,0.027289141,36.568813,26.829136,0.049383257,0.005448155,0.0015881846,0.02728992,36.57292,27.056416,0.07547930628061295,0.007297857365171825,0.0022976959922483987,0.031437741592526436,36.549072538103374,26.707667350769043,0.05812009,0.29112297,5.0089903,0.0783444344997406,-0.0002149641513824463,0
0.006694909,0.0025202446,0.03355947,36.547592,26.805319,0.05383896,0.0066949893,0.002522399,0.033559993,36.55091,26.931765,0.07547930628061295,0.007297857365171825,0.0022976959922483987,0.031437741592526436,36.549072538103374,26.707667350769043,0.07509786,0.37644193,5.0126853,0.0783444344997406,-0.0002149641513824463,0
0.007522006,0.0036896907,0.036189154,36.550823,26.653254,0.056272104,0.007522034,0.0036918106,0.036189348,36.553307,26.705221,0.07547930628061295,0.007297857365171825,0.0022976959922483987,0.031437741592526436,36.549072538103374,26.707667350769043,0.101955704,0.49051952,4.811104,0.0783444344997406,-0.0002149641513824463,0
0.00672251,0.0038580203,0.030490378,36.5777,26.370794,0.052881245,0.0067225196,0.0038601211,0.03049037,36.578655,26.421614,0.07547930628061295,0.007297857365171825,0.0022976959922483987,0.031437741592526436,36.549072538103374,26.707667350769043,0.12653239,0.5738958,4.5355644,0.0783444344997406,-0.0002149641513824463,0
0.004885387,0.0033499377,0.019128276,36.513287,26.190538,0.044981685,0.004885416,0.0033520577,0.01912837,36.50902,26.257195,0.07547930628061295,0.007297857365171825,0.0022976959922483987,0.031437741592526436,36.549072538103374,26.707667350769043,0.17513014,0.68570566,3.9154065,0.0783444344997406,-0.0002149641513824463,0
0.0034421138,0.003073379,0.009382696,36.347473,26.243858,0.03768899,0.0034421985,0.0030755308,0.009383077,36.337868,26.316366,0.07547930628061295,0.007297857365171825,0.0022976959922483987,0.031437741592526436,36.549072538103374,26.707667350769043,0.3275582,0.8928755,2.725853,0.0783444344997406,-0.0002149641513824463,0
0.0069892285,0.0022987872,0.03186386,36.558777,26.814638,0.07441046,0.0069892285,0.002288105,0.031830236,36.561775,26.814323,0.07547930628061295,0.007297857365171825,0.0022976959922483987,0.031437741592526436,36.549072538103374,26.707667350769043,0.1376966,0.4788565,3.1232038,0.0783444344997406,-0.0002149641513824463,0
0.0069892285,0.0022987872,0.03186386,36.558777,26.814638,0.07441046,0.0069892285,0.002288105,0.031830236,36.561775,26.814323,0.07547930628061295,0.007297857365171825,0.0022976959922483987,0.031437741592526436,36.549072538103374,26.707667350769043,0.1376966,0.4788565,3.1232038,0.0783444344997406,-0.0002149641513824463,0
0.0069892285,0.0022987872,0.03186386,36.558777,26.814638,0.07441046,0.0069892285,0.002288105,0.031830236,36.561775,26.814323,0.07547930628061295,0.007297857365171825,0.0022976959922483987,0.031437741592526436,36.549072538103374,26.707667350769043,0.1376966,0.4788565,3.1232038,0.0783444344997406,-0.0002149641513824463,0
0.0023426677,0.0042083804,0.002699878,36.55819,27.243275,0.031917788,0.0023426851,0.0042097373,0.0027000245,36.56395,27.506908,0.07547930628061295,0.007297857365171825,0.0022976959922483987,0.031437741592526436,36.549072538103374,26.707667350769043,1.5587298,1.7964052,1.1524802,0.0783444344997406,-0.0002149641513824463,0
0.0027575425,0.0067375093,0.0051256134,36.49833,27.02143,0.033640206,0.002757416,0.0067380033,0.005125207,36.50067,27.30032,0.07547930628061295,0.007297857365171825,0.0022976959922483987,0.031437741592526436,36.549072538103374,26.707667350769043,1.3144786,2.443302,1.8587613,0.0783444344997406,-0.0002149641513824463,0
0.002294867,0.0023259579,0.006232773,36.478317,26.84024,0.03435194,0.0022948529,0.0023268384,0.0062327404,36.483334,27.171612,0.07547930628061295,0.007297857365171825,0.0022976959922483987,0.031437741592526436,36.549072538103374,26.707667350769043,0.37318188,1.013548,2.7159624,0.0783444344997406,-0.0002149641513824463,0
0.0022210213,1e-11,0.009396708,36.510372,26.811152,0.036281183,0.0022210686,1e-11,0.009396975,36.520542,27.095621,0.07547930628061295,0.007297857365171825,0.0022976959922483987,0.031437741592526436,36.549072538103374,26.707667350769043,1.0642025e-09,4.502433e-09,4.230805,0.0783444344997406,-0.0002149641513824463,0
0.0034366522,4.769033e-06,0.017025216,36.536602,26.823591,0.041636437,0.00343674,5.186854e-06,0.017025713,36.54451,27.023256,0.07547930628061295,0.007297857365171825,0.0022976959922483987,0.031437741592526436,36.549072538103374,26.707667350769043,0.00028011584,0.0013876972,4.954012,0.0783444344997406,-0.0002149641513824463,0
0.005920842,0.0017650384,0.028581042,36.529392,26.77355,0.050339714,0.0059209,0.0017671778,0.028581373,36.534473,26.883688,0.07547930628061295,0.007297857365171825,0.0022976959922483987,0.031437741592526436,36.549072538103374,26.707667350769043,0.061755564,0.29810598,4.8271923,0.0783444344997406,-0.0002149641513824463,0
0.007836995,0.003986716,0.036299843,36.551132,26.553173,0.0565574,0.007836971,0.003988837,0.036299687,36.5529,26.604723,0.07547930628061295,0.007297857365171825,0.0022976959922483987,0.031437741592526436,36.549072538103374,26.707667350769043,0.109827355,0.50870466,4.6318574,0.0783444344997406,-0.0002149641513824463,0
0.007006508,0.004165621,0.031505752,36.54583,26.273407,0.053598005,0.007006389,0.004167709,0.03150491,36.544518,26.339907,0.07547930628061295,0.007297857365171825,0.0022976959922483987,0.031437741592526436,36.549072538103374,26.707667350769043,0.1322178,0.594536,4.496641,0.0783444344997406,-0.0002149641513824463,0
0.004922679,0.00344426,0.020057844,36.484665,26.186123,0.045421366,0.004922477,0.0034463243,0.020056525,36.48269,26.250732,0.07547930628061295,0.007297857365171825,0.0022976959922483987,0.031437741592526436,36.549072538103374,26.707667350769043,0.17171636,0.69967186,4.074579,0.0783444344997406,-0.0002149641513824463,0
0.002925573,0.0029400599,0.008170277,36.38949,26.262247,0.03649223,0.0029255399,0.0029421279,0.008169958,36.388477,26.315321,0.07547930628061295,0.007297857365171825,0.0022976959922483987,0.031437741592526436,36.549072538103374,26.707667350769043,0.35984826,1.0049518,2.79271,0.0783444344997406,-0.0002149641513824463,0
0.0069892285,0.0022987872,0.03186386,36.558777,26.814638,0.07441046,0.0069892285,0.002288105,0.031830236,36.561775,26.814323,0.07547930628061295,0.007297857365171825,0.0022976959922483987,0.031437741592526436,36.549072538103374,26.707667350769043,0.1376966,0.4788565,3.1232038,0.0783444344997406,-0.0002149641513824463,0
0.0069892285,0.0022987872,0.03186386,36.558777,26.814638,0.07441046,0.0069892285,0.002288105,0.031830236,36.561775,26.814323,0.07547930628061295,0.007297857365171825,0.0022976959922483987,0.031437741592526436,36.549072538103374,26.707667350769043,0.1376966,0.4788565,3.1232038,0.0783444344997406,-0.0002149641513824463,0
0.0069892285,0.0022987872,0.03186386,36.558777,26.814638,0.07441046,0.0069892285,0.002288105,0.031830236,36.561775,26.814323,0.07547930628061295,0.007297857365171825,0.0022976959922483987,0.031437741592526436,36.549072538103374,26.707667350769043,0.1376966,0.4788565,3.1232038,0.0783444344997406,-0.0002149641513824463,0
0.005255508,0.022900783,0.010977862,36.621346,27.413843,0.03745656,0.0052566356,0.022909973,0.010980618,36.620728,27.620989,0.07547930628061295,0.007297857365171825,0.0022976959922483987,0.031437741592526436,36.549072538103374,26.707667350769043,2.0860877,4.3574824,2.08883,0.0783444344997406,-0.0002149641513824463,0
0.006634672,0.036293276,0.015746862,36.531425,27.144367,0.04084126,0.0066342796,0.036292028,0.01574584,36.531784,27.4299,0.07547930628061295,0.007297857365171825,0.0022976959922483987,0.031437741592526436,36.549072538103374,26.707667350769043,2.3047943,5.470244,2.3734198,0.0783444344997406,-0.0002149641513824463,0
0.004937596,0.020188143,0.013260308,36.47942,26.96637,0.039151404,0.004937495,0.020189203,0.013260016,36.485626,27.293049,0.07547930628061295,0.007297857365171825,0.0022976959922483987,0.031437741592526436,36.549072538103374,26.707667350769043,1.5224491,4.0886583,2.6855795,0.0783444344997406,-0.0002149641513824463,0
0.0037064361,0.0028354141,0.01297378,36.481796,26.89291,0.03893208,0.0037064005,0.0028369632,0.012973744,36.48953,27.144398,0.07547930628061295,0.007297857365171825,0.0022976959922483987,0.031437741592526436,36.549072538103374,26.707667350769043,0.21854958,0.7649974,3.500338,0.0783444344997406,-0.0002149641513824463,0
0.0053483057,0.00089874875,0.022384686,36.504845,26.843542,0.04594994,0.005348306,0.0008994193,0.022384819,36.513214,27.027664,0.07547930628061295,0.007297857365171825,0.0022976959922483987,0.031437741592526436,36.549072538103374,26.707667350769043,0.04015016,0.16804364,4.185379,0.0783444344997406,-0.0002149641513824463,0
0.009111224,0.003584719,0.039240878,36.523926,26.801138,0.058755115,0.009111212,0.0035861654,0.03924094,36.53063,26.90893,0.07547930628061295,0.007297857365171825,0.0022976959922483987,0.031437741592526436,36.549072538103374,26.707667350769043,0.09135165,0.39343992,4.3068724,0.0783444344997406,-0.0002149641513824463,0
0.011606173,0.0061362674,0.051338404,36.56073,26.652544,0.06800554,0.011606159,0.0061384267,0.051338233,36.563194,26.701626,0.07547930628061295,0.007297857365171825,0.0022976959922483987,0.031437741592526436,36.549072538103374,26.707667350769043,0.11952587,0.5287072,4.423371,0.0783444344997406,-0.0002149641513824463,0
0.010409597,0.0054049017,0.048666693,36.586857,26.42824,0.06638337,0.010409479,0.005406997,0.0486658,36.586708,26.486912,0.07547930628061295,0.007297857365171825,0.0022976959922483987,0.031437741592526436,36.549072538103374,26.707667350769043,0.11105956,0.5192229,4.675175,0.0783444344997406,-0.0002149641513824463,0
0.00906838,0.004641651,0.043100804,36.585598,26.264141,0.06277059,0.009068198,0.0046436805,0.043099545,36.58553,26.368757,0.07547930628061295,0.007297857365171825,0.0022976959922483987,0.031437741592526436,36.549072538103374,26.707667350769043,0.10769291,0.5118501,4.7528667,0.0783444344997406,-0.0002149641513824463,0
0.0069892285,0.0022987872,0.03186386,36.558777,26.814638,0.07441046,0.0069892285,0.002288105,0.031830236,36.561775,26.814323,0.07547930628061295,0.007297857365171825,0.0022976959922483987,0.031437741592526436,36.549072538103374,26.707667350769043,0.1376966,0.4788565,3.1232038,0.0783444344997406,-0.0002149641513824463,0
0.0069892285,0.0022987872,0.03186386,36.558777,26.814638,0.07441046,0.0069892285,0.002288105,0.031830236,36.561775,26.814323,0.07547930628061295,0.007297857365171825,0.0022976959922483987,0.031437741592526436,36.549072538103374,26.707667350769043,0.1376966,0.4788565,3.1232038,0.0783444344997406,-0.0002149641513824463,0
0.0069892285,0.0022987872,0.03186386,36.558777,26.814638,0.07441046,0.0069892285,0.002288105,0.031830236,36.561775,26.814323,0.07547930628061295,0.007297857365171825,0.0022976959922483987,0.031437741592526436,36.549072538103374,26.707667350769043,0.1376966,0.4788565,3.1232038,0.0783444344997406,-0.0002149641513824463,0
0.0069892285,0.0022987872,0.03186386,36.558777,26.814638,0.07441046,0.0069892285,0.002288105,0.031830236,36.561775,26.814323,0.07547930628061295,0.007297857365171825,0.0022976959922483987,0.031437741592526436,36.549072538103374,26.707667350769043,0.1376966,0.4788565,3.1232038,0.0783444344997406,-0.0002149641513824463,0
0.018378343,0.11771125,0.04392382,36.66643,27.537077,0.06124013,0.018379025,0.117720515,0.043925703,36.636433,27.714985,0.07547930628061295,0.007297857365171825,0.0022976959922483987,0.031437741592526436,36.549072538103374,26.707667350769043,2.6798956,6.404889,2.3899772,0.0783444344997406,-0.0002149641513824463,0
0.022459647,0.1690607,0.056083657,36.547894,27.20103,0.06929633,0.022459041,0.16905525,0.05608202,36.519436,27.460783,0.07547930628061295,0.007297857365171825,0.0022976959922483987,0.031437741592526436,36.549072538103374,26.707667350769043,3.014438,7.5273094,2.4970853,0.0783444344997406,-0.0002149641513824463,0
0.020515252,0.13821408,0.05273594,36.496014,27.038408,0.067661434,0.020515056,0.13821416,0.052735623,36.502296,27.343245,0.07547930628061295,0.007297857365171825,0.0022976959922483987,0.031437741592526436,36.549072538103374,26.707667350769043,2.6208708,6.737138,2.5705724,0.0783444344997406,-0.0002149641513824463,0
0.017509101,0.07049969,0.04655963,36.4852,26.981827,0.065251485,0.01750877,0.070499204,0.0465591,36.49383,27.213291,0.07547930628061295,0.007297857365171825,0.0022976959922483987,0.031437741592526436,36.549072538103374,26.707667350769043,1.5141805,4.0264597,2.6591675,0.0783444344997406,-0.0002149641513824463,0
0.017957048,0.033460878,0.05176849,36.495956,26.935684,0.07014505,0.017956736,0.0334617,0.051768012,36.50288,27.10173,0.07547930628061295,0.007297857365171825,0.0022976959922483987,0.031437741592526436,36.549072538103374,26.707667350769043,0.6463561,1.863384,2.8829064,0.0783444344997406,-0.0002149641513824463,0
0.020057091,0.021708159,0.064580604,36.501087,26.930101,0.07959698,0.020056963,0.021709263,0.06458062,36.506107,27.043037,0.07547930628061295,0.007297857365171825,0.0022976959922483987,0.031437741592526436,36.549072538103374,26.707667350769043,0.33614054,1.0823184,3.2198389,0.0783444344997406,-0.0002149641513824463,0
0.019105908,0.014791282,0.07113792,36.500443,26.86824,0.08349268,0.019105969,0.014792907,0.07113815,36.50839,27.013039,0.07547930628061295,0.007297857365171825,0.0022976959922483987,0.031437741592526436,36.549072538103374,26.707667350769043,0.20792401,0.7741732,3.7233467,0.0783444344997406,-0.0002149641513824463,0
0.0069892285,0.0022987872,0.03186386,36.558777,26.814638,0.07441046,0.0069892285,0.002288105,0.031830236,36.561775,26.814323,0.07547930628061295,0.007297857365171825,0.0022976959922483987,0.031437741592526436,36.549072538103374,26.707667350769043,0.1376966,0.4788565,3.1232038,0.0783444344997406,-0.0002149641513824463,0
0.0069892285,0.0022987872,0.03186386,36.558777,26.814638,0.07441046,0.0069892285,0.002288105,0.031830236,36.561775,26.814323,0.07547930628061295,0.007297857365171825,0.0022976959922483987,0.031437741592526436,36.549072538103374,26.707667350769043,0.1376966,0.4788565,3.1232038,0.0783444344997406,-0.0002149641513824463,0
0.0069892285,0.0022987872,0.03186386,36.558777,26.814638,0.07441046,0.0069892285,0.002288105,0.031830236,36.561775,26.814323,0.07547930628061295,0.007297857365171825,0.0022976959922483987,0.031437741592526436,36.549072538103374,26.707667350769043,0.1376966,0.4788565,3.1232038,0.0783444344997406,-0.0002149641513824463,0
0.0069892285,0.0022987872,0.03186386,36.558777,26.814638,0.07441046,0.0069892285,0.002288105,0.031830236,36.561775,26.814323,0.07547930628061295,0.007297857365171825,0.0022976959922483987,0.031437741592526436,36.549072538103374,26.707667350769043,0.1376966,0.4788565,3.1232038,0.0783444344997406,-0.0002149641513824463,0
0.0069892285,0.0022987872,0.03186386,36.558777,26.814638,0.07441046,0.0069892285,0.002288105,0.031830236,36.561775,26.814323,0.07547930628061295,0.007297857365171825,0.0022976959922483987,0.031437741592526436,36.549072538103374,26.707667350769043,0.1376966,0.4788565,3.1232038,0.0783444344997406,-0.0002149641513824463,0
0.0069892285,0.0022987872,0.03186386,36.558777,26.814638,0.07441046,0.0069892285,0.002288105,0.031830236,36.561775,26.814323,0.07547930628061295,0.007297857365171825,0.0022976959922483987,0.031437741592526436,36.549072538103374,26.707667350769043,0.1376966,0.4788565,3.1232038,0.0783444344997406,-0.0002149641513824463,0
0.03837656,0.30441412,0.09211191,36.635372,27.476074,0.092779756,0.038377017,0.3044224,0.09211337,36.551018,27.66284,0.07547930628061295,0.007297857365171825,0.0022976959922483987,0.031437741592526436,36.549072538103374,26.707667350769043,3.3048291,7.9322934,2.4002128,0.0783444344997406,-0.0002149641513824463,0
0.052789412,0.50282717,0.13312566,36.40252,27.209143,0.11737073,0.052789573,0.50283027,0.1331259,36.203068,27.40052,0.07547930628061295,0.007297857365171825,0.0022976959922483987,0.031437741592526436,36.549072538103374,26.707667350769043,3.7770867,9.525152,2.521825,0.0783444344997406,-0.0002149641513824463,0
0.05457075,0.49082413,0.1370402,36.474815,27.128141,0.12098673,0.054571543,0.4908442,0.13704312,36.286556,27.287806,0.07547930628061295,0.007297857365171825,0.0022976959922483987,0.031437741592526436,36.549072538103374,26.707667350769043,3.581607,8.994271,2.511239,0.0783444344997406,-0.0002149641513824463,0
0.0519913,0.315419,0.12068555,36.474884,27.08557,0.11791799,0.05199093,0.3154149,0.12068462,36.48012,27.254034,0.07547930628061295,0.007297857365171825,0.0022976959922483987,0.031437741592526436,36.549072538103374,26.707667350769043,2.6135607,6.066765,2.3212643,0.0783444344997406,-0.0002149641513824463,0
0.049218386,0.17624271,0.110672474,36.48162,27.054022,0.11618888,0.049217783,0.17623892,0.110671476,36.48639,27.197039,0.07547930628061295,0.007297857365171825,0.0022976959922483987,0.031437741592526436,36.549072538103374,26.707667350769043,1.592471,3.5808308,2.2486002,0.0783444344997406,-0.0002149641513824463,0
0.041627616,0.078751214,0.10018092,36.458397,26.962955,0.10969977,0.041627385,0.07875189,0.10018053,36.466484,27.16684,0.07547930628061295,0.007297857365171825,0.0022976959922483987,0.031437741592526436,36.549072538103374,26.707667350769043,0.78608996,1.8918022,2.4065976,0.0783444344997406,-0.0002149641513824463,0
0.0069892285,0.0022987872,0.03186386,36.558777,26.814638,0.07441046,0.0069892285,0.002288105,0.031830236,36.561775,26.814323,0.07547930628061295,0.007297857365171825,0.0022976959922483987,0.031437741592526436,36.549072538103374,26.707667350769043,0.1376966,0.4788565,3.1232038,0.0783444344997406,-0.0002149641513824463,0
0.0069892285,0.0022987872,0.03186386,36.558777,26.814638,0.07441046,0.0069892285,0.002288105,0.031830236,36.561775,26.814323,0.07547930628061295,0.007297857365171825,0.0022976959922483987,0.031437741592526436,36.549072538103374,26.707667350769043,0.1376966,0.4788565,3.1232038,0.0783444344997406,-0.0002149641513824463,0
0.0069892285,0.0022987872,0.03186386,36.558777,26.814638,0.07441046,0.0069892285,0.002288105,0.031830236,36.561775,26.814323,0.07547930628061295,0.007297857365171825,0.0022976959922483987,0.031437741592526436,36.549072538103374,26.707667350769043,0.1376966,0.4788565,3.1232038,0.0783444344997406,-0.0002149641513824463,0
0.0069892285,0.0022987872,0.03186386,36.558777,26.814638,0.07441046,0.0069892285,0.002288105,0.031830236,36.561775,26.814323,0.07547930628061295,0.007297857365171825,0.0022976959922483987,0.031437741592526436,36.549072538103374,26.707667350769043,0.1376966,0.4788565,3.1232038,0.0783444344997406,-0.0002149641513824463,0
0.0069892285,0.0022987872,0.03186386,36.558777,26.814638,0.07441046,0.0069892285,0.002288105,0.031830236,36.561775,26.814323,0.07547930628061295,0.007297857365171825,0.0022976959922483987,0.031437741592526436,36.549072538103374,26.707667350769043,0.1376966,0.4788565,3.1232038,0.0783444344997406,-0.0002149641513824463,0
0.0069892285,0.0022987872,0.03186386,36.558777,26.814638,0.07441046,0.0069892285,0.002288105,0.031830236,36.561775,26.814323,0.07547930628061295,0.007297857365171825,0.0022976959922483987,0.031437741592526436,36.549072538103374,26.707667350769043,0.1376966,0.4788565,3.1232038,0.0783444344997406,-0.0002149641513824463,0
0.0069892285,0.0022987872,0.03186386,36.558777,26.814638,0.07441046,0.0069892285,0.002288105,0.031830236,36.561775,26.814323,0.07547930628061295,0.007297857365171825,0.0022976959922483987,0.031437741592526436,36.549072538103374,26.707667350769043,0.1376966,0.4788565,3.1232038,0.0783444344997406,-0.0002149641513824463,0
0.0069892285,0.0022987872,0.03186386,36.558777,26.814638,0.07441046,0.0069892285,0.002288105,0.031830236,36.561775,26.814323,0.07547930628061295,0.007297857365171825,0.0022976959922483987,0.031437741592526436,36.549072538103374,26.707667350769043,0.1376966,0.4788565,3.1232038,0.0783444344997406,-0.0002149641513824463,0
0.090630084,1.0741905,0.24097274,35.988243,27.216368,0.17563258,0.09063071,1.0742127,0.24097624,35.282726,27.179098,0.07547930628061295,0.007297857365171825,0.0022976959922483987,0.031437741592526436,36.549072538103374,26.707667350769043,4.457726,11.852471,2.6588604,0.0783444344997406,-0.0002149641513824463,0
0.09124438,1.0877818,0.24465595,36.32073,27.147335,0.17496417,0.091244176,1.088907,0.24477066,34.88844,27.15332,0.07547930628061295,0.007297857365171825,0.0022976959922483987,0.031437741592526436,36.549072538103374,26.707667350769043,4.4461694,11.921631,2.6813264,0.0783444344997406,-0.0002149641513824463,0
0.09097507,0.71237224,0.2088223,36.183853,27.079117,0.1727616,0.09097515,0.71237624,0.20882301,35.90821,27.119158,0.07547930628061295,0.007297857365171825,0.0022976959922483987,0.031437741592526436,36.549072538103374,26.707667350769043,3.4113803,7.830412,2.2953794,0.0783444344997406,-0.0002149641513824463,0
0.09058169,0.47659954,0.18790059,36.162975,26.94249,0.17169428,0.0905816,0.47659633,0.18790022,36.162373,27.134499,0.07547930628061295,0.007297857365171825,0.0022976959922483987,0.031437741592526436,36.549072538103374,26.707667350769043,2.5364451,5.2615438,2.074377,0.0783444344997406,-0.0002149641513824463,0
0.0069892285,0.0022987872,0.03186386,36.558777,26.814638,0.07441046,0.0069892285,0.002288105,0.031830236,36.561775,26.814323,0.07547930628061295,0.007297857365171825,0.0022976959922483987,0.031437741592526436,36.549072538103374,26.707667350769043,0.1376966,0.4788565,3.1232038,0.0783444344997406,-0.0002149641513824463,0
0.0069892285,0.0022987872,0.03186386,36.558777,26.814638,0.07441046,0.0069892285,0.002288105,0.031830236,36.561775,26.814323,0.07547930628061295,0.007297857365171825,0.0022976959922483987,0.031437741592526436,36.549072538103374,26.707667350769043,0.1376966,0.4788565,3.1232038,0.0783444344997406,-0.0002149641513824463,0
0.0069892285,0.0022987872,0.03186386,36.558777,26.814638,0.07441046,0.0069892285,0.002288105,0.031830236,36.561775,26.814323,0.07547930628061295,0.007297857365171825,0.0022976959922483987,0.031437741592526436,36.549072538103374,26.707667350769043,0.1376966,0.4788565,3.1232038,0.0783444344997406,-0.0002149641513824463,0
0.0069892285,0.0022987872,0.03186386,36.558777,26.814638,0.07441046,0.0069892285,0.002288105,0.031830236,36.561775,26.814323,0.07547930628061295,0.007297857365171825,0.0022976959922483987,0.031437741592526436,36.549072538103374,26.707667350769043,0.1376966,0.4788565,3.1232038,0.0783444344997406,-0.0002149641513824463,0
0.0069892285,0.0022987872,0.03186386,36.558777,26.814638,0.07441046,0.0069892285,0.002288105,0.031830236,36.561775,26.814323,0.07547930628061295,0.007297857365171825,0.0022976959922483987,0.031437741592526436,36.549072538103374,26.707667350769043,0.1376966,0.4788565,3.1232038,0.0783444344997406,-0.0002149641513824463,0
0.0069892285,0.0022987872,0.03186386,36.558777,26.814638,0.07441046,0.0069892285,0.002288105,0.031830236,36.561775,26.814323,0.07547930628061295,0.007297857365171825,0.0022976959922483987,0.031437741592526436,36.549072538103374,26.707667350769043,0.1376966,0.4788565,3.1232038,0.0783444344997406,-0.0002149641513824463,0
0.0069892285,0.0022987872,0.03186386,36.558777,26.814638,0.07441046,0.0069892285,0.002288105,0.031830236,36.561775,26.814323,0.07547930628061295,0.007297857365171825,0.0022976959922483987,0.031437741592526436,36.549072538103374,26.707667350769043,0.1376966,0.4788565,3.1232038,0.0783444344997406,-0.0002149641513824463,0
0.0069892285,0.0022987872,0.03186386,36.558777,26.814638,0.07441046,0.0069892285,0.002288105,0.031830236,36.561775,26.814323,0.07547930628061295,0.007297857365171825,0.0022976959922483987,0.031437741592526436,36.549072538103374,26.707667350769043,0.1376966,0.4788565,3.1232038,0.0783444344997406,-0.0002149641513824463,0
0.0069892285,0.0022987872,0.03186386,36.558777,26.814638,0.07441046,0.0069892285,0.002288105,0.031830236,36.561775,26.814323,0.07547930628061295,0.007297857365171825,0.0022976959922483987,0.031437741592526436,36.549072538103374,26.707667350769043,0.1376966,0.4788565,3.1232038,0.0783444344997406,-0.0002149641513824463,0
0.0069892285,0.0022987872,0.03186386,36.558777,26.814638,0.07441046,0.0069892285,0.002288105,0.031830236,36.561775,26.814323,0.07547930628061295,0.007297857365171825,0.0022976959922483987,0.031437741592526436,36.549072538103374,26.707667350769043,0.1376966,0.4788565,3.1232038,0.0783444344997406,-0.0002149641513824463,0
0.0069892285,0.0022987872,0.03186386,36.558777,26.814638,0.07441046,0.0069892285,0.002288105,0.031830236,36.561775,26.814323,0.07547930628061295,0.007297857365171825,0.0022976959922483987,0.031437741592526436,36.549072538103374,26.707667350769043,0.1376966,0.4788565,3.1232038,0.0783444344997406,-0.0002149641513824463,0
0.0069892285,0.0022987872,0.03186386,36.558777,26.814638,0.07441046,0.0069892285,0.002288105,0.031830236,36.561775,26.814323,0.07547930628061295,0.007297857365171825,0.0022976959922483987,0.031437741592526436,36.549072538103374,26.707667350769043,0.1376966,0.4788565,3.1232038,0.0783444344997406,-0.0002149641513824463,0
0.0069892285,0.0022987872,0.03186386,36.558777,26.814638,0.07441046,0.0069892285,0.002288105,0.031830236,36.561775,26.814323,0.07547930628061295,0.007297857365171825,0.0022976959922483987,0.031437741592526436,36.549072538103374,26.707667350769043,0.1376966,0.4788565,3.1232038,0.0783444344997406,-0.0002149641513824463,0
0.0069892285,0.0022987872,0.03186386,36.558777,26.814638,0.07441046,0.0069892285,0.002288105,0.031830236,36.561775,26.814323,0.07547930628061295,0.007297857365171825,0.0022976959922483987,0.031437741592526436,36.549072538103374,26.707667350769043,0.1376966,0.4788565,3.1232038,0.0783444344997406,-0.0002149641513824463,0
0.0069892285,0.0022987872,0.03186386,36.558777,26.814638,0.07441046,0.0069892285,0.002288105,0.031830236,36.561775,26.814323,0.07547930628061295,0.007297857365171825,0.0022976959922483987,0.031437741592526436,36.549072538103374,26.707667350769043,0.1376966,0.4788565,3.1232038,0.0783444344997406,-0.0002149641513824463,0
0.0069892285,0.0022987872,0.03186386,36.558777,26.814638,0.07441046,0.0069892285,0.002288105,0.031830236,36.561775,26.814323,0.07547930628061295,0.007297857365171825,0.0022976959922483987,0.031437741592526436,36.549072538103374,26.707667350769043,0.1376966,0.4788565,3.1232038,0.0783444344997406,-0.0002149641513824463,0
0.0069892285,0.0022987872,0.03186386,36.558777,26.814638,0.07441046,0.0069892285,0.002288105,0.031830236,36.561775,26.814323,0.07547930628061295,0.007297857365171825,0.0022976959922483987,0.031437741592526436,36.549072538103374,26.707667350769043,0.1376966,0.4788565,3.1232038,0.0783444344997406,-0.0002149641513824463,0
0.0069892285,0.0022987872,0.03186386,36.558777,26.814638,0.07441046,0.0069892285,0.002288105,0.031830236,36.561775,26.814323,0.07547930628061295,0.007297857365171825,0.0022976959922483987,0.031437741592526436,36.549072538103374,26.707667350769043,0.1376966,0.4788565,3.1232038,0.0783444344997406,-0.0002149641513824463,0
0.0069892285,0.0022987872,0.03186386,36.558777,26.814638,0.07441046,0.0069892285,0.002288105,0.031830236,36.561775,26.814323,0.07547930628061295,0.007297857365171825,0.0022976959922483987,0.031437741592526436,36.549072538103374,26.707667350769043,0.1376966,0.4788565,3.1232038,0.0783444344997406,-0.0002149641513824463,0
0.0069892285,0.0022987872,0.03186386,36.558777,26.814638,0.07441046,0.0069892285,0.002288105,0.031830236,36.561775,26.814323,0.07547930628061295,0.007297857365171825,0.0022976959922483987,0.031437741592526436,36.549072538103374,26.707667350769043,0.1376966,0.4788565,3.1232038,0.0783444344997406,-0.0002149641513824463,0
0.0069892285,0.0022987872,0.03186386,36.558777,26.814638,0.07441046,0.0069892285,0.002288105,0.031830236,36.561775,26.814323,0.07547930628061295,0.007297857365171825,0.0022976959922483987,0.031437741592526436,36.549072538103374,26.707667350769043,0.1376966,0.4788565,3.1232038,0.0783444344997406,-0.0002149641513824463,0
0.0069892285,0.0022987872,0.03186386,36.558777,26.814638,0.07441046,0.0069892285,0.002288105,0.031830236,36.561775,26.814323,0.07547930628061295,0.007297857365171825,0.0022976959922483987,0.031437741592526436,36.549072538103374,26.707667350769043,0.1376966,0.4788565,3.1232038,0.0783444344997406,-0.0002149641513824463,0
0.0069892285,0.0022987872,0.03186386,36.558777,26.814638,0.07441046,0.0069892285,0.002288105,0.031830236,36.561775,26.814323,0.07547930628061295,0.007297857365171825,0.0022976959922483987,0.031437741592526436,36.549072538103374,26.707667350769043,0.1376966,0.4788565,3.1232038,0.0783444344997406,-0.0002149641513824463,0
0.0069892285,0.0022987872,0.03186386,36.558777,26.814638,0.07441046,0.0069892285,0.002288105,0.031830236,36.561775,26.814323,0.07547930628061295,0.007297857365171825,0.0022976959922483987,0.031437741592526436,36.549072538103374,26.707667350769043,0.1376966,0.4788565,3.1232038,0.0783444344997406,-0.0002149641513824463,0
0.0069892285,0.0022987872,0.03186386,36.558777,26.814638,0.07441046,0.0069892285,0.002288105,0.031830236,36.561775,26.814323,0.07547930628061295,0.007297857365171825,0.0022976959922483987,0.031437741592526436,36.549072538103374,26.707667350769043,0.1376966,0.4788565,3.1232038,0.0783444344997406,-0.0002149641513824463,0
0.0069892285,0.0022987872,0.03186386,36.558777,26.814638,0.07441046,0.0069892285,0.002288105,0.031830236,36.561775,26.814323,0.07547930628061295,0.007297857365171825,0.0022976959922483987,0.031437741592526436,36.549072538103374,26.707667350769043,0.1376966,0.4788565,3.1232038,0.0783444344997406,-0.0002149641513824463,0
0.0069892285,0.0022987872,0.03186386,36.558777,26.814638,0.07441046,0.0069892285,0.002288105,0.031830236,36.561775,26.814323,0.07547930628061295,0.007297857365171825,0.0022976959922483987,0.031437741592526436,36.549072538103374,26.707667350769043,0.1376966,0.4788565,3.1232038,0.0783444344997406,-0.0002149641513824463,0
0.0069892285,0.0022987872,0.03186386,36.558777,26.814638,0.07441046,0.0069892285,0.002288105,0.031830236,36.561775,26.814323,0.07547930628061295,0.007297857365171825,0.0022976959922483987,0.031437741592526436,36.549072538103374,26.707667350769043,0.1376966,0.4788565,3.1232038,0.0783444344997406,-0.0002149641513824463,0
0.0069892285,0.0022987872,0.03186386,36.558777,26.814638,0.07441046,0.0069892285,0.002288105,0.031830236,36.561775,26.814323,0.07547930628061295,0.007297857365171825,0.0022976959922483987,0.031437741592526436,36.549072538103374,26.707667350769043,0.1376966,0.4788565,3.1232038,0.0783444344997406,-0.0002149641513824463,0
0.0069892285,0.0022987872,0.03186386,36.558777,26.814638,0.07441046,0.0069892285,0.002288105,0.031830236,36.561775,26.814323,0.07547930628061295,0.007297857365171825,0.0022976959922483987,0.031437741592526436,36.549072538103374,26.707667350769043,0.1376966,0.4788565,3.1232038,0.0783444344997406,-0.0002149641513824463,0
0.0069892285,0.0022987872,0.03186386,36.558777,26.814638,0.07441046,0.0069892285,0.002288105,0.031830236,36.561775,26.814323,0.07547930628061295,0.007297857365171825,0.0022976959922483987,0.031437741592526436,36.549072538103374,26.707667350769043,0.1376966,0.4788565,3.1232038,0.0783444344997406,-0.0002149641513824463,0
0.0069892285,0.0022987872,0.03186386,36.558777,26.814638,0.07441046,0.0069892285,0.002288105,0.031830236,36.561775,26.814323,0.07547930628061295,0.007297857365171825,0.0022976959922483987,0.031437741592526436,36.549072538103374,26.707667350769043,0.1376966,0.4788565,3.1232038,0.0783444344997406,-0.0002149641513824463,0
0.0069892285,0.0022987872,0.03186386,36.558777,26.814638,0.07441046,0.0069892285,0.002288105,0.031830236,36.561775,26.814323,0.07547930628061295,0.007297857365171825,0.0022976959922483987,0.031437741592526436,36.549072538103374,26.707667350769043,0.1376966,0.4788565,3.1232038,0.0783444344997406,-0.0002149641513824463,0
0.0069892285,0.0022987872,0.03186386,36.558777,26.814638,0.07441046,0.0069892285,0.002288105,0.031830236,36.561775,26.814323,0.07547930628061295,0.007297857365171825,0.0022976959922483987,0.031437741592526436,36.549072538103374,26.707667350769043,0.1376966,0.4788565,3.1232038,0.0783444344997406,-0.0002149641513824463,0
0.0069892285,0.0022987872,0.03186386,36.558777,26.814638,0.07441046,0.0069892285,0.002288105,0.031830236,36.561775,26.814323,0.07547930628061295,0.007297857365171825,0.0022976959922483987,0.031437741592526436,36.549072538103374,26.707667350769043,0.1376966,0.4788565,3.1232038,0.0783444344997406,-0.0002149641513824463,0
0.0069892285,0.0022987872,0.03186386,36.558777,26.814638,0.07441046,0.0069892285,0.002288105,0.031830236,36.561775,26.814323,0.07547930628061295,0.007297857365171825,0.0022976959922483987,0.031437741592526436,36.549072538103374,26.707667350769043,0.1376966,0.4788565,3.1232038,0.0783444344997406,-0.0002149641513824463,0
0.0069892285,0.0022987872,0.03186386,36.558777,26.814638,0.07441046,0.0069892285,0.002288105,0.031830236,36.561775,26.814323,0.07547930628061295,0.007297857365171825,0.0022976959922483987,0.031437741592526436,36.549072538103374,26.707667350769043,0.1376966,0.4788565,3.1232038,0.0783444344997406,-0.0002149641513824463,0
0.0069892285,0.0022987872,0.03186386,36.558777,26.814638,0.07441046,0.0069892285,0.002288105,0.031830236,36.561775,26.814323,0.07547930628061295,0.007297857365171825,0.0022976959922483987,0.031437741592526436,36.549072538103374,26.707667350769043,0.1376966,0.4788565,3.1232038,0.0783444344997406,-0.0002149641513824463,0
0.0069892285,0.0022987872,0.03186386,36.558777,26.814638,0.07441046,0.0069892285,0.002288105,0.031830236,36.561775,26.814323,0.07547930628061295,0.007297857365171825,0.0022976959922483987,0.031437741592526436,36.549072538103374,26.707667350769043,0.1376966,0.4788565,3.1232038,0.0783444344997406,-0.0002149641513824463,0
0.0069892285,0.0022987872,0.03186386,36.558777,26.814638,0.07441046,0.0069892285,0.002288105,0.031830236,36.561775,26.814323,0.07547930628061295,0.007297857365171825,0.0022976959922483987,0.031437741592526436,36.549072538103374,26.707667350769043,0.1376966,0.4788565,3.1232038,0.0783444344997406,-0.0002149641513824463,0
0.0069892285,0.0022987872,0.03186386,36.558777,26.814638,0.07441046,0.0069892285,0.002288105,0.031830236,36.561775,26.814323,0.07547930628061295,0.007297857365171825,0.0022976959922483987,0.031437741592526436,36.549072538103374,26.707667350769043,0.1376966,0.4788565,3.1232038,0.0783444344997406,-0.0002149641513824463,0
0.0069892285,0.0022987872,0.03186386,36.558777,26.814638,0.07441046,0.0069892285,0.002288105,0.031830236,36.561775,26.814323,0.07547930628061295,0.007297857365171825,0.0022976959922483987,0.031437741592526436,36.549072538103374,26.707667350769043,0.1376966,0.4788565,3.1232038,0.0783444344997406,-0.0002149641513824463,0
0.0069892285,0.0022987872,0.03186386,36.558777,26.814638,0.07441046,0.0069892285,0.002288105,0.031830236,36.561775,26.814323,0.07547930628061295,0.007297857365171825,0.0022976959922483987,0.031437741592526436,36.549072538103374,26.707667350769043,0.1376966,0.4788565,3.1232038,0.0783444344997406,-0.0002149641513824463,0
0.0069892285,0.0022987872,0.03186386,36.558777,26.814638,0.07441046,0.0069892285,0.002288105,0.031830236,36.561775,26.814323,0.07547930628061295,0.007297857365171825,0.0022976959922483987,0.031437741592526436,36.549072538103374,26.707667350769043,0.1376966,0.4788565,3.1232038,0.0783444344997406,-0.0002149641513824463,0
0.0069892285,0.0022987872,0.03186386,36.558777,26.814638,0.07441046,0.0069892285,0.002288105,0.031830236,36.561775,26.814323,0.07547930628061295,0.007297857365171825,0.0022976959922483987,0.031437741592526436,36.549072538103374,26.707667350769043,0.1376966,0.4788565,3.1232038,0.0783444344997406,-0.0002149641513824463,0
0.0069892285,0.0022987872,0.03186386,36.558777,26.814638,0.07441046,0.0069892285,0.002288105,0.031830236,36.561775,26.814323,0.07547930628061295,0.007297857365171825,0.0022976959922483987,0.031437741592526436,36.549072538103374,26.707667350769043,0.1376966,0.4788565,3.1232038,0.0783444344997406,-0.0002149641513824463,0
0.0069892285,0.0022987872,0.03186386,36.558777,26.814638,0.07441046,0.0069892285,0.002288105,0.031830236,36.561775,26.814323,0.07547930628061295,0.007297857365171825,0.0022976959922483987,0.031437741592526436,36.549072538103374,26.707667350769043,0.1376966,0.4788565,3.1232038,0.0783444344997406,-0.0002149641513824463,0
0.0069892285,0.0022987872,0.03186386,36.558777,26.814638,0.07441046,0.0069892285,0.002288105,0.031830236,36.561775,26.814323,0.07547930628061295,0.007297857365171825,0.0022976959922483987,0.031437741592526436,36.549072538103374,26.707667350769043,0.1376966,0.4788565,3.1232038,0.0783444344997406,-0.0002149641513824463,0
0.0069892285,0.0022987872,0.03186386,36.558777,26.814638,0.07441046,0.0069892285,0.002288105,0.031830236,36.561775,26.814323,0.07547930628061295,0.007297857365171825,0.0022976959922483987,0.031437741592526436,36.549072538103374,26.707667350769043,0.1376966,0.4788565,3.1232038,0.0783444344997406,-0.0002149641513824463,0
0.0069892285,0.0022987872,0.03186386,36.558777,26.814638,0.07441046,0.0069892285,0.002288105,0.031830236,36.561775,26.814323,0.07547930628061295,0.007297857365171825,0.0022976959922483987,0.031437741592526436,36.549072538103374,26.707667350769043,0.1376966,0.4788565,3.1232038,0.0783444344997406,-0.0002149641513824463,0
0.0069892285,0.0022987872,0.03186386,36.558777,26.814638,0.07441046,0.0069892285,0.002288105,0.031830236,36.561775,26.814323,0.07547930628061295,0.007297857365171825,0.0022976959922483987,0.031437741592526436,36.549072538103374,26.707667350769043,0.1376966,0.4788565,3.1232038,0.0783444344997406,-0.0002149641513824463,0
0.0069892285,0.0022987872,0.03186386,36.558777,26.814638,0.07441046,0.0069892285,0.002288105,0.031830236,36.561775,26.814323,0.07547930628061295,0.007297857365171825,0.0022976959922483987,0.031437741592526436,36.549072538103374,26.707667350769043,0.1376966,0.4788565,3.1232038,0.0783444344997406,-0.0002149641513824463,0
0.0069892285,0.0022987872,0.03186386,36.558777,26.814638,0.07441046,0.0069892285,0.002288105,0.031830236,36.561775,26.814323,0.07547930628061295,0.007297857365171825,0.0022976959922483987,0.031437741592526436,36.549072538103374,26.707667350769043,0.1376966,0.4788565,3.1232038,0.0783444344997406,-0.0002149641513824463,0
0.0069892285,0.0022987872,0.03186386,36.558777,26.814638,0.07441046,0.0069892285,0.002288105,0.031830236,36.561775,26.814323,0.07547930628061295,0.007297857365171825,0.0022976959922483987,0.031437741592526436,36.549072538103374,26.707667350769043,0.1376966,0.4788565,3.1232038,0.0783444344997406,-0.0002149641513824463,0
0.0069892285,0.0022987872,0.03186386,36.558777,26.814638,0.07441046,0.0069892285,0.002288105,0.031830236,36.561775,26.814323,0.07547930628061295,0.007297857365171825,0.0022976959922483987,0.031437741592526436,36.549072538103374,26.707667350769043,0.1376966,0.4788565,3.1232038,0.0783444344997406,-0.0002149641513824463,0
0.0069892285,0.0022987872,0.03186386,36.558777,26.814638,0.07441046,0.0069892285,0.002288105,0.031830236,36.561775,26.814323,0.07547930628061295,0.007297857365171825,0.0022976959922483987,0.031437741592526436,36.549072538103374,26.707667350769043,0.1376966,0.4788565,3.1232038,0.0783444344997406,-0.0002149641513824463,0
0.0069892285,0.0022987872,0.03186386,36.558777,26.814638,0.07441046,0.0069892285,0.002288105,0.031830236,36.561775,26.814323,0.07547930628061295,0.007297857365171825,0.0022976959922483987,0.031437741592526436,36.549072538103374,26.707667350769043,0.1376966,0.4788565,3.1232038,0.0783444344997406,-0.0002149641513824463,0
0.0069892285,0.0022987872,0.03186386,36.558777,26.814638,0.07441046,0.0069892285,0.002288105,0.031830236,36.561775,26.814323,0.07547930628061295,0.007297857365171825,0.0022976959922483987,0.031437741592526436,36.549072538103374,26.707667350769043,0.1376966,0.4788565,3.1232038,0.0783444344997406,-0.0002149641513824463,0
0.0069892285,0.0022987872,0.03186386,36.558777,26.814638,0.07441046,0.0069892285,0.002288105,0.031830236,36.561775,26.814323,0.07547930628061295,0.007297857365171825,0.0022976959922483987,0.031437741592526436,36.549072538103374,26.707667350769043,0.1376966,0.4788565,3.1232038,0.0783444344997406,-0.0002149641513824463,0
0.0069892285,0.0022987872,0.03186386,36.558777,26.814638,0.07441046,0.0069892285,0.002288105,0.031830236,36.561775,26.814323,0.07547930628061295,0.007297857365171825,0.0022976959922483987,0.031437741592526436,36.549072538103374,26.707667350769043,0.1376966,0.4788565,3.1232038,0.0783444344997406,-0.0002149641513824463,0
0.0069892285,0.0022987872,0.03186386,36.558777,26.814638,0.07441046,0.0069892285,0.002288105,0.031830236,36.561775,26.814323,0.07547930628061295,0.007297857365171825,0.0022976959922483987,0.031437741592526436,36.549072538103374,26.707667350769043,0.1376966,0.4788565,3.1232038,0.0783444344997406,-0.0002149641513824463,0
0.0069892285,0.0022987872,0.03186386,36.558777,26.814638,0.07441046,0.0069892285,0.002288105,0.031830236,36.561775,26.814323,0.07547930628061295,0.007297857365171825,0.0022976959922483987,0.031437741592526436,36.549072538103374,26.707667350769043,0.1376966,0.4788565,3.1232038,0.0783444344997406,-0.0002149641513824463,0
0.0069892285,0.0022987872,0.03186386,36.558777,26.814638,0.07441046,0.0069892285,0.002288105,0.031830236,36.561775,26.814323,0.07547930628061295,0.007297857365171825,0.0022976959922483987,0.031437741592526436,36.549072538103374,26.707667350769043,0.1376966,0.4788565,3.1232038,0.0783444344997406,-0.0002149641513824463,0
0.0069892285,0.0022987872,0.03186386,36.558777,26.814638,0.07441046,0.0069892285,0.002288105,0.031830236,36.561775,26.814323,0.07547930628061295,0.007297857365171825,0.0022976959922483987,0.031437741592526436,36.549072538103374,26.707667350769043,0.1376966,0.4788565,3.1232038,0.0783444344997406,-0.0002149641513824463,0
0.0069892285,0.0022987872,0.03186386,36.558777,26.814638,0.07441046,0.0069892285,0.002288105,0.031830236,36.561775,26.814323,0.07547930628061295,0.007297857365171825,0.0022976959922483987,0.031437741592526436,36.549072538103374,26.707667350769043,0.1376966,0.4788565,3.1232038,0.0783444344997406,-0.0002149641513824463,0
0.0069892285,0.0022987872,0.03186386,36.558777,26.814638,0.07441046,0.0069892285,0.002288105,0.031830236,36.561775,26.814323,0.07547930628061295,0.007297857365171825,0.0022976959922483987,0.031437741592526436,36.549072538103374,26.707667350769043,0.1376966,0.4788565,3.1232038,0.0783444344997406,-0.0002149641513824463,0
0.0069892285,0.0022987872,0.03186386,36.558777,26.814638,0.07441046,0.0069892285,0.002288105,0.031830236,36.561775,26.814323,0.07547930628061295,0.007297857365171825,0.0022976959922483987,0.031437741592526436,36.549072538103374,26.707667350769043,0.1376966,0.4788565,3.1232038,0.0783444344997406,-0.0002149641513824463,0
0.0069892285,0.0022987872,0.03186386,36.558777,26.814638,0.07441046,0.0069892285,0.002288105,0.031830236,36.561775,26.814323,0.07547930628061295,0.007297857365171825,0.0022976959922483987,0.031437741592526436,36.549072538103374,26.707667350769043,0.1376966,0.4788565,3.1232038,0.0783444344997406,-0.0002149641513824463,0
0.0069892285,0.0022987872,0.03186386,36.558777,26.814638,0.07441046,0.0069892285,0.002288105,0.031830236,36.561775,26.814323,0.07547930628061295,0.007297857365171825,0.0022976959922483987,0.031437741592526436,36.549072538103374,26.707667350769043,0.1376966,0.4788565,3.1232038,0.0783444344997406,-0.0002149641513824463,0
0.0069892285,0.0022987872,0.03186386,36.558777,26.814638,0.07441046,0.0069892285,0.002288105,0.031830236,36.561775,26.814323,0.07547930628061295,0.007297857365171825,0.0022976959922483987,0.031437741592526436,36.549072538103374,26.707667350769043,0.1376966,0.4788565,3.1232038,0.0783444344997406,-0.0002149641513824463,0
