nh4,no3,po4,so,thetao,chl_t-1,nh4_t-1,no3_t-1,po4_t-1,so_t-1,thetao_t-1,chl_7day_avg,nh4_7day_avg,no3_7day_avg,po4_7day_avg,so_7day_avg,thetao_7day_avg,n_p_ratio,n_nh4_ratio,p_nh4_ratio,chl_monthly_median,chl_anomaly,bloom_proxy_label
0.006824635,0.0026034196,0.019682031,36.05581,28.278603,0.079556435,0.006683475,0.0025894174,0.019653384,36.054512,28.282074,0.08176808139043196,0.006575462641194463,0.002672182515002548,0.01953325094655156,36.047846112932476,28.277023724147252,0.18192855,0.54143393,2.7755547,0.07710982672870159,-1.0058283805847168e-07,0
0.006824635,0.0026034196,0.019682031,36.05581,28.278603,0.079556435,0.006683475,0.0025894174,0.019653384,36.054512,28.282074,0.08176808139043196,0.006575462641194463,0.002672182515002548,0.01953325094655156,36.047846112932476,28.277023724147252,0.18192855,0.54143393,2.7755547,0.07710982672870159,-1.0058283805847168e-07,0
0.006824635,0.0026034196,0.019682031,36.05581,28.278603,0.079556435,0.006683475,0.0025894174,0.019653384,36.054512,28.282074,0.08176808139043196,0.006575462641194463,0.002672182515002548,0.01953325094655156,36.047846112932476,28.277023724147252,0.18192855,0.54143393,2.7755547,0.07710982672870159,-1.0058283805847168e-07,0
0.008538904,0.004478868,0.019600628,36.360558,28.357227,0.063274555,0.008135637,0.004922395,0.019326659,36.333923,28.194147,0.08176808139043196,0.006575462641194463,0.002672182515002548,0.01953325094655156,36.047846112932476,28.277023724147252,0.22850636,0.524525,2.2954502,0.07710982672870159,-1.0058283805847168e-07,0
0.0095505435,0.0059997872,0.020776587,36.409866,28.14252,0.06578702,0.010120562,0.008182456,0.021894343,36.385365,28.075817,0.08176808139043196,0.006575462641194463,0.002672182515002548,0.01953325094655156,36.047846112932476,28.277023724147252,0.28877637,0.62821424,2.175435,0.07710982672870159,-1.0058283805847168e-07,0
0.01067953,0.008135078,0.0218692,36.408398,28.11247,0.06850686,0.012540072,0.01289716,0.02462321,36.405045,28.009933,0.08176808139043196,0.006575462641194463,0.002672182515002548,0.01953325094655156,36.047846112932476,28.277023724147252,0.3719879,0.7617449,2.0477679,0.07710982672870159,-1.0058283805847168e-07,0
0.01086874,0.009525659,0.02169822,36.39731,28.150955,0.069301315,0.013377569,0.015995242,0.025206577,36.402706,28.002768,0.08176808139043196,0.006575462641194463,0.002672182515002548,0.01953325094655156,36.047846112932476,28.277023724147252,0.43900645,0.8764271,1.9963877,0.07710982672870159,-1.0058283805847168e-07,0
0.010055041,0.009633784,0.020491637,36.388412,28.193018,0.06805073,0.0120342085,0.015482563,0.023455061,36.39118,28.02356,0.08176808139043196,0.006575462641194463,0.002672182515002548,0.01953325094655156,36.047846112932476,28.277023724147252,0.47013247,0.9581049,2.0379467,0.07710982672870159,-1.0058283805847168e-07,0
0.008870968,0.0086221695,0.019140914,36.377422,28.235888,0.06618042,0.009734993,0.012146325,0.020830994,36.37248,28.059322,0.08176808139043196,0.006575462641194463,0.002672182515002548,0.01953325094655156,36.047846112932476,28.277023724147252,0.45045757,0.9719537,2.1577032,0.07710982672870159,-1.0058283805847168e-07,0
0.007797728,0.0067836405,0.018167837,36.35547,28.269373,0.06485895,0.007705863,0.007984575,0.018606951,36.337032,28.088942,0.08176808139043196,0.006575462641194463,0.002672182515002548,0.01953325094655156,36.047846112932476,28.277023724147252,0.37338737,0.8699509,2.3298886,0.07710982672870159,-1.0058283805847168e-07,0
0.0069826283,0.004720471,0.017536609,36.333317,28.291346,0.06416959,0.0063605853,0.0046056686,0.017112285,36.30568,28.113344,0.08176808139043196,0.006575462641194463,0.002672182515002548,0.01953325094655156,36.047846112932476,28.277023724147252,0.2691781,0.6760307,2.5114625,0.07710982672870159,-1.0058283805847168e-07,0
0.0063632224,0.0031985033,0.01700083,36.32163,28.309656,0.06377944,0.0055619814,0.0026570978,0.01614703,36.295,28.143188,0.08176808139043196,0.006575462641194463,0.002672182515002548,0.01953325094655156,36.047846112932476,28.277023724147252,0.18813807,0.5026547,2.6717327,0.07710982672870159,-1.0058283805847168e-07,0
0.0058195195,0.0025273303,0.01639629,36.312073,28.335148,0.063619934,0.0050757146,0.0019288957,0.015582779,36.28638,28.174517,0.08176808139043196,0.006575462641194463,0.002672182515002548,0.01953325094655156,36.047846112932476,28.277023724147252,0.15414038,0.43428504,2.8174646,0.07710982672870159,-1.0058283805847168e-07,0
0.006824635,0.0026034196,0.019682031,36.05581,28.278603,0.079556435,0.006683475,0.0025894174,0.019653384,36.054512,28.282074,0.08176808139043196,0.006575462641194463,0.002672182515002548,0.01953325094655156,36.047846112932476,28.277023724147252,0.18192855,0.54143393,2.7755547,0.07710982672870159,-1.0058283805847168e-07,0
0.006824635,0.0026034196,0.019682031,36.05581,28.278603,0.079556435,0.006683475,0.0025894174,0.019653384,36.054512,28.282074,0.08176808139043196,0.006575462641194463,0.002672182515002548,0.01953325094655156,36.047846112932476,28.277023724147252,0.18192855,0.54143393,2.7755547,0.07710982672870159,-1.0058283805847168e-07,0
0.006824635,0.0026034196,0.019682031,36.05581,28.278603,0.079556435,0.006683475,0.0025894174,0.019653384,36.054512,28.282074,0.08176808139043196,0.006575462641194463,0.002672182515002548,0.01953325094655156,36.047846112932476,28.277023724147252,0.18192855,0.54143393,2.7755547,0.07710982672870159,-1.0058283805847168e-07,0
0.0072123413,0.0017067268,0.017242773,36.330128,28.484455,0.06155737,0.006514305,0.001868083,0.016809093,36.316555,28.34915,0.08176808139043196,0.006575462641194463,0.002672182515002548,0.01953325094655156,36.047846112932476,28.277023724147252,0.098982155,0.23663978,2.3907316,0.07710982672870159,-1.0058283805847168e-07,0
0.007730144,0.0021900015,0.01802017,36.39617,28.150349,0.06332847,0.007741671,0.003193506,0.018679572,36.361168,28.146368,0.08176808139043196,0.006575462641194463,0.002672182515002548,0.01953325094655156,36.047846112932476,28.277023724147252,0.12153057,0.2833067,2.3311558,0.07710982672870159,-1.0058283805847168e-07,0
0.008383439,0.0032724577,0.018934911,36.415474,28.057966,0.06557975,0.009340046,0.0055798995,0.020978523,36.398125,28.044386,0.08176808139043196,0.006575462641194463,0.002672182515002548,0.01953325094655156,36.047846112932476,28.277023724147252,0.17282668,0.3903479,2.258609,0.07710982672870159,-1.0058283805847168e-07,0
0.008582024,0.0041806987,0.019197533,36.395462,28.08383,0.06688008,0.010074171,0.0074967705,0.021994147,36.39772,28.032257,0.08176808139043196,0.006575462641194463,0.002672182515002548,0.01953325094655156,36.047846112932476,28.277023724147252,0.2177727,0.487146,2.236947,0.07710982672870159,-1.0058283805847168e-07,0
0.008231829,0.0043316833,0.018870413,36.372158,28.124535,0.06690835,0.009456461,0.007519104,0.021294475,36.36529,28.050854,0.08176808139043196,0.006575462641194463,0.002672182515002548,0.01953325094655156,36.047846112932476,28.277023724147252,0.22954893,0.5262115,2.292372,0.07710982672870159,-1.0058283805847168e-07,0
0.007720025,0.003752111,0.018548688,36.348843,28.161255,0.06645728,0.008177989,0.0057908027,0.019817973,36.32845,28.0817,0.08176808139043196,0.006575462641194463,0.002672182515002548,0.01953325094655156,36.047846112932476,28.277023724147252,0.20228444,0.4860232,2.402672,0.07710982672870159,-1.0058283805847168e-07,0
0.0073450683,0.0026665346,0.018525386,36.3388,28.191013,0.0661572,0.00708103,0.0036080945,0.018545961,36.307854,28.100363,0.08176808139043196,0.006575462641194463,0.002672182515002548,0.01953325094655156,36.047846112932476,28.277023724147252,0.1439395,0.3630374,2.5221531,0.07710982672870159,-1.0058283805847168e-07,0
0.0070845117,0.0019828791,0.01851494,36.336555,28.227133,0.065768704,0.006365515,0.0021865282,0.017561935,36.30671,28.118156,0.08176808139043196,0.006575462641194463,0.002672182515002548,0.01953325094655156,36.047846112932476,28.277023724147252,0.107096165,0.27988932,2.613439,0.07710982672870159,-1.0058283805847168e-07,0
0.0067324736,0.0018314437,0.018126054,36.329727,28.252567,0.06499562,0.005824517,0.0017785785,0.01663011,36.30218,28.14368,0.08176808139043196,0.006575462641194463,0.002672182515002548,0.01953325094655156,36.047846112932476,28.277023724147252,0.1010393,0.27203134,2.692332,0.07710982672870159,-1.0058283805847168e-07,0
0.006129045,0.0020868573,0.017199066,36.315918,28.304693,0.06412703,0.005268407,0.0019458584,0.01578029,36.290485,28.219769,0.08176808139043196,0.006575462641194463,0.002672182515002548,0.01953325094655156,36.047846112932476,28.277023724147252,0.12133551,0.34048653,2.8061576,0.07710982672870159,-1.0058283805847168e-07,0
0.006824635,0.0026034196,0.019682031,36.05581,28.278603,0.079556435,0.006683475,0.0025894174,0.019653384,36.054512,28.282074,0.08176808139043196,0.006575462641194463,0.002672182515002548,0.01953325094655156,36.047846112932476,28.277023724147252,0.18192855,0.54143393,2.7755547,0.07710982672870159,-1.0058283805847168e-07,0
0.006824635,0.0026034196,0.019682031,36.05581,28.278603,0.079556435,0.006683475,0.0025894174,0.019653384,36.054512,28.282074,0.08176808139043196,0.006575462641194463,0.002672182515002548,0.01953325094655156,36.047846112932476,28.277023724147252,0.18192855,0.54143393,2.7755547,0.07710982672870159,-1.0058283805847168e-07,0
0.006824635,0.0026034196,0.019682031,36.05581,28.278603,0.079556435,0.006683475,0.0025894174,0.019653384,36.054512,28.282074,0.08176808139043196,0.006575462641194463,0.002672182515002548,0.01953325094655156,36.047846112932476,28.277023724147252,0.18192855,0.54143393,2.7755547,0.07710982672870159,-1.0058283805847168e-07,0
0.0073882462,1e-11,0.016784472,36.279594,28.683207,0.06319841,0.0064314245,1e-11,0.016617754,36.289246,28.598349,0.08176808139043196,0.006575462641194463,0.002672182515002548,0.01953325094655156,36.047846112932476,28.277023724147252,5.9578875e-10,1.3535012e-09,2.2717803,0.07710982672870159,-1.0058283805847168e-07,0
0.007411752,1e-11,0.017045254,36.33661,28.285286,0.06382133,0.0070025907,1e-11,0.017592141,36.305405,28.297459,0.08176808139043196,0.006575462641194463,0.002672182515002548,0.01953325094655156,36.047846112932476,28.277023724147252,5.8667354e-10,1.3492086e-09,2.2997603,0.07710982672870159,-1.0058283805847168e-07,0
0.0073310076,1e-11,0.017172556,36.404373,28.07326,0.06447593,0.007579168,0.00012098851,0.01859968,36.365955,28.11947,0.08176808139043196,0.006575462641194463,0.002672182515002548,0.01953325094655156,36.047846112932476,28.277023724147252,5.8232447e-10,1.364069e-09,2.3424551,0.07710982672870159,-1.0058283805847168e-07,0
0.007386857,1e-11,0.017471418,36.407158,28.044556,0.06515901,0.007931712,0.0003525306,0.019250633,36.388348,28.071373,0.08176808139043196,0.006575462641194463,0.002672182515002548,0.01953325094655156,36.047846112932476,28.277023724147252,5.723634e-10,1.3537557e-09,2.3652031,0.07710982672870159,-1.0058283805847168e-07,0
0.0076672244,3.7847476e-05,0.018249983,36.38846,28.062405,0.06603062,0.007924907,0.00072209234,0.01952166,36.371735,28.067879,0.08176808139043196,0.006575462641194463,0.002672182515002548,0.01953325094655156,36.047846112932476,28.277023724147252,0.0020738363,0.004936268,2.3802595,0.07710982672870159,-1.0058283805847168e-07,0
0.008077933,0.00027574165,0.019428695,36.371315,28.094896,0.06719719,0.0076906234,0.00093525107,0.019602166,36.348164,28.078455,0.08176808139043196,0.006575462641194463,0.002672182515002548,0.01953325094655156,36.047846112932476,28.277023724147252,0.014192495,0.034135174,2.4051566,0.07710982672870159,-1.0058283805847168e-07,0
0.008262741,0.0002606791,0.020350754,36.355305,28.147467,0.06803853,0.007365009,0.0009873344,0.019431425,36.333607,28.09015,0.08176808139043196,0.006575462641194463,0.002672182515002548,0.01953325094655156,36.047846112932476,28.277023724147252,0.012809309,0.031548742,2.4629543,0.07710982672870159,-1.0058283805847168e-07,0
0.008016483,0.0006437171,0.020328794,36.342663,28.204985,0.06757808,0.006929352,0.0012723103,0.018638866,36.32015,28.150581,0.08176808139043196,0.006575462641194463,0.002672182515002548,0.01953325094655156,36.047846112932476,28.277023724147252,0.031665288,0.0802992,2.5358744,0.07710982672870159,-1.0058283805847168e-07,0
0.007511872,0.0013538386,0.019556273,36.32671,28.258627,0.06613866,0.0063646827,0.0017892051,0.017425796,36.30488,28.200748,0.08176808139043196,0.006575462641194463,0.002672182515002548,0.01953325094655156,36.047846112932476,28.277023724147252,0.069227844,0.18022653,2.603382,0.07710982672870159,-1.0058283805847168e-07,0
0.0066447747,0.0021915731,0.01792864,36.309177,28.319368,0.0641401,0.005605699,0.0023851737,0.015994877,36.28348,28.29863,0.08176808139043196,0.006575462641194463,0.002672182515002548,0.01953325094655156,36.047846112932476,28.277023724147252,0.12223867,0.32981902,2.698156,0.07710982672870159,-1.0058283805847168e-07,0
0.006824635,0.0026034196,0.019682031,36.05581,28.278603,0.079556435,0.006683475,0.0025894174,0.019653384,36.054512,28.282074,0.08176808139043196,0.006575462641194463,0.002672182515002548,0.01953325094655156,36.047846112932476,28.277023724147252,0.18192855,0.54143393,2.7755547,0.07710982672870159,-1.0058283805847168e-07,0
0.006824635,0.0026034196,0.019682031,36.05581,28.278603,0.079556435,0.006683475,0.0025894174,0.019653384,36.054512,28.282074,0.08176808139043196,0.006575462641194463,0.002672182515002548,0.01953325094655156,36.047846112932476,28.277023724147252,0.18192855,0.54143393,2.7755547,0.07710982672870159,-1.0058283805847168e-07,0
0.006824635,0.0026034196,0.019682031,36.05581,28.278603,0.079556435,0.006683475,0.0025894174,0.019653384,36.054512,28.282074,0.08176808139043196,0.006575462641194463,0.002672182515002548,0.01953325094655156,36.047846112932476,28.277023724147252,0.18192855,0.54143393,2.7755547,0.07710982672870159,-1.0058283805847168e-07,0
0.013059776,0.007209131,0.023693563,36.202873,28.760136,0.07189073,0.011289114,0.002396652,0.022960734,36.232056,28.672474,0.08176808139043196,0.006575462641194463,0.002672182515002548,0.01953325094655156,36.047846112932476,28.277023724147252,0.30426538,0.5520103,1.8142396,0.07710982672870159,-1.0058283805847168e-07,0
0.01329659,0.016311208,0.024790773,36.235428,28.375807,0.07220734,0.011853685,0.00938716,0.024169045,36.21399,28.393515,0.08176808139043196,0.006575462641194463,0.002672182515002548,0.01953325094655156,36.047846112932476,28.277023724147252,0.6579548,1.226721,1.8644459,0.07710982672870159,-1.0058283805847168e-07,0
0.01259086,0.017934043,0.02451872,36.337708,28.152218,0.07142994,0.011383283,0.010812106,0.024071973,36.285847,28.203121,0.08176808139043196,0.006575462641194463,0.002672182515002548,0.01953325094655156,36.047846112932476,28.277023724147252,0.73144287,1.4243699,1.9473429,0.07710982672870159,-1.0058283805847168e-07,0
0.012273574,0.014712849,0.024306146,36.38948,28.078947,0.07086796,0.010632094,0.0063175894,0.023281457,36.3554,28.111776,0.08176808139043196,0.006575462641194463,0.002672182515002548,0.01953325094655156,36.047846112932476,28.277023724147252,0.6053139,1.198742,1.9803642,0.07710982672870159,-1.0058283805847168e-07,0
0.012653639,0.011744115,0.025101218,36.379646,28.084652,0.07150418,0.01011619,0.0024271766,0.022983896,36.363106,28.09017,0.08176808139043196,0.006575462641194463,0.002672182515002548,0.01953325094655156,36.047846112932476,28.277023724147252,0.4678703,0.92812157,1.9837154,0.07710982672870159,-1.0058283805847168e-07,0
0.012713007,0.0073719346,0.025851766,36.34876,28.143808,0.07270612,0.009557446,0.00040501554,0.022879383,36.3505,28.116209,0.08176808139043196,0.006575462641194463,0.002672182515002548,0.01953325094655156,36.047846112932476,28.277023724147252,0.28516173,0.57987344,2.0334895,0.07710982672870159,-1.0058283805847168e-07,0
0.011220289,0.0017652587,0.02495812,36.318317,28.209188,0.07245614,0.008514327,1e-11,0.021863205,36.32021,28.1692,0.08176808139043196,0.006575462641194463,0.002672182515002548,0.01953325094655156,36.047846112932476,28.277023724147252,0.07072883,0.15732738,2.224374,0.07710982672870159,-1.0058283805847168e-07,0
0.009279228,0.0004331986,0.022611467,36.324833,28.247131,0.06977961,0.0074232505,0.0007594192,0.019755745,36.30916,28.234087,0.08176808139043196,0.006575462641194463,0.002672182515002548,0.01953325094655156,36.047846112932476,28.277023724147252,0.01915836,0.046684768,2.4367833,0.07710982672870159,-1.0058283805847168e-07,0
0.008383076,0.00092727673,0.021307027,36.313576,28.297472,0.06788351,0.0068336893,0.0015384856,0.018361747,36.288727,28.267792,0.08176808139043196,0.006575462641194463,0.002672182515002548,0.01953325094655156,36.047846112932476,28.277023724147252,0.04351976,0.11061295,2.5416718,0.07710982672870159,-1.0058283805847168e-07,0
0.006824635,0.0026034196,0.019682031,36.05581,28.278603,0.079556435,0.006683475,0.0025894174,0.019653384,36.054512,28.282074,0.08176808139043196,0.006575462641194463,0.002672182515002548,0.01953325094655156,36.047846112932476,28.277023724147252,0.18192855,0.54143393,2.7755547,0.07710982672870159,-1.0058283805847168e-07,0
0.006824635,0.0026034196,0.019682031,36.05581,28.278603,0.079556435,0.006683475,0.0025894174,0.019653384,36.054512,28.282074,0.08176808139043196,0.006575462641194463,0.002672182515002548,0.01953325094655156,36.047846112932476,28.277023724147252,0.18192855,0.54143393,2.7755547,0.07710982672870159,-1.0058283805847168e-07,0
0.006824635,0.0026034196,0.019682031,36.05581,28.278603,0.079556435,0.006683475,0.0025894174,0.019653384,36.054512,28.282074,0.08176808139043196,0.006575462641194463,0.002672182515002548,0.01953325094655156,36.047846112932476,28.277023724147252,0.18192855,0.54143393,2.7755547,0.07710982672870159,-1.0058283805847168e-07,0
0.006824635,0.0026034196,0.019682031,36.05581,28.278603,0.079556435,0.006683475,0.0025894174,0.019653384,36.054512,28.282074,0.08176808139043196,0.006575462641194463,0.002672182515002548,0.01953325094655156,36.047846112932476,28.277023724147252,0.18192855,0.54143393,2.7755547,0.07710982672870159,-1.0058283805847168e-07,0
0.032217495,0.09964146,0.04627418,36.049835,28.826855,0.09072396,0.02855803,0.06525876,0.042256467,36.09018,28.794403,0.08176808139043196,0.006575462641194463,0.002672182515002548,0.01953325094655156,36.047846112932476,28.277023724147252,2.153284,3.0927749,1.436306,0.07710982672870159,-1.0058283805847168e-07,0
0.032267854,0.14301932,0.05072283,35.95386,28.394493,0.09095516,0.028731422,0.100380726,0.04583299,36.032444,28.458961,0.08176808139043196,0.006575462641194463,0.002672182515002548,0.01953325094655156,36.047846112932476,28.277023724147252,2.8196242,4.432254,1.5719308,0.07710982672870159,-1.0058283805847168e-07,0
0.03134386,0.15796563,0.051880836,36.046265,28.234276,0.08981575,0.027197497,0.112018794,0.046228442,36.086998,28.274729,0.08176808139043196,0.006575462641194463,0.002672182515002548,0.01953325094655156,36.047846112932476,28.277023724147252,3.044778,5.0397635,1.6552154,0.07710982672870159,-1.0058283805847168e-07,0
0.030423509,0.1354587,0.04967932,36.17927,28.23432,0.08826246,0.02448218,0.08537842,0.042436555,36.219822,28.206293,0.08176808139043196,0.006575462641194463,0.002672182515002548,0.01953325094655156,36.047846112932476,28.277023724147252,2.7266614,4.452435,1.6329254,0.07710982672870159,-1.0058283805847168e-07,0
0.028963389,0.09856449,0.04618207,36.207443,28.273296,0.08707777,0.021181226,0.050908875,0.037851516,36.282047,28.218538,0.08176808139043196,0.006575462641194463,0.002672182515002548,0.01953325094655156,36.047846112932476,28.277023724147252,2.1342587,3.4030716,1.5944982,0.07710982672870159,-1.0058283805847168e-07,0
0.024581134,0.05076623,0.040127132,36.233234,28.326674,0.08472746,0.016533908,0.019127058,0.032485604,36.265713,28.264917,0.08176808139043196,0.006575462641194463,0.002672182515002548,0.01953325094655156,36.047846112932476,28.277023724147252,1.2651348,2.0652516,1.6324362,0.07710982672870159,-1.0058283805847168e-07,0
0.016979914,0.011360586,0.03255,36.269302,28.308533,0.080101326,0.011345855,0.0009774888,0.02687679,36.2626,28.301971,0.08176808139043196,0.006575462641194463,0.002672182515002548,0.01953325094655156,36.047846112932476,28.277023724147252,0.34901953,0.66906023,1.9169708,0.07710982672870159,-1.0058283805847168e-07,0
0.006824635,0.0026034196,0.019682031,36.05581,28.278603,0.079556435,0.006683475,0.0025894174,0.019653384,36.054512,28.282074,0.08176808139043196,0.006575462641194463,0.002672182515002548,0.01953325094655156,36.047846112932476,28.277023724147252,0.18192855,0.54143393,2.7755547,0.07710982672870159,-1.0058283805847168e-07,0
0.006824635,0.0026034196,0.019682031,36.05581,28.278603,0.079556435,0.006683475,0.0025894174,0.019653384,36.054512,28.282074,0.08176808139043196,0.006575462641194463,0.002672182515002548,0.01953325094655156,36.047846112932476,28.277023724147252,0.18192855,0.54143393,2.7755547,0.07710982672870159,-1.0058283805847168e-07,0
0.006824635,0.0026034196,0.019682031,36.05581,28.278603,0.079556435,0.006683475,0.0025894174,0.019653384,36.054512,28.282074,0.08176808139043196,0.006575462641194463,0.002672182515002548,0.01953325094655156,36.047846112932476,28.277023724147252,0.18192855,0.54143393,2.7755547,0.07710982672870159,-1.0058283805847168e-07,0
0.006824635,0.0026034196,0.019682031,36.05581,28.278603,0.079556435,0.006683475,0.0025894174,0.019653384,36.054512,28.282074,0.08176808139043196,0.006575462641194463,0.002672182515002548,0.01953325094655156,36.047846112932476,28.277023724147252,0.18192855,0.54143393,2.7755547,0.07710982672870159,-1.0058283805847168e-07,0
0.006824635,0.0026034196,0.019682031,36.05581,28.278603,0.079556435,0.006683475,0.0025894174,0.019653384,36.054512,28.282074,0.08176808139043196,0.006575462641194463,0.002672182515002548,0.01953325094655156,36.047846112932476,28.277023724147252,0.18192855,0.54143393,2.7755547,0.07710982672870159,-1.0058283805847168e-07,0
0.006824635,0.0026034196,0.019682031,36.05581,28.278603,0.079556435,0.006683475,0.0025894174,0.019653384,36.054512,28.282074,0.08176808139043196,0.006575462641194463,0.002672182515002548,0.01953325094655156,36.047846112932476,28.277023724147252,0.18192855,0.54143393,2.7755547,0.07710982672870159,-1.0058283805847168e-07,0
0.05205938,0.27627054,0.07660522,35.918564,28.892895,0.10963328,0.04831333,0.2010704,0.06828931,35.973698,28.846306,0.08176808139043196,0.006575462641194463,0.002672182515002548,0.01953325094655156,36.047846112932476,28.277023724147252,3.606419,5.306835,1.471497,0.07710982672870159,-1.0058283805847168e-07,0
0.056340143,0.46215835,0.098861255,35.409008,28.451918,0.11454869,0.05204395,0.359586,0.08700813,35.708767,28.522858,0.08176808139043196,0.006575462641194463,0.002672182515002548,0.01953325094655156,36.047846112932476,28.277023724147252,4.6748176,8.203003,1.7547214,0.07710982672870159,-1.0058283805847168e-07,0
0.056637216,0.5284578,0.10627556,35.186455,28.318056,0.1144861,0.05068742,0.41687617,0.09250734,35.68712,28.45358,0.08176808139043196,0.006575462641194463,0.002672182515002548,0.01953325094655156,36.047846112932476,28.277023724147252,4.9725246,9.330575,1.8764262,0.07710982672870159,-1.0058283805847168e-07,0
0.055445287,0.43815202,0.09690543,35.587795,28.407745,0.112109095,0.046658095,0.3181489,0.08076319,35.870262,28.404106,0.08176808139043196,0.006575462641194463,0.002672182515002548,0.01953325094655156,36.047846112932476,28.277023724147252,4.521439,7.902421,1.7477669,0.07710982672870159,-1.0058283805847168e-07,0
0.051940143,0.3103133,0.08250622,35.91495,28.489891,0.108133785,0.040526934,0.19649209,0.06568199,36.031555,28.37289,0.08176808139043196,0.006575462641194463,0.002672182515002548,0.01953325094655156,36.047846112932476,28.277023724147252,3.76109,5.974441,1.5884866,0.07710982672870159,-1.0058283805847168e-07,0
0.043260526,0.16004403,0.06271786,36.160007,28.4674,0.100489244,0.030642621,0.080250084,0.048851606,36.18542,28.421877,0.08176808139043196,0.006575462641194463,0.002672182515002548,0.01953325094655156,36.047846112932476,28.277023724147252,2.5518093,3.6995397,1.4497712,0.07710982672870159,-1.0058283805847168e-07,0
0.006824635,0.0026034196,0.019682031,36.05581,28.278603,0.079556435,0.006683475,0.0025894174,0.019653384,36.054512,28.282074,0.08176808139043196,0.006575462641194463,0.002672182515002548,0.01953325094655156,36.047846112932476,28.277023724147252,0.18192855,0.54143393,2.7755547,0.07710982672870159,-1.0058283805847168e-07,0
0.006824635,0.0026034196,0.019682031,36.05581,28.278603,0.079556435,0.006683475,0.0025894174,0.019653384,36.054512,28.282074,0.08176808139043196,0.006575462641194463,0.002672182515002548,0.01953325094655156,36.047846112932476,28.277023724147252,0.18192855,0.54143393,2.7755547,0.07710982672870159,-1.0058283805847168e-07,0
0.006824635,0.0026034196,0.019682031,36.05581,28.278603,0.079556435,0.006683475,0.0025894174,0.019653384,36.054512,28.282074,0.08176808139043196,0.006575462641194463,0.002672182515002548,0.01953325094655156,36.047846112932476,28.277023724147252,0.18192855,0.54143393,2.7755547,0.07710982672870159,-1.0058283805847168e-07,0
0.006824635,0.0026034196,0.019682031,36.05581,28.278603,0.079556435,0.006683475,0.0025894174,0.019653384,36.054512,28.282074,0.08176808139043196,0.006575462641194463,0.002672182515002548,0.01953325094655156,36.047846112932476,28.277023724147252,0.18192855,0.54143393,2.7755547,0.07710982672870159,-1.0058283805847168e-07,0
0.006824635,0.0026034196,0.019682031,36.05581,28.278603,0.079556435,0.006683475,0.0025894174,0.019653384,36.054512,28.282074,0.08176808139043196,0.006575462641194463,0.002672182515002548,0.01953325094655156,36.047846112932476,28.277023724147252,0.18192855,0.54143393,2.7755547,0.07710982672870159,-1.0058283805847168e-07,0
0.006824635,0.0026034196,0.019682031,36.05581,28.278603,0.079556435,0.006683475,0.0025894174,0.019653384,36.054512,28.282074,0.08176808139043196,0.006575462641194463,0.002672182515002548,0.01953325094655156,36.047846112932476,28.277023724147252,0.18192855,0.54143393,2.7755547,0.07710982672870159,-1.0058283805847168e-07,0
0.006824635,0.0026034196,0.019682031,36.05581,28.278603,0.079556435,0.006683475,0.0025894174,0.019653384,36.054512,28.282074,0.08176808139043196,0.006575462641194463,0.002672182515002548,0.01953325094655156,36.047846112932476,28.277023724147252,0.18192855,0.54143393,2.7755547,0.07710982672870159,-1.0058283805847168e-07,0
0.006824635,0.0026034196,0.019682031,36.05581,28.278603,0.079556435,0.006683475,0.0025894174,0.019653384,36.054512,28.282074,0.08176808139043196,0.006575462641194463,0.002672182515002548,0.01953325094655156,36.047846112932476,28.277023724147252,0.18192855,0.54143393,2.7755547,0.07710982672870159,-1.0058283805847168e-07,0
0.077373445,1.0249307,0.17071913,34.753445,28.408092,0.13654414,0.07209292,0.844793,0.14957428,35.50296,28.809702,0.08176808139043196,0.006575462641194463,0.002672182515002548,0.01953325094655156,36.047846112932476,28.277023724147252,6.0036077,13.246544,2.2064304,0.07710982672870159,-1.0058283805847168e-07,0
0.07653894,1.1379355,0.1819497,34.18077,28.542309,0.13487108,0.06942142,0.9621249,0.16035241,35.7064,28.778976,0.08176808139043196,0.006575462641194463,0.002672182515002548,0.01953325094655156,36.047846112932476,28.277023724147252,6.2541213,14.867406,2.3772173,0.07710982672870159,-1.0058283805847168e-07,0
0.07516766,0.8582925,0.1527159,35.04977,28.584251,0.1316573,0.06523357,0.6714629,0.12859936,35.78513,28.722532,0.08176808139043196,0.006575462641194463,0.002672182515002548,0.01953325094655156,36.047846112932476,28.277023724147252,5.6201906,11.418374,2.0316703,0.07710982672870159,-1.0058283805847168e-07,0
0.07360631,0.65104663,0.1307459,35.62764,28.612295,0.12864853,0.061456826,0.4589957,0.10502871,35.864124,28.662209,0.08176808139043196,0.006575462641194463,0.002672182515002548,0.01953325094655156,36.047846112932476,28.277023724147252,4.9794803,8.844984,1.7762866,0.07710982672870159,-1.0058283805847168e-07,0
0.006824635,0.0026034196,0.019682031,36.05581,28.278603,0.079556435,0.006683475,0.0025894174,0.019653384,36.054512,28.282074,0.08176808139043196,0.006575462641194463,0.002672182515002548,0.01953325094655156,36.047846112932476,28.277023724147252,0.18192855,0.54143393,2.7755547,0.07710982672870159,-1.0058283805847168e-07,0
0.006824635,0.0026034196,0.019682031,36.05581,28.278603,0.079556435,0.006683475,0.0025894174,0.019653384,36.054512,28.282074,0.08176808139043196,0.006575462641194463,0.002672182515002548,0.01953325094655156,36.047846112932476,28.277023724147252,0.18192855,0.54143393,2.7755547,0.07710982672870159,-1.0058283805847168e-07,0
0.006824635,0.0026034196,0.019682031,36.05581,28.278603,0.079556435,0.006683475,0.0025894174,0.019653384,36.054512,28.282074,0.08176808139043196,0.006575462641194463,0.002672182515002548,0.01953325094655156,36.047846112932476,28.277023724147252,0.18192855,0.54143393,2.7755547,0.07710982672870159,-1.0058283805847168e-07,0
0.006824635,0.0026034196,0.019682031,36.05581,28.278603,0.079556435,0.006683475,0.0025894174,0.019653384,36.054512,28.282074,0.08176808139043196,0.006575462641194463,0.002672182515002548,0.01953325094655156,36.047846112932476,28.277023724147252,0.18192855,0.54143393,2.7755547,0.07710982672870159,-1.0058283805847168e-07,0
0.006824635,0.0026034196,0.019682031,36.05581,28.278603,0.079556435,0.006683475,0.0025894174,0.019653384,36.054512,28.282074,0.08176808139043196,0.006575462641194463,0.002672182515002548,0.01953325094655156,36.047846112932476,28.277023724147252,0.18192855,0.54143393,2.7755547,0.07710982672870159,-1.0058283805847168e-07,0
0.006824635,0.0026034196,0.019682031,36.05581,28.278603,0.079556435,0.006683475,0.0025894174,0.019653384,36.054512,28.282074,0.08176808139043196,0.006575462641194463,0.002672182515002548,0.01953325094655156,36.047846112932476,28.277023724147252,0.18192855,0.54143393,2.7755547,0.07710982672870159,-1.0058283805847168e-07,0
0.006824635,0.0026034196,0.019682031,36.05581,28.278603,0.079556435,0.006683475,0.0025894174,0.019653384,36.054512,28.282074,0.08176808139043196,0.006575462641194463,0.002672182515002548,0.01953325094655156,36.047846112932476,28.277023724147252,0.18192855,0.54143393,2.7755547,0.07710982672870159,-1.0058283805847168e-07,0
0.006824635,0.0026034196,0.019682031,36.05581,28.278603,0.079556435,0.006683475,0.0025894174,0.019653384,36.054512,28.282074,0.08176808139043196,0.006575462641194463,0.002672182515002548,0.01953325094655156,36.047846112932476,28.277023724147252,0.18192855,0.54143393,2.7755547,0.07710982672870159,-1.0058283805847168e-07,0
0.006824635,0.0026034196,0.019682031,36.05581,28.278603,0.079556435,0.006683475,0.0025894174,0.019653384,36.054512,28.282074,0.08176808139043196,0.006575462641194463,0.002672182515002548,0.01953325094655156,36.047846112932476,28.277023724147252,0.18192855,0.54143393,2.7755547,0.07710982672870159,-1.0058283805847168e-07,0
0.006824635,0.0026034196,0.019682031,36.05581,28.278603,0.079556435,0.006683475,0.0025894174,0.019653384,36.054512,28.282074,0.08176808139043196,0.006575462641194463,0.002672182515002548,0.01953325094655156,36.047846112932476,28.277023724147252,0.18192855,0.54143393,2.7755547,0.07710982672870159,-1.0058283805847168e-07,0
0.006824635,0.0026034196,0.019682031,36.05581,28.278603,0.079556435,0.006683475,0.0025894174,0.019653384,36.054512,28.282074,0.08176808139043196,0.006575462641194463,0.002672182515002548,0.01953325094655156,36.047846112932476,28.277023724147252,0.18192855,0.54143393,2.7755547,0.07710982672870159,-1.0058283805847168e-07,0
0.006824635,0.0026034196,0.019682031,36.05581,28.278603,0.079556435,0.006683475,0.0025894174,0.019653384,36.054512,28.282074,0.08176808139043196,0.006575462641194463,0.002672182515002548,0.01953325094655156,36.047846112932476,28.277023724147252,0.18192855,0.54143393,2.7755547,0.07710982672870159,-1.0058283805847168e-07,0
0.006824635,0.0026034196,0.019682031,36.05581,28.278603,0.079556435,0.006683475,0.0025894174,0.019653384,36.054512,28.282074,0.08176808139043196,0.006575462641194463,0.002672182515002548,0.01953325094655156,36.047846112932476,28.277023724147252,0.18192855,0.54143393,2.7755547,0.07710982672870159,-1.0058283805847168e-07,0
0.006824635,0.0026034196,0.019682031,36.05581,28.278603,0.079556435,0.006683475,0.0025894174,0.019653384,36.054512,28.282074,0.08176808139043196,0.006575462641194463,0.002672182515002548,0.01953325094655156,36.047846112932476,28.277023724147252,0.18192855,0.54143393,2.7755547,0.07710982672870159,-1.0058283805847168e-07,0
0.006824635,0.0026034196,0.019682031,36.05581,28.278603,0.079556435,0.006683475,0.0025894174,0.019653384,36.054512,28.282074,0.08176808139043196,0.006575462641194463,0.002672182515002548,0.01953325094655156,36.047846112932476,28.277023724147252,0.18192855,0.54143393,2.7755547,0.07710982672870159,-1.0058283805847168e-07,0
0.006824635,0.0026034196,0.019682031,36.05581,28.278603,0.079556435,0.006683475,0.0025894174,0.019653384,36.054512,28.282074,0.08176808139043196,0.006575462641194463,0.002672182515002548,0.01953325094655156,36.047846112932476,28.277023724147252,0.18192855,0.54143393,2.7755547,0.07710982672870159,-1.0058283805847168e-07,0
0.006824635,0.0026034196,0.019682031,36.05581,28.278603,0.079556435,0.006683475,0.0025894174,0.019653384,36.054512,28.282074,0.08176808139043196,0.006575462641194463,0.002672182515002548,0.01953325094655156,36.047846112932476,28.277023724147252,0.18192855,0.54143393,2.7755547,0.07710982672870159,-1.0058283805847168e-07,0
0.006824635,0.0026034196,0.019682031,36.05581,28.278603,0.079556435,0.006683475,0.0025894174,0.019653384,36.054512,28.282074,0.08176808139043196,0.006575462641194463,0.002672182515002548,0.01953325094655156,36.047846112932476,28.277023724147252,0.18192855,0.54143393,2.7755547,0.07710982672870159,-1.0058283805847168e-07,0
0.006824635,0.0026034196,0.019682031,36.05581,28.278603,0.079556435,0.006683475,0.0025894174,0.019653384,36.054512,28.282074,0.08176808139043196,0.006575462641194463,0.002672182515002548,0.01953325094655156,36.047846112932476,28.277023724147252,0.18192855,0.54143393,2.7755547,0.07710982672870159,-1.0058283805847168e-07,0
0.006824635,0.0026034196,0.019682031,36.05581,28.278603,0.079556435,0.006683475,0.0025894174,0.019653384,36.054512,28.282074,0.08176808139043196,0.006575462641194463,0.002672182515002548,0.01953325094655156,36.047846112932476,28.277023724147252,0.18192855,0.54143393,2.7755547,0.07710982672870159,-1.0058283805847168e-07,0
0.006824635,0.0026034196,0.019682031,36.05581,28.278603,0.079556435,0.006683475,0.0025894174,0.019653384,36.054512,28.282074,0.08176808139043196,0.006575462641194463,0.002672182515002548,0.01953325094655156,36.047846112932476,28.277023724147252,0.18192855,0.54143393,2.7755547,0.07710982672870159,-1.0058283805847168e-07,0
0.006824635,0.0026034196,0.019682031,36.05581,28.278603,0.079556435,0.006683475,0.0025894174,0.019653384,36.054512,28.282074,0.08176808139043196,0.006575462641194463,0.002672182515002548,0.01953325094655156,36.047846112932476,28.277023724147252,0.18192855,0.54143393,2.7755547,0.07710982672870159,-1.0058283805847168e-07,0
0.006824635,0.0026034196,0.019682031,36.05581,28.278603,0.079556435,0.006683475,0.0025894174,0.019653384,36.054512,28.282074,0.08176808139043196,0.006575462641194463,0.002672182515002548,0.01953325094655156,36.047846112932476,28.277023724147252,0.18192855,0.54143393,2.7755547,0.07710982672870159,-1.0058283805847168e-07,0
0.006824635,0.0026034196,0.019682031,36.05581,28.278603,0.079556435,0.006683475,0.0025894174,0.019653384,36.054512,28.282074,0.08176808139043196,0.006575462641194463,0.002672182515002548,0.01953325094655156,36.047846112932476,28.277023724147252,0.18192855,0.54143393,2.7755547,0.07710982672870159,-1.0058283805847168e-07,0
0.006824635,0.0026034196,0.019682031,36.05581,28.278603,0.079556435,0.006683475,0.0025894174,0.019653384,36.054512,28.282074,0.08176808139043196,0.006575462641194463,0.002672182515002548,0.01953325094655156,36.047846112932476,28.277023724147252,0.18192855,0.54143393,2.7755547,0.07710982672870159,-1.0058283805847168e-07,0
0.006824635,0.0026034196,0.019682031,36.05581,28.278603,0.079556435,0.006683475,0.0025894174,0.019653384,36.054512,28.282074,0.08176808139043196,0.006575462641194463,0.002672182515002548,0.01953325094655156,36.047846112932476,28.277023724147252,0.18192855,0.54143393,2.7755547,0.07710982672870159,-1.0058283805847168e-07,0
0.006824635,0.0026034196,0.019682031,36.05581,28.278603,0.079556435,0.006683475,0.0025894174,0.019653384,36.054512,28.282074,0.08176808139043196,0.006575462641194463,0.002672182515002548,0.01953325094655156,36.047846112932476,28.277023724147252,0.18192855,0.54143393,2.7755547,0.07710982672870159,-1.0058283805847168e-07,0
0.006824635,0.0026034196,0.019682031,36.05581,28.278603,0.079556435,0.006683475,0.0025894174,0.019653384,36.054512,28.282074,0.08176808139043196,0.006575462641194463,0.002672182515002548,0.01953325094655156,36.047846112932476,28.277023724147252,0.18192855,0.54143393,2.7755547,0.07710982672870159,-1.0058283805847168e-07,0
0.006824635,0.0026034196,0.019682031,36.05581,28.278603,0.079556435,0.006683475,0.0025894174,0.019653384,36.054512,28.282074,0.08176808139043196,0.006575462641194463,0.002672182515002548,0.01953325094655156,36.047846112932476,28.277023724147252,0.18192855,0.54143393,2.7755547,0.07710982672870159,-1.0058283805847168e-07,0
0.006824635,0.0026034196,0.019682031,36.05581,28.278603,0.079556435,0.006683475,0.0025894174,0.019653384,36.054512,28.282074,0.08176808139043196,0.006575462641194463,0.002672182515002548,0.01953325094655156,36.047846112932476,28.277023724147252,0.18192855,0.54143393,2.7755547,0.07710982672870159,-1.0058283805847168e-07,0
0.006824635,0.0026034196,0.019682031,36.05581,28.278603,0.079556435,0.006683475,0.0025894174,0.019653384,36.054512,28.282074,0.08176808139043196,0.006575462641194463,0.002672182515002548,0.01953325094655156,36.047846112932476,28.277023724147252,0.18192855,0.54143393,2.7755547,0.07710982672870159,-1.0058283805847168e-07,0
0.006824635,0.0026034196,0.019682031,36.05581,28.278603,0.079556435,0.006683475,0.0025894174,0.019653384,36.054512,28.282074,0.08176808139043196,0.006575462641194463,0.002672182515002548,0.01953325094655156,36.047846112932476,28.277023724147252,0.18192855,0.54143393,2.7755547,0.07710982672870159,-1.0058283805847168e-07,0
0.006824635,0.0026034196,0.019682031,36.05581,28.278603,0.079556435,0.006683475,0.0025894174,0.019653384,36.054512,28.282074,0.08176808139043196,0.006575462641194463,0.002672182515002548,0.01953325094655156,36.047846112932476,28.277023724147252,0.18192855,0.54143393,2.7755547,0.07710982672870159,-1.0058283805847168e-07,0
0.006824635,0.0026034196,0.019682031,36.05581,28.278603,0.079556435,0.006683475,0.0025894174,0.019653384,36.054512,28.282074,0.08176808139043196,0.006575462641194463,0.002672182515002548,0.01953325094655156,36.047846112932476,28.277023724147252,0.18192855,0.54143393,2.7755547,0.07710982672870159,-1.0058283805847168e-07,0
0.006824635,0.0026034196,0.019682031,36.05581,28.278603,0.079556435,0.006683475,0.0025894174,0.019653384,36.054512,28.282074,0.08176808139043196,0.006575462641194463,0.002672182515002548,0.01953325094655156,36.047846112932476,28.277023724147252,0.18192855,0.54143393,2.7755547,0.07710982672870159,-1.0058283805847168e-07,0
0.006824635,0.0026034196,0.019682031,36.05581,28.278603,0.079556435,0.006683475,0.0025894174,0.019653384,36.054512,28.282074,0.08176808139043196,0.006575462641194463,0.002672182515002548,0.01953325094655156,36.047846112932476,28.277023724147252,0.18192855,0.54143393,2.7755547,0.07710982672870159,-1.0058283805847168e-07,0
0.006824635,0.0026034196,0.019682031,36.05581,28.278603,0.079556435,0.006683475,0.0025894174,0.019653384,36.054512,28.282074,0.08176808139043196,0.006575462641194463,0.002672182515002548,0.01953325094655156,36.047846112932476,28.277023724147252,0.18192855,0.54143393,2.7755547,0.07710982672870159,-1.0058283805847168e-07,0
0.006824635,0.0026034196,0.019682031,36.05581,28.278603,0.079556435,0.006683475,0.0025894174,0.019653384,36.054512,28.282074,0.08176808139043196,0.006575462641194463,0.002672182515002548,0.01953325094655156,36.047846112932476,28.277023724147252,0.18192855,0.54143393,2.7755547,0.07710982672870159,-1.0058283805847168e-07,0
0.006824635,0.0026034196,0.019682031,36.05581,28.278603,0.079556435,0.006683475,0.0025894174,0.019653384,36.054512,28.282074,0.08176808139043196,0.006575462641194463,0.002672182515002548,0.01953325094655156,36.047846112932476,28.277023724147252,0.18192855,0.54143393,2.7755547,0.07710982672870159,-1.0058283805847168e-07,0
0.006824635,0.0026034196,0.019682031,36.05581,28.278603,0.079556435,0.006683475,0.0025894174,0.019653384,36.054512,28.282074,0.08176808139043196,0.006575462641194463,0.002672182515002548,0.01953325094655156,36.047846112932476,28.277023724147252,0.18192855,0.54143393,2.7755547,0.07710982672870159,-1.0058283805847168e-07,0
0.006824635,0.0026034196,0.019682031,36.05581,28.278603,0.079556435,0.006683475,0.0025894174,0.019653384,36.054512,28.282074,0.08176808139043196,0.006575462641194463,0.002672182515002548,0.01953325094655156,36.047846112932476,28.277023724147252,0.18192855,0.54143393,2.7755547,0.07710982672870159,-1.0058283805847168e-07,0
0.006824635,0.0026034196,0.019682031,36.05581,28.278603,0.079556435,0.006683475,0.0025894174,0.019653384,36.054512,28.282074,0.08176808139043196,0.006575462641194463,0.002672182515002548,0.01953325094655156,36.047846112932476,28.277023724147252,0.18192855,0.54143393,2.7755547,0.07710982672870159,-1.0058283805847168e-07,0
0.006824635,0.0026034196,0.019682031,36.05581,28.278603,0.079556435,0.006683475,0.0025894174,0.019653384,36.054512,28.282074,0.08176808139043196,0.006575462641194463,0.002672182515002548,0.01953325094655156,36.047846112932476,28.277023724147252,0.18192855,0.54143393,2.7755547,0.07710982672870159,-1.0058283805847168e-07,0
0.006824635,0.0026034196,0.019682031,36.05581,28.278603,0.079556435,0.006683475,0.0025894174,0.019653384,36.054512,28.282074,0.08176808139043196,0.006575462641194463,0.002672182515002548,0.01953325094655156,36.047846112932476,28.277023724147252,0.18192855,0.54143393,2.7755547,0.07710982672870159,-1.0058283805847168e-07,0
0.006824635,0.0026034196,0.019682031,36.05581,28.278603,0.079556435,0.006683475,0.0025894174,0.019653384,36.054512,28.282074,0.08176808139043196,0.006575462641194463,0.002672182515002548,0.01953325094655156,36.047846112932476,28.277023724147252,0.18192855,0.54143393,2.7755547,0.07710982672870159,-1.0058283805847168e-07,0
0.006824635,0.0026034196,0.019682031,36.05581,28.278603,0.079556435,0.006683475,0.0025894174,0.019653384,36.054512,28.282074,0.08176808139043196,0.006575462641194463,0.002672182515002548,0.01953325094655156,36.047846112932476,28.277023724147252,0.18192855,0.54143393,2.7755547,0.07710982672870159,-1.0058283805847168e-07,0
0.006824635,0.0026034196,0.019682031,36.05581,28.278603,0.079556435,0.006683475,0.0025894174,0.019653384,36.054512,28.282074,0.08176808139043196,0.006575462641194463,0.002672182515002548,0.01953325094655156,36.047846112932476,28.277023724147252,0.18192855,0.54143393,2.7755547,0.07710982672870159,-1.0058283805847168e-07,0
0.006824635,0.0026034196,0.019682031,36.05581,28.278603,0.079556435,0.006683475,0.0025894174,0.019653384,36.054512,28.282074,0.08176808139043196,0.006575462641194463,0.002672182515002548,0.01953325094655156,36.047846112932476,28.277023724147252,0.18192855,0.54143393,2.7755547,0.07710982672870159,-1.0058283805847168e-07,0
0.006824635,0.0026034196,0.019682031,36.05581,28.278603,0.079556435,0.006683475,0.0025894174,0.019653384,36.054512,28.282074,0.08176808139043196,0.006575462641194463,0.002672182515002548,0.01953325094655156,36.047846112932476,28.277023724147252,0.18192855,0.54143393,2.7755547,0.07710982672870159,-1.0058283805847168e-07,0
0.006824635,0.0026034196,0.019682031,36.05581,28.278603,0.079556435,0.006683475,0.0025894174,0.019653384,36.054512,28.282074,0.08176808139043196,0.006575462641194463,0.002672182515002548,0.01953325094655156,36.047846112932476,28.277023724147252,0.18192855,0.54143393,2.7755547,0.07710982672870159,-1.0058283805847168e-07,0
0.006824635,0.0026034196,0.019682031,36.05581,28.278603,0.079556435,0.006683475,0.0025894174,0.019653384,36.054512,28.282074,0.08176808139043196,0.006575462641194463,0.002672182515002548,0.01953325094655156,36.047846112932476,28.277023724147252,0.18192855,0.54143393,2.7755547,0.07710982672870159,-1.0058283805847168e-07,0
0.006824635,0.0026034196,0.019682031,36.05581,28.278603,0.079556435,0.006683475,0.0025894174,0.019653384,36.054512,28.282074,0.08176808139043196,0.006575462641194463,0.002672182515002548,0.01953325094655156,36.047846112932476,28.277023724147252,0.18192855,0.54143393,2.7755547,0.07710982672870159,-1.0058283805847168e-07,0
0.006824635,0.0026034196,0.019682031,36.05581,28.278603,0.079556435,0.006683475,0.0025894174,0.019653384,36.054512,28.282074,0.08176808139043196,0.006575462641194463,0.002672182515002548,0.01953325094655156,36.047846112932476,28.277023724147252,0.18192855,0.54143393,2.7755547,0.07710982672870159,-1.0058283805847168e-07,0
0.006824635,0.0026034196,0.019682031,36.05581,28.278603,0.079556435,0.006683475,0.0025894174,0.019653384,36.054512,28.282074,0.08176808139043196,0.006575462641194463,0.002672182515002548,0.01953325094655156,36.047846112932476,28.277023724147252,0.18192855,0.54143393,2.7755547,0.07710982672870159,-1.0058283805847168e-07,0
0.006824635,0.0026034196,0.019682031,36.05581,28.278603,0.079556435,0.006683475,0.0025894174,0.019653384,36.054512,28.282074,0.08176808139043196,0.006575462641194463,0.002672182515002548,0.01953325094655156,36.047846112932476,28.277023724147252,0.18192855,0.54143393,2.7755547,0.07710982672870159,-1.0058283805847168e-07,0
0.006824635,0.0026034196,0.019682031,36.05581,28.278603,0.079556435,0.006683475,0.0025894174,0.019653384,36.054512,28.282074,0.08176808139043196,0.006575462641194463,0.002672182515002548,0.01953325094655156,36.047846112932476,28.277023724147252,0.18192855,0.54143393,2.7755547,0.07710982672870159,-1.0058283805847168e-07,0
0.006824635,0.0026034196,0.019682031,36.05581,28.278603,0.079556435,0.006683475,0.0025894174,0.019653384,36.054512,28.282074,0.08176808139043196,0.006575462641194463,0.002672182515002548,0.01953325094655156,36.047846112932476,28.277023724147252,0.18192855,0.54143393,2.7755547,0.07710982672870159,-1.0058283805847168e-07,0
0.006824635,0.0026034196,0.019682031,36.05581,28.278603,0.079556435,0.006683475,0.0025894174,0.019653384,36.054512,28.282074,0.08176808139043196,0.006575462641194463,0.002672182515002548,0.01953325094655156,36.047846112932476,28.277023724147252,0.18192855,0.54143393,2.7755547,0.07710982672870159,-1.0058283805847168e-07,0
0.006824635,0.0026034196,0.019682031,36.05581,28.278603,0.079556435,0.006683475,0.0025894174,0.019653384,36.054512,28.282074,0.08176808139043196,0.006575462641194463,0.002672182515002548,0.01953325094655156,36.047846112932476,28.277023724147252,0.18192855,0.54143393,2.7755547,0.07710982672870159,-1.0058283805847168e-07,0
0.006824635,0.0026034196,0.019682031,36.05581,28.278603,0.079556435,0.006683475,0.0025894174,0.019653384,36.054512,28.282074,0.08176808139043196,0.006575462641194463,0.002672182515002548,0.01953325094655156,36.047846112932476,28.277023724147252,0.18192855,0.54143393,2.7755547,0.07710982672870159,-1.0058283805847168e-07,0
0.006824635,0.0026034196,0.019682031,36.05581,28.278603,0.079556435,0.006683475,0.0025894174,0.019653384,36.054512,28.282074,0.08176808139043196,0.006575462641194463,0.002672182515002548,0.01953325094655156,36.047846112932476,28.277023724147252,0.18192855,0.54143393,2.7755547,0.07710982672870159,-1.0058283805847168e-07,0
0.006824635,0.0026034196,0.019682031,36.05581,28.278603,0.079556435,0.006683475,0.0025894174,0.019653384,36.054512,28.282074,0.08176808139043196,0.006575462641194463,0.002672182515002548,0.01953325094655156,36.047846112932476,28.277023724147252,0.18192855,0.54143393,2.7755547,0.07710982672870159,-1.0058283805847168e-07,0
0.006824635,0.0026034196,0.019682031,36.05581,28.278603,0.079556435,0.006683475,0.0025894174,0.019653384,36.054512,28.282074,0.08176808139043196,0.006575462641194463,0.002672182515002548,0.01953325094655156,36.047846112932476,28.277023724147252,0.18192855,0.54143393,2.7755547,0.07710982672870159,-1.0058283805847168e-07,0
0.006824635,0.0026034196,0.019682031,36.05581,28.278603,0.079556435,0.006683475,0.0025894174,0.019653384,36.054512,28.282074,0.08176808139043196,0.006575462641194463,0.002672182515002548,0.01953325094655156,36.047846112932476,28.277023724147252,0.18192855,0.54143393,2.7755547,0.07710982672870159,-1.0058283805847168e-07,0
0.006824635,0.0026034196,0.019682031,36.05581,28.278603,0.079556435,0.006683475,0.0025894174,0.019653384,36.054512,28.282074,0.08176808139043196,0.006575462641194463,0.002672182515002548,0.01953325094655156,36.047846112932476,28.277023724147252,0.18192855,0.54143393,2.7755547,0.07710982672870159,-1.0058283805847168e-07,0
0.006824635,0.0026034196,0.019682031,36.05581,28.278603,0.079556435,0.006683475,0.0025894174,0.019653384,36.054512,28.282074,0.08176808139043196,0.006575462641194463,0.002672182515002548,0.01953325094655156,36.047846112932476,28.277023724147252,0.18192855,0.54143393,2.7755547,0.07710982672870159,-1.0058283805847168e-07,0
0.006824635,0.0026034196,0.019682031,36.05581,28.278603,0.079556435,0.006683475,0.0025894174,0.019653384,36.054512,28.282074,0.08176808139043196,0.006575462641194463,0.002672182515002548,0.01953325094655156,36.047846112932476,28.277023724147252,0.18192855,0.54143393,2.7755547,0.07710982672870159,-1.0058283805847168e-07,0
0.006824635,0.0026034196,0.019682031,36.05581,28.278603,0.079556435,0.006683475,0.0025894174,0.019653384,36.054512,28.282074,0.08176808139043196,0.006575462641194463,0.002672182515002548,0.01953325094655156,36.047846112932476,28.277023724147252,0.18192855,0.54143393,2.7755547,0.07710982672870159,-1.0058283805847168e-07,0
0.006824635,0.0026034196,0.019682031,36.05581,28.278603,0.079556435,0.006683475,0.0025894174,0.019653384,36.054512,28.282074,0.08176808139043196,0.006575462641194463,0.002672182515002548,0.01953325094655156,36.047846112932476,28.277023724147252,0.18192855,0.54143393,2.7755547,0.07710982672870159,-1.0058283805847168e-07,0
0.006824635,0.0026034196,0.019682031,36.05581,28.278603,0.079556435,0.006683475,0.0025894174,0.019653384,36.054512,28.282074,0.08176808139043196,0.006575462641194463,0.002672182515002548,0.01953325094655156,36.047846112932476,28.277023724147252,0.18192855,0.54143393,2.7755547,0.07710982672870159,-1.0058283805847168e-07,0
0.006824635,0.0026034196,0.019682031,36.05581,28.278603,0.079556435,0.006683475,0.0025894174,0.019653384,36.054512,28.282074,0.08176808139043196,0.006575462641194463,0.002672182515002548,0.01953325094655156,36.047846112932476,28.277023724147252,0.18192855,0.54143393,2.7755547,0.07710982672870159,-1.0058283805847168e-07,0
0.006824635,0.0026034196,0.019682031,36.05581,28.278603,0.079556435,0.006683475,0.0025894174,0.019653384,36.054512,28.282074,0.08176808139043196,0.006575462641194463,0.002672182515002548,0.01953325094655156,36.047846112932476,28.277023724147252,0.18192855,0.54143393,2.7755547,0.07710982672870159,-1.0058283805847168e-07,0
0.006824635,0.0026034196,0.019682031,36.05581,28.278603,0.079556435,0.006683475,0.0025894174,0.019653384,36.054512,28.282074,0.08176808139043196,0.006575462641194463,0.002672182515002548,0.01953325094655156,36.047846112932476,28.277023724147252,0.18192855,0.54143393,2.7755547,0.07710982672870159,-1.0058283805847168e-07,0
0.008538951,0.0044768886,0.019600691,36.359234,28.275686,0.06356412,0.008538904,0.004478868,0.019600628,36.360558,28.357227,0.08176808139043196,0.006575462641194463,0.002672182515002548,0.01953325094655156,36.047846112932476,28.277023724147252,0.22840463,0.5242902,2.2954447,0.07710982672870159,-1.0058283805847168e-07,0
0.009550569,0.0059977467,0.020776613,36.407703,28.074667,0.06445869,0.0095505435,0.0059997872,0.020776587,36.409866,28.14252,0.08176808139043196,0.006575462641194463,0.002672182515002548,0.01953325094655156,36.047846112932476,28.277023724147252,0.28867778,0.6279989,2.175432,0.07710982672870159,-1.0058283805847168e-07,0
0.01067951,0.008132915,0.021869183,36.40587,28.04629,0.065197974,0.01067953,0.008135078,0.0218692,36.408398,28.11247,0.08176808139043196,0.006575462641194463,0.002672182515002548,0.01953325094655156,36.047846112932476,28.277023724147252,0.3718893,0.7615438,2.0477703,0.07710982672870159,-1.0058283805847168e-07,0
0.010868755,0.009523514,0.021698235,36.39501,28.083818,0.06490289,0.01086874,0.009525659,0.02169822,36.39731,28.150955,0.08176808139043196,0.006575462641194463,0.002672182515002548,0.01953325094655156,36.047846112932476,28.277023724147252,0.4389073,0.8762286,1.9963864,0.07710982672870159,-1.0058283805847168e-07,0
0.010055089,0.009631697,0.020491667,36.386433,28.118546,0.06391085,0.010055041,0.009633784,0.020491637,36.388412,28.193018,0.08176808139043196,0.006575462641194463,0.002672182515002548,0.01953325094655156,36.047846112932476,28.277023724147252,0.47002995,0.9578927,2.0379398,0.07710982672870159,-1.0058283805847168e-07,0
0.008871012,0.008620126,0.019140923,36.37646,28.138824,0.06310793,0.008870968,0.0086221695,0.019140914,36.377422,28.235888,0.08176808139043196,0.006575462641194463,0.002672182515002548,0.01953325094655156,36.047846112932476,28.277023724147252,0.45035058,0.97171843,2.1576931,0.07710982672870159,-1.0058283805847168e-07,0
0.007797753,0.006781618,0.018167822,36.355583,28.141518,0.06293677,0.007797728,0.0067836405,0.018167837,36.35547,28.269373,0.08176808139043196,0.006575462641194463,0.002672182515002548,0.01953325094655156,36.047846112932476,28.277023724147252,0.37327635,0.86968875,2.329879,0.07710982672870159,-1.0058283805847168e-07,0
0.006982639,0.004718418,0.017536584,36.332695,28.149513,0.06312956,0.0069826283,0.004720471,0.017536609,36.333317,28.291346,0.08176808139043196,0.006575462641194463,0.002672182515002548,0.01953325094655156,36.047846112932476,28.277023724147252,0.2690614,0.6757356,2.511455,0.07710982672870159,-1.0058283805847168e-07,0
0.0063632214,0.003196398,0.017000806,36.319122,28.161665,0.06321716,0.0063632224,0.0031985033,0.01700083,36.32163,28.309656,0.08176808139043196,0.006575462641194463,0.002672182515002548,0.01953325094655156,36.047846112932476,28.277023724147252,0.1880145,0.50232387,2.6717293,0.07710982672870159,-1.0058283805847168e-07,0
0.0058195153,0.002525206,0.01639627,36.309647,28.195042,0.06288632,0.0058195195,0.0025273303,0.01639629,36.312073,28.335148,0.08176808139043196,0.006575462641194463,0.002672182515002548,0.01953325094655156,36.047846112932476,28.277023724147252,0.15401101,0.43392032,2.817463,0.07710982672870159,-1.0058283805847168e-07,0
0.006824635,0.0026034196,0.019682031,36.05581,28.278603,0.079556435,0.006683475,0.0025894174,0.019653384,36.054512,28.282074,0.08176808139043196,0.006575462641194463,0.002672182515002548,0.01953325094655156,36.047846112932476,28.277023724147252,0.18192855,0.54143393,2.7755547,0.07710982672870159,-1.0058283805847168e-07,0
0.006824635,0.0026034196,0.019682031,36.05581,28.278603,0.079556435,0.006683475,0.0025894174,0.019653384,36.054512,28.282074,0.08176808139043196,0.006575462641194463,0.002672182515002548,0.01953325094655156,36.047846112932476,28.277023724147252,0.18192855,0.54143393,2.7755547,0.07710982672870159,-1.0058283805847168e-07,0
0.006824635,0.0026034196,0.019682031,36.05581,28.278603,0.079556435,0.006683475,0.0025894174,0.019653384,36.054512,28.282074,0.08176808139043196,0.006575462641194463,0.002672182515002548,0.01953325094655156,36.047846112932476,28.277023724147252,0.18192855,0.54143393,2.7755547,0.07710982672870159,-1.0058283805847168e-07,0
0.007212397,0.0017048639,0.017242867,36.329117,28.429245,0.062174246,0.0072123413,0.0017067268,0.017242773,36.330128,28.484455,0.08176808139043196,0.006575462641194463,0.002672182515002548,0.01953325094655156,36.047846112932476,28.277023724147252,0.09887357,0.23637964,2.3907263,0.07710982672870159,-1.0058283805847168e-07,0
0.007730166,0.0021879997,0.018020187,36.395622,28.115833,0.06266982,0.007730144,0.0021900015,0.01802017,36.39617,28.150349,0.08176808139043196,0.006575462641194463,0.002672182515002548,0.01953325094655156,36.047846112932476,28.277023724147252,0.12141937,0.28304693,2.3311512,0.07710982672870159,-1.0058283805847168e-07,0
0.00838345,0.0032703886,0.018934902,36.414642,28.030972,0.063231364,0.008383439,0.0032724577,0.018934911,36.415474,28.057966,0.08176808139043196,0.006575462641194463,0.002672182515002548,0.01953325094655156,36.047846112932476,28.277023724147252,0.17271748,0.39010057,2.258605,0.07710982672870159,-1.0058283805847168e-07,0
0.00858204,0.0041786265,0.019197525,36.394535,28.053905,0.063445605,0.008582024,0.0041806987,0.019197533,36.395462,28.08383,0.08176808139043196,0.006575462641194463,0.002672182515002548,0.01953325094655156,36.047846112932476,28.277023724147252,0.21766485,0.48690364,2.236942,0.07710982672870159,-1.0058283805847168e-07,0
0.008231848,0.0043296344,0.018870398,36.37102,28.086655,0.06355981,0.008231829,0.0043316833,0.018870413,36.372158,28.124535,0.08176808139043196,0.006575462641194463,0.002672182515002548,0.01953325094655156,36.047846112932476,28.277023724147252,0.22944054,0.52596146,2.2923648,0.07710982672870159,-1.0058283805847168e-07,0
0.00772003,0.003750095,0.018548645,36.347202,28.107515,0.0641333,0.007720025,0.003752111,0.018548688,36.348843,28.161255,0.08176808139043196,0.006575462641194463,0.002672182515002548,0.01953325094655156,36.047846112932476,28.277023724147252,0.20217621,0.4857617,2.402665,0.07710982672870159,-1.0058283805847168e-07,0
0.007345037,0.0026645428,0.01852531,36.336464,28.12053,0.0651773,0.0073450683,0.0026665346,0.018525386,36.3388,28.191013,0.08176808139043196,0.006575462641194463,0.002672182515002548,0.01953325094655156,36.047846112932476,28.277023724147252,0.14383256,0.3627678,2.5221534,0.07710982672870159,-1.0058283805847168e-07,0
0.0070845,0.001980798,0.018514892,36.33434,28.144821,0.06589723,0.0070845117,0.0019828791,0.01851494,36.336555,28.227133,0.08176808139043196,0.006575462641194463,0.002672182515002548,0.01953325094655156,36.047846112932476,28.277023724147252,0.10698405,0.27959603,2.6134367,0.07710982672870159,-1.0058283805847168e-07,0
0.0067324657,0.0018293158,0.018126026,36.327717,28.161097,0.06577173,0.0067324736,0.0018314437,0.018126054,36.329727,28.252567,0.08176808139043196,0.006575462641194463,0.002672182515002548,0.01953325094655156,36.047846112932476,28.277023724147252,0.100922056,0.27171558,2.6923308,0.07710982672870159,-1.0058283805847168e-07,0
0.006129052,0.0020847165,0.01719907,36.314648,28.212547,0.06462255,0.006129045,0.0020868573,0.017199066,36.315918,28.304693,0.08176808139043196,0.006575462641194463,0.002672182515002548,0.01953325094655156,36.047846112932476,28.277023724147252,0.12121101,0.34013686,2.806155,0.07710982672870159,-1.0058283805847168e-07,0
0.006824635,0.0026034196,0.019682031,36.05581,28.278603,0.079556435,0.006683475,0.0025894174,0.019653384,36.054512,28.282074,0.08176808139043196,0.006575462641194463,0.002672182515002548,0.01953325094655156,36.047846112932476,28.277023724147252,0.18192855,0.54143393,2.7755547,0.07710982672870159,-1.0058283805847168e-07,0
0.006824635,0.0026034196,0.019682031,36.05581,28.278603,0.079556435,0.006683475,0.0025894174,0.019653384,36.054512,28.282074,0.08176808139043196,0.006575462641194463,0.002672182515002548,0.01953325094655156,36.047846112932476,28.277023724147252,0.18192855,0.54143393,2.7755547,0.07710982672870159,-1.0058283805847168e-07,0
0.006824635,0.0026034196,0.019682031,36.05581,28.278603,0.079556435,0.006683475,0.0025894174,0.019653384,36.054512,28.282074,0.08176808139043196,0.006575462641194463,0.002672182515002548,0.01953325094655156,36.047846112932476,28.277023724147252,0.18192855,0.54143393,2.7755547,0.07710982672870159,-1.0058283805847168e-07,0
0.007388335,1e-11,0.016784556,36.279285,28.657902,0.06340549,0.0073882462,1e-11,0.016784472,36.279594,28.683207,0.08176808139043196,0.006575462641194463,0.002672182515002548,0.01953325094655156,36.047846112932476,28.277023724147252,5.957858e-10,1.3534849e-09,2.2717643,0.07710982672870159,-1.0058283805847168e-07,0
0.0074116345,1e-11,0.01704508,36.336403,28.256388,0.06326132,0.007411752,1e-11,0.017045254,36.33661,28.285286,0.08176808139043196,0.006575462641194463,0.002672182515002548,0.01953325094655156,36.047846112932476,28.277023724147252,5.8667954e-10,1.3492301e-09,2.2997735,0.07710982672870159,-1.0058283805847168e-07,0
0.007330938,1e-11,0.01717242,36.403755,28.04989,0.06299922,0.0073310076,1e-11,0.017172556,36.404373,28.07326,0.08176808139043196,0.006575462641194463,0.002672182515002548,0.01953325094655156,36.047846112932476,28.277023724147252,5.823291e-10,1.364082e-09,2.342459,0.07710982672870159,-1.0058283805847168e-07,0
0.0073868143,1e-11,0.017471317,36.406384,28.020905,0.0632328,0.007386857,1e-11,0.017471418,36.407158,28.044556,0.08176808139043196,0.006575462641194463,0.002672182515002548,0.01953325094655156,36.047846112932476,28.277023724147252,5.723667e-10,1.3537635e-09,2.3652031,0.07710982672870159,-1.0058283805847168e-07,0
0.00766717,3.7259186e-05,0.018249867,36.3876,28.03564,0.06443946,0.0076672244,3.7847476e-05,0.018249983,36.38846,28.062405,0.08176808139043196,0.006575462641194463,0.002672182515002548,0.01953325094655156,36.047846112932476,28.277023724147252,0.0020416141,0.0048595746,2.3802612,0.07710982672870159,-1.0058283805847168e-07,0
0.008077819,0.00027371608,0.019428534,36.37029,28.061924,0.0665545,0.008077933,0.00027574165,0.019428695,36.371315,28.094896,0.08176808139043196,0.006575462641194463,0.002672182515002548,0.01953325094655156,36.047846112932476,28.277023724147252,0.014088355,0.033884898,2.405171,0.07710982672870159,-1.0058283805847168e-07,0
0.008262679,0.00025862668,0.020350628,36.354233,28.09792,0.06843205,0.008262741,0.0002606791,0.020350754,36.355305,28.147467,0.08176808139043196,0.006575462641194463,0.002672182515002548,0.01953325094655156,36.047846112932476,28.277023724147252,0.012708535,0.031300586,2.4629576,0.07710982672870159,-1.0058283805847168e-07,0
0.008016462,0.00064162054,0.020328736,36.341488,28.141853,0.06882342,0.008016483,0.0006437171,0.020328794,36.342663,28.204985,0.08176808139043196,0.006575462641194463,0.002672182515002548,0.01953325094655156,36.047846112932476,28.277023724147252,0.031562246,0.08003786,2.5358737,0.07710982672870159,-1.0058283805847168e-07,0
0.0075118584,0.0013516801,0.01955625,36.325737,28.186531,0.067889705,0.007511872,0.0013538386,0.019556273,36.32671,28.258627,0.08176808139043196,0.006575462641194463,0.002672182515002548,0.01953325094655156,36.047846112932476,28.277023724147252,0.06911755,0.17993951,2.6033838,0.07710982672870159,-1.0058283805847168e-07,0
0.0066447947,0.002189405,0.017928684,36.308403,28.228838,0.06548724,0.0066447747,0.0021915731,0.01792864,36.309177,28.319368,0.08176808139043196,0.006575462641194463,0.002672182515002548,0.01953325094655156,36.047846112932476,28.277023724147252,0.122117445,0.32949173,2.6981547,0.07710982672870159,-1.0058283805847168e-07,0
0.006824635,0.0026034196,0.019682031,36.05581,28.278603,0.079556435,0.006683475,0.0025894174,0.019653384,36.054512,28.282074,0.08176808139043196,0.006575462641194463,0.002672182515002548,0.01953325094655156,36.047846112932476,28.277023724147252,0.18192855,0.54143393,2.7755547,0.07710982672870159,-1.0058283805847168e-07,0
0.006824635,0.0026034196,0.019682031,36.05581,28.278603,0.079556435,0.006683475,0.0025894174,0.019653384,36.054512,28.282074,0.08176808139043196,0.006575462641194463,0.002672182515002548,0.01953325094655156,36.047846112932476,28.277023724147252,0.18192855,0.54143393,2.7755547,0.07710982672870159,-1.0058283805847168e-07,0
0.006824635,0.0026034196,0.019682031,36.05581,28.278603,0.079556435,0.006683475,0.0025894174,0.019653384,36.054512,28.282074,0.08176808139043196,0.006575462641194463,0.002672182515002548,0.01953325094655156,36.047846112932476,28.277023724147252,0.18192855,0.54143393,2.7755547,0.07710982672870159,-1.0058283805847168e-07,0
0.013058663,0.007202906,0.0236924,36.203487,28.726746,0.071205735,0.013059776,0.007209131,0.023693563,36.202873,28.760136,0.08176808139043196,0.006575462641194463,0.002672182515002548,0.01953325094655156,36.047846112932476,28.277023724147252,0.30401757,0.55158067,1.8143051,0.07710982672870159,-1.0058283805847168e-07,0
0.013296225,0.016305603,0.024790125,36.235424,28.35173,0.07125361,0.01329659,0.016311208,0.024790773,36.235428,28.375807,0.08176808139043196,0.006575462641194463,0.002672182515002548,0.01953325094655156,36.047846112932476,28.277023724147252,0.6577459,1.2263333,1.8644483,0.07710982672870159,-1.0058283805847168e-07,0
0.012590349,0.017928474,0.024517922,36.33756,28.130539,0.07047883,0.01259086,0.017934043,0.02451872,36.337708,28.152218,0.08176808139043196,0.006575462641194463,0.002672182515002548,0.01953325094655156,36.047846112932476,28.277023724147252,0.73123956,1.4239855,1.9473585,0.07710982672870159,-1.0058283805847168e-07,0
0.012273111,0.01470821,0.024305474,36.38894,28.056293,0.07065354,0.012273574,0.014712849,0.024306146,36.38948,28.078947,0.08176808139043196,0.006575462641194463,0.002672182515002548,0.01953325094655156,36.047846112932476,28.277023724147252,0.6051398,1.1984092,1.980384,0.07710982672870159,-1.0058283805847168e-07,0
0.012653138,0.011739431,0.025100559,36.379074,28.058626,0.07243509,0.012653639,0.011744115,0.025101218,36.379646,28.084652,0.08176808139043196,0.006575462641194463,0.002672182515002548,0.01953325094655156,36.047846112932476,28.277023724147252,0.467696,0.92778814,1.9837419,0.07710982672870159,-1.0058283805847168e-07,0
0.0127126435,0.007368529,0.025851306,36.348743,28.111673,0.07459746,0.012713007,0.0073719346,0.025851766,36.34876,28.143808,0.08176808139043196,0.006575462641194463,0.002672182515002548,0.01953325094655156,36.047846112932476,28.277023724147252,0.2850351,0.5796221,2.0335114,0.07710982672870159,-1.0058283805847168e-07,0
0.011220165,0.0017639159,0.024957925,36.318222,28.169662,0.07474776,0.011220289,0.0017652587,0.02495812,36.318317,28.209188,0.08176808139043196,0.006575462641194463,0.002672182515002548,0.01953325094655156,36.047846112932476,28.277023724147252,0.07067558,0.15720944,2.2243814,0.07710982672870159,-1.0058283805847168e-07,0
0.009279236,0.00043118082,0.022611463,36.32231,28.162489,0.072145715,0.009279228,0.0004331986,0.022611467,36.324833,28.247131,0.08176808139043196,0.006575462641194463,0.002672182515002548,0.01953325094655156,36.047846112932476,28.277023724147252,0.019069124,0.046467274,2.4367807,0.07710982672870159,-1.0058283805847168e-07,0
0.008383055,0.000925148,0.021306997,36.31084,28.200296,0.07050201,0.008383076,0.00092727673,0.021307027,36.313576,28.297472,0.08176808139043196,0.006575462641194463,0.002672182515002548,0.01953325094655156,36.047846112932476,28.277023724147252,0.043419916,0.11035929,2.5416744,0.07710982672870159,-1.0058283805847168e-07,0
0.006824635,0.0026034196,0.019682031,36.05581,28.278603,0.079556435,0.006683475,0.0025894174,0.019653384,36.054512,28.282074,0.08176808139043196,0.006575462641194463,0.002672182515002548,0.01953325094655156,36.047846112932476,28.277023724147252,0.18192855,0.54143393,2.7755547,0.07710982672870159,-1.0058283805847168e-07,0
0.006824635,0.0026034196,0.019682031,36.05581,28.278603,0.079556435,0.006683475,0.0025894174,0.019653384,36.054512,28.282074,0.08176808139043196,0.006575462641194463,0.002672182515002548,0.01953325094655156,36.047846112932476,28.277023724147252,0.18192855,0.54143393,2.7755547,0.07710982672870159,-1.0058283805847168e-07,0
0.006824635,0.0026034196,0.019682031,36.05581,28.278603,0.079556435,0.006683475,0.0025894174,0.019653384,36.054512,28.282074,0.08176808139043196,0.006575462641194463,0.002672182515002548,0.01953325094655156,36.047846112932476,28.277023724147252,0.18192855,0.54143393,2.7755547,0.07710982672870159,-1.0058283805847168e-07,0
0.006824635,0.0026034196,0.019682031,36.05581,28.278603,0.079556435,0.006683475,0.0025894174,0.019653384,36.054512,28.282074,0.08176808139043196,0.006575462641194463,0.002672182515002548,0.01953325094655156,36.047846112932476,28.277023724147252,0.18192855,0.54143393,2.7755547,0.07710982672870159,-1.0058283805847168e-07,0
0.03221726,0.09963656,0.04627375,36.050217,28.813612,0.0890572,0.032217495,0.09964146,0.04627418,36.049835,28.826855,0.08176808139043196,0.006575462641194463,0.002672182515002548,0.01953325094655156,36.047846112932476,28.277023724147252,2.1531985,3.0926454,1.436303,0.07710982672870159,-1.0058283805847168e-07,0
0.03226609,0.14299878,0.05071974,35.96434,28.368351,0.08966786,0.032267854,0.14301932,0.05072283,35.95386,28.394493,0.08176808139043196,0.006575462641194463,0.002672182515002548,0.01953325094655156,36.047846112932476,28.277023724147252,2.819391,4.4318595,1.5719209,0.07710982672870159,-1.0058283805847168e-07,0
0.031341925,0.15793657,0.051876817,36.071056,28.21866,0.089463204,0.03134386,0.15796563,0.051880836,36.046265,28.234276,0.08176808139043196,0.006575462641194463,0.002672182515002548,0.01953325094655156,36.047846112932476,28.277023724147252,3.0444539,5.0391474,1.6551893,0.07710982672870159,-1.0058283805847168e-07,0
0.030421918,0.1354396,0.049676567,36.187584,28.200418,0.089803375,0.030423509,0.1354587,0.04967932,36.17927,28.23432,0.08176808139043196,0.006575462641194463,0.002672182515002548,0.01953325094655156,36.047846112932476,28.277023724147252,2.7264285,4.45204,1.6329203,0.07710982672870159,-1.0058283805847168e-07,0
0.02896206,0.09855164,0.046180137,36.214516,28.234324,0.09038766,0.028963389,0.09856449,0.04618207,36.207443,28.273296,0.08176808139043196,0.006575462641194463,0.002672182515002548,0.01953325094655156,36.047846112932476,28.277023724147252,2.13407,3.402784,1.5945045,0.07710982672870159,-1.0058283805847168e-07,0
0.02458053,0.050761946,0.04012647,36.23391,28.289896,0.088818535,0.024581134,0.05076623,0.040127132,36.233234,28.326674,0.08176808139043196,0.006575462641194463,0.002672182515002548,0.01953325094655156,36.047846112932476,28.277023724147252,1.2650489,2.065128,1.6324493,0.07710982672870159,-1.0058283805847168e-07,0
0.016979866,0.011359471,0.032549948,36.266327,28.239958,0.08391971,0.016979914,0.011360586,0.03255,36.269302,28.308533,0.08176808139043196,0.006575462641194463,0.002672182515002548,0.01953325094655156,36.047846112932476,28.277023724147252,0.34898585,0.6689965,1.9169732,0.07710982672870159,-1.0058283805847168e-07,0
0.006824635,0.0026034196,0.019682031,36.05581,28.278603,0.079556435,0.006683475,0.0025894174,0.019653384,36.054512,28.282074,0.08176808139043196,0.006575462641194463,0.002672182515002548,0.01953325094655156,36.047846112932476,28.277023724147252,0.18192855,0.54143393,2.7755547,0.07710982672870159,-1.0058283805847168e-07,0
0.006824635,0.0026034196,0.019682031,36.05581,28.278603,0.079556435,0.006683475,0.0025894174,0.019653384,36.054512,28.282074,0.08176808139043196,0.006575462641194463,0.002672182515002548,0.01953325094655156,36.047846112932476,28.277023724147252,0.18192855,0.54143393,2.7755547,0.07710982672870159,-1.0058283805847168e-07,0
0.006824635,0.0026034196,0.019682031,36.05581,28.278603,0.079556435,0.006683475,0.0025894174,0.019653384,36.054512,28.282074,0.08176808139043196,0.006575462641194463,0.002672182515002548,0.01953325094655156,36.047846112932476,28.277023724147252,0.18192855,0.54143393,2.7755547,0.07710982672870159,-1.0058283805847168e-07,0
0.006824635,0.0026034196,0.019682031,36.05581,28.278603,0.079556435,0.006683475,0.0025894174,0.019653384,36.054512,28.282074,0.08176808139043196,0.006575462641194463,0.002672182515002548,0.01953325094655156,36.047846112932476,28.277023724147252,0.18192855,0.54143393,2.7755547,0.07710982672870159,-1.0058283805847168e-07,0
0.006824635,0.0026034196,0.019682031,36.05581,28.278603,0.079556435,0.006683475,0.0025894174,0.019653384,36.054512,28.282074,0.08176808139043196,0.006575462641194463,0.002672182515002548,0.01953325094655156,36.047846112932476,28.277023724147252,0.18192855,0.54143393,2.7755547,0.07710982672870159,-1.0058283805847168e-07,0
0.006824635,0.0026034196,0.019682031,36.05581,28.278603,0.079556435,0.006683475,0.0025894174,0.019653384,36.054512,28.282074,0.08176808139043196,0.006575462641194463,0.002672182515002548,0.01953325094655156,36.047846112932476,28.277023724147252,0.18192855,0.54143393,2.7755547,0.07710982672870159,-1.0058283805847168e-07,0
0.052059513,0.27626753,0.07660518,35.921722,28.858244,0.10724416,0.05205938,0.27627054,0.07660522,35.918564,28.892895,0.08176808139043196,0.006575462641194463,0.002672182515002548,0.01953325094655156,36.047846112932476,28.277023724147252,3.606382,5.3067636,1.4714924,0.07710982672870159,-1.0058283805847168e-07,0
0.056337766,0.46211547,0.09885539,35.584774,28.467642,0.11370506,0.056340143,0.46215835,0.098861255,35.409008,28.451918,0.08176808139043196,0.006575462641194463,0.002672182515002548,0.01953325094655156,36.047846112932476,28.277023724147252,4.674661,8.202588,1.7546914,0.07710982672870159,-1.0058283805847168e-07,0
0.05663455,0.5283859,0.1062665,35.662216,28.448652,0.11538706,0.056637216,0.5284578,0.10627556,35.186455,28.318056,0.08176808139043196,0.006575462641194463,0.002672182515002548,0.01953325094655156,36.047846112932476,28.277023724147252,4.9722714,9.329744,1.8763546,0.07710982672870159,-1.0058283805847168e-07,0
0.055443093,0.4381157,0.096900396,35.799065,28.485153,0.115394406,0.055445287,0.43815202,0.09690543,35.587795,28.407745,0.08176808139043196,0.006575462641194463,0.002672182515002548,0.01953325094655156,36.047846112932476,28.277023724147252,4.5212994,7.9020786,1.7477452,0.07710982672870159,-1.0058283805847168e-07,0
0.05193845,0.31029326,0.08250324,35.941605,28.465178,0.113287605,0.051940143,0.3103133,0.08250622,35.91495,28.489891,0.08176808139043196,0.006575462641194463,0.002672182515002548,0.01953325094655156,36.047846112932476,28.277023724147252,3.7609828,5.9742494,1.5884808,0.07710982672870159,-1.0058283805847168e-07,0
0.04325996,0.16004102,0.06271738,36.15668,28.395773,0.106135055,0.043260526,0.16004403,0.06271786,36.160007,28.4674,0.08176808139043196,0.006575462641194463,0.002672182515002548,0.01953325094655156,36.047846112932476,28.277023724147252,2.5517812,3.6995184,1.4497789,0.07710982672870159,-1.0058283805847168e-07,0
0.006824635,0.0026034196,0.019682031,36.05581,28.278603,0.079556435,0.006683475,0.0025894174,0.019653384,36.054512,28.282074,0.08176808139043196,0.006575462641194463,0.002672182515002548,0.01953325094655156,36.047846112932476,28.277023724147252,0.18192855,0.54143393,2.7755547,0.07710982672870159,-1.0058283805847168e-07,0
0.006824635,0.0026034196,0.019682031,36.05581,28.278603,0.079556435,0.006683475,0.0025894174,0.019653384,36.054512,28.282074,0.08176808139043196,0.006575462641194463,0.002672182515002548,0.01953325094655156,36.047846112932476,28.277023724147252,0.18192855,0.54143393,2.7755547,0.07710982672870159,-1.0058283805847168e-07,0
0.006824635,0.0026034196,0.019682031,36.05581,28.278603,0.079556435,0.006683475,0.0025894174,0.019653384,36.054512,28.282074,0.08176808139043196,0.006575462641194463,0.002672182515002548,0.01953325094655156,36.047846112932476,28.277023724147252,0.18192855,0.54143393,2.7755547,0.07710982672870159,-1.0058283805847168e-07,0
0.006824635,0.0026034196,0.019682031,36.05581,28.278603,0.079556435,0.006683475,0.0025894174,0.019653384,36.054512,28.282074,0.08176808139043196,0.006575462641194463,0.002672182515002548,0.01953325094655156,36.047846112932476,28.277023724147252,0.18192855,0.54143393,2.7755547,0.07710982672870159,-1.0058283805847168e-07,0
0.006824635,0.0026034196,0.019682031,36.05581,28.278603,0.079556435,0.006683475,0.0025894174,0.019653384,36.054512,28.282074,0.08176808139043196,0.006575462641194463,0.002672182515002548,0.01953325094655156,36.047846112932476,28.277023724147252,0.18192855,0.54143393,2.7755547,0.07710982672870159,-1.0058283805847168e-07,0
0.006824635,0.0026034196,0.019682031,36.05581,28.278603,0.079556435,0.006683475,0.0025894174,0.019653384,36.054512,28.282074,0.08176808139043196,0.006575462641194463,0.002672182515002548,0.01953325094655156,36.047846112932476,28.277023724147252,0.18192855,0.54143393,2.7755547,0.07710982672870159,-1.0058283805847168e-07,0
0.006824635,0.0026034196,0.019682031,36.05581,28.278603,0.079556435,0.006683475,0.0025894174,0.019653384,36.054512,28.282074,0.08176808139043196,0.006575462641194463,0.002672182515002548,0.01953325094655156,36.047846112932476,28.277023724147252,0.18192855,0.54143393,2.7755547,0.07710982672870159,-1.0058283805847168e-07,0
0.006824635,0.0026034196,0.019682031,36.05581,28.278603,0.079556435,0.006683475,0.0025894174,0.019653384,36.054512,28.282074,0.08176808139043196,0.006575462641194463,0.002672182515002548,0.01953325094655156,36.047846112932476,28.277023724147252,0.18192855,0.54143393,2.7755547,0.07710982672870159,-1.0058283805847168e-07,0
0.07737254,1.024885,0.17071372,35.43667,28.773258,0.13815187,0.077373445,1.0249307,0.17071913,34.753445,28.408092,0.08176808139043196,0.006575462641194463,0.002672182515002548,0.01953325094655156,36.047846112932476,28.277023724147252,6.0035305,13.246108,2.2063863,0.07710982672870159,-1.0058283805847168e-07,0
0.076538436,1.1367564,0.18182914,35.773533,28.88208,0.13790806,0.07653894,1.1379355,0.1819497,34.18077,28.542309,0.08176808139043196,0.006575462641194463,0.002672182515002548,0.01953325094655156,36.047846112932476,28.277023724147252,6.2517834,14.852098,2.3756578,0.07710982672870159,-1.0058283805847168e-07,0
0.07516636,0.8582484,0.15271047,35.80279,28.809025,0.13678183,0.07516766,0.8582925,0.1527159,35.04977,28.584251,0.08176808139043196,0.006575462641194463,0.002672182515002548,0.01953325094655156,36.047846112932476,28.277023724147252,5.620102,11.417986,2.0316331,0.07710982672870159,-1.0058283805847168e-07,0
0.073605165,0.65102667,0.13074316,35.751915,28.611662,0.13530113,0.07360631,0.65104663,0.1307459,35.62764,28.612295,0.08176808139043196,0.006575462641194463,0.002672182515002548,0.01953325094655156,36.047846112932476,28.277023724147252,4.979432,8.844851,1.776277,0.07710982672870159,-1.0058283805847168e-07,0
0.006824635,0.0026034196,0.019682031,36.05581,28.278603,0.079556435,0.006683475,0.0025894174,0.019653384,36.054512,28.282074,0.08176808139043196,0.006575462641194463,0.002672182515002548,0.01953325094655156,36.047846112932476,28.277023724147252,0.18192855,0.54143393,2.7755547,0.07710982672870159,-1.0058283805847168e-07,0
0.006824635,0.0026034196,0.019682031,36.05581,28.278603,0.079556435,0.006683475,0.0025894174,0.019653384,36.054512,28.282074,0.08176808139043196,0.006575462641194463,0.002672182515002548,0.01953325094655156,36.047846112932476,28.277023724147252,0.18192855,0.54143393,2.7755547,0.07710982672870159,-1.0058283805847168e-07,0
0.006824635,0.0026034196,0.019682031,36.05581,28.278603,0.079556435,0.006683475,0.0025894174,0.019653384,36.054512,28.282074,0.08176808139043196,0.006575462641194463,0.002672182515002548,0.01953325094655156,36.047846112932476,28.277023724147252,0.18192855,0.54143393,2.7755547,0.07710982672870159,-1.0058283805847168e-07,0
0.006824635,0.0026034196,0.019682031,36.05581,28.278603,0.079556435,0.006683475,0.0025894174,0.019653384,36.054512,28.282074,0.08176808139043196,0.006575462641194463,0.002672182515002548,0.01953325094655156,36.047846112932476,28.277023724147252,0.18192855,0.54143393,2.7755547,0.07710982672870159,-1.0058283805847168e-07,0
0.006824635,0.0026034196,0.019682031,36.05581,28.278603,0.079556435,0.006683475,0.0025894174,0.019653384,36.054512,28.282074,0.08176808139043196,0.006575462641194463,0.002672182515002548,0.01953325094655156,36.047846112932476,28.277023724147252,0.18192855,0.54143393,2.7755547,0.07710982672870159,-1.0058283805847168e-07,0
0.006824635,0.0026034196,0.019682031,36.05581,28.278603,0.079556435,0.006683475,0.0025894174,0.019653384,36.054512,28.282074,0.08176808139043196,0.006575462641194463,0.002672182515002548,0.01953325094655156,36.047846112932476,28.277023724147252,0.18192855,0.54143393,2.7755547,0.07710982672870159,-1.0058283805847168e-07,0
0.006824635,0.0026034196,0.019682031,36.05581,28.278603,0.079556435,0.006683475,0.0025894174,0.019653384,36.054512,28.282074,0.08176808139043196,0.006575462641194463,0.002672182515002548,0.01953325094655156,36.047846112932476,28.277023724147252,0.18192855,0.54143393,2.7755547,0.07710982672870159,-1.0058283805847168e-07,0
0.006824635,0.0026034196,0.019682031,36.05581,28.278603,0.079556435,0.006683475,0.0025894174,0.019653384,36.054512,28.282074,0.08176808139043196,0.006575462641194463,0.002672182515002548,0.01953325094655156,36.047846112932476,28.277023724147252,0.18192855,0.54143393,2.7755547,0.07710982672870159,-1.0058283805847168e-07,0
0.006824635,0.0026034196,0.019682031,36.05581,28.278603,0.079556435,0.006683475,0.0025894174,0.019653384,36.054512,28.282074,0.08176808139043196,0.006575462641194463,0.002672182515002548,0.01953325094655156,36.047846112932476,28.277023724147252,0.18192855,0.54143393,2.7755547,0.07710982672870159,-1.0058283805847168e-07,0
0.006824635,0.0026034196,0.019682031,36.05581,28.278603,0.079556435,0.006683475,0.0025894174,0.019653384,36.054512,28.282074,0.08176808139043196,0.006575462641194463,0.002672182515002548,0.01953325094655156,36.047846112932476,28.277023724147252,0.18192855,0.54143393,2.7755547,0.07710982672870159,-1.0058283805847168e-07,0
0.006824635,0.0026034196,0.019682031,36.05581,28.278603,0.079556435,0.006683475,0.0025894174,0.019653384,36.054512,28.282074,0.08176808139043196,0.006575462641194463,0.002672182515002548,0.01953325094655156,36.047846112932476,28.277023724147252,0.18192855,0.54143393,2.7755547,0.07710982672870159,-1.0058283805847168e-07,0
0.006824635,0.0026034196,0.019682031,36.05581,28.278603,0.079556435,0.006683475,0.0025894174,0.019653384,36.054512,28.282074,0.08176808139043196,0.006575462641194463,0.002672182515002548,0.01953325094655156,36.047846112932476,28.277023724147252,0.18192855,0.54143393,2.7755547,0.07710982672870159,-1.0058283805847168e-07,0
0.006824635,0.0026034196,0.019682031,36.05581,28.278603,0.079556435,0.006683475,0.0025894174,0.019653384,36.054512,28.282074,0.08176808139043196,0.006575462641194463,0.002672182515002548,0.01953325094655156,36.047846112932476,28.277023724147252,0.18192855,0.54143393,2.7755547,0.07710982672870159,-1.0058283805847168e-07,0
0.006824635,0.0026034196,0.019682031,36.05581,28.278603,0.079556435,0.006683475,0.0025894174,0.019653384,36.054512,28.282074,0.08176808139043196,0.006575462641194463,0.002672182515002548,0.01953325094655156,36.047846112932476,28.277023724147252,0.18192855,0.54143393,2.7755547,0.07710982672870159,-1.0058283805847168e-07,0
0.006824635,0.0026034196,0.019682031,36.05581,28.278603,0.079556435,0.006683475,0.0025894174,0.019653384,36.054512,28.282074,0.08176808139043196,0.006575462641194463,0.002672182515002548,0.01953325094655156,36.047846112932476,28.277023724147252,0.18192855,0.54143393,2.7755547,0.07710982672870159,-1.0058283805847168e-07,0
0.006824635,0.0026034196,0.019682031,36.05581,28.278603,0.079556435,0.006683475,0.0025894174,0.019653384,36.054512,28.282074,0.08176808139043196,0.006575462641194463,0.002672182515002548,0.01953325094655156,36.047846112932476,28.277023724147252,0.18192855,0.54143393,2.7755547,0.07710982672870159,-1.0058283805847168e-07,0
0.006824635,0.0026034196,0.019682031,36.05581,28.278603,0.079556435,0.006683475,0.0025894174,0.019653384,36.054512,28.282074,0.08176808139043196,0.006575462641194463,0.002672182515002548,0.01953325094655156,36.047846112932476,28.277023724147252,0.18192855,0.54143393,2.7755547,0.07710982672870159,-1.0058283805847168e-07,0
0.006824635,0.0026034196,0.019682031,36.05581,28.278603,0.079556435,0.006683475,0.0025894174,0.019653384,36.054512,28.282074,0.08176808139043196,0.006575462641194463,0.002672182515002548,0.01953325094655156,36.047846112932476,28.277023724147252,0.18192855,0.54143393,2.7755547,0.07710982672870159,-1.0058283805847168e-07,0
0.006824635,0.0026034196,0.019682031,36.05581,28.278603,0.079556435,0.006683475,0.0025894174,0.019653384,36.054512,28.282074,0.08176808139043196,0.006575462641194463,0.002672182515002548,0.01953325094655156,36.047846112932476,28.277023724147252,0.18192855,0.54143393,2.7755547,0.07710982672870159,-1.0058283805847168e-07,0
0.006824635,0.0026034196,0.019682031,36.05581,28.278603,0.079556435,0.006683475,0.0025894174,0.019653384,36.054512,28.282074,0.08176808139043196,0.006575462641194463,0.002672182515002548,0.01953325094655156,36.047846112932476,28.277023724147252,0.18192855,0.54143393,2.7755547,0.07710982672870159,-1.0058283805847168e-07,0
0.006824635,0.0026034196,0.019682031,36.05581,28.278603,0.079556435,0.006683475,0.0025894174,0.019653384,36.054512,28.282074,0.08176808139043196,0.006575462641194463,0.002672182515002548,0.01953325094655156,36.047846112932476,28.277023724147252,0.18192855,0.54143393,2.7755547,0.07710982672870159,-1.0058283805847168e-07,0
0.006824635,0.0026034196,0.019682031,36.05581,28.278603,0.079556435,0.006683475,0.0025894174,0.019653384,36.054512,28.282074,0.08176808139043196,0.006575462641194463,0.002672182515002548,0.01953325094655156,36.047846112932476,28.277023724147252,0.18192855,0.54143393,2.7755547,0.07710982672870159,-1.0058283805847168e-07,0
0.006824635,0.0026034196,0.019682031,36.05581,28.278603,0.079556435,0.006683475,0.0025894174,0.019653384,36.054512,28.282074,0.08176808139043196,0.006575462641194463,0.002672182515002548,0.01953325094655156,36.047846112932476,28.277023724147252,0.18192855,0.54143393,2.7755547,0.07710982672870159,-1.0058283805847168e-07,0
0.006824635,0.0026034196,0.019682031,36.05581,28.278603,0.079556435,0.006683475,0.0025894174,0.019653384,36.054512,28.282074,0.08176808139043196,0.006575462641194463,0.002672182515002548,0.01953325094655156,36.047846112932476,28.277023724147252,0.18192855,0.54143393,2.7755547,0.07710982672870159,-1.0058283805847168e-07,0
0.006824635,0.0026034196,0.019682031,36.05581,28.278603,0.079556435,0.006683475,0.0025894174,0.019653384,36.054512,28.282074,0.08176808139043196,0.006575462641194463,0.002672182515002548,0.01953325094655156,36.047846112932476,28.277023724147252,0.18192855,0.54143393,2.7755547,0.07710982672870159,-1.0058283805847168e-07,0
0.006824635,0.0026034196,0.019682031,36.05581,28.278603,0.079556435,0.006683475,0.0025894174,0.019653384,36.054512,28.282074,0.08176808139043196,0.006575462641194463,0.002672182515002548,0.01953325094655156,36.047846112932476,28.277023724147252,0.18192855,0.54143393,2.7755547,0.07710982672870159,-1.0058283805847168e-07,0
0.006824635,0.0026034196,0.019682031,36.05581,28.278603,0.079556435,0.006683475,0.0025894174,0.019653384,36.054512,28.282074,0.08176808139043196,0.006575462641194463,0.002672182515002548,0.01953325094655156,36.047846112932476,28.277023724147252,0.18192855,0.54143393,2.7755547,0.07710982672870159,-1.0058283805847168e-07,0
0.006824635,0.0026034196,0.019682031,36.05581,28.278603,0.079556435,0.006683475,0.0025894174,0.019653384,36.054512,28.282074,0.08176808139043196,0.006575462641194463,0.002672182515002548,0.01953325094655156,36.047846112932476,28.277023724147252,0.18192855,0.54143393,2.7755547,0.07710982672870159,-1.0058283805847168e-07,0
0.006824635,0.0026034196,0.019682031,36.05581,28.278603,0.079556435,0.006683475,0.0025894174,0.019653384,36.054512,28.282074,0.08176808139043196,0.006575462641194463,0.002672182515002548,0.01953325094655156,36.047846112932476,28.277023724147252,0.18192855,0.54143393,2.7755547,0.07710982672870159,-1.0058283805847168e-07,0
0.006824635,0.0026034196,0.019682031,36.05581,28.278603,0.079556435,0.006683475,0.0025894174,0.019653384,36.054512,28.282074,0.08176808139043196,0.006575462641194463,0.002672182515002548,0.01953325094655156,36.047846112932476,28.277023724147252,0.18192855,0.54143393,2.7755547,0.07710982672870159,-1.0058283805847168e-07,0
0.006824635,0.0026034196,0.019682031,36.05581,28.278603,0.079556435,0.006683475,0.0025894174,0.019653384,36.054512,28.282074,0.08176808139043196,0.006575462641194463,0.002672182515002548,0.01953325094655156,36.047846112932476,28.277023724147252,0.18192855,0.54143393,2.7755547,0.07710982672870159,-1.0058283805847168e-07,0
0.006824635,0.0026034196,0.019682031,36.05581,28.278603,0.079556435,0.006683475,0.0025894174,0.019653384,36.054512,28.282074,0.08176808139043196,0.006575462641194463,0.002672182515002548,0.01953325094655156,36.047846112932476,28.277023724147252,0.18192855,0.54143393,2.7755547,0.07710982672870159,-1.0058283805847168e-07,0
0.006824635,0.0026034196,0.019682031,36.05581,28.278603,0.079556435,0.006683475,0.0025894174,0.019653384,36.054512,28.282074,0.08176808139043196,0.006575462641194463,0.002672182515002548,0.01953325094655156,36.047846112932476,28.277023724147252,0.18192855,0.54143393,2.7755547,0.07710982672870159,-1.0058283805847168e-07,0
0.006824635,0.0026034196,0.019682031,36.05581,28.278603,0.079556435,0.006683475,0.0025894174,0.019653384,36.054512,28.282074,0.08176808139043196,0.006575462641194463,0.002672182515002548,0.01953325094655156,36.047846112932476,28.277023724147252,0.18192855,0.54143393,2.7755547,0.07710982672870159,-1.0058283805847168e-07,0
0.006824635,0.0026034196,0.019682031,36.05581,28.278603,0.079556435,0.006683475,0.0025894174,0.019653384,36.054512,28.282074,0.08176808139043196,0.006575462641194463,0.002672182515002548,0.01953325094655156,36.047846112932476,28.277023724147252,0.18192855,0.54143393,2.7755547,0.07710982672870159,-1.0058283805847168e-07,0
0.006824635,0.0026034196,0.019682031,36.05581,28.278603,0.079556435,0.006683475,0.0025894174,0.019653384,36.054512,28.282074,0.08176808139043196,0.006575462641194463,0.002672182515002548,0.01953325094655156,36.047846112932476,28.277023724147252,0.18192855,0.54143393,2.7755547,0.07710982672870159,-1.0058283805847168e-07,0
0.006824635,0.0026034196,0.019682031,36.05581,28.278603,0.079556435,0.006683475,0.0025894174,0.019653384,36.054512,28.282074,0.08176808139043196,0.006575462641194463,0.002672182515002548,0.01953325094655156,36.047846112932476,28.277023724147252,0.18192855,0.54143393,2.7755547,0.07710982672870159,-1.0058283805847168e-07,0
0.006824635,0.0026034196,0.019682031,36.05581,28.278603,0.079556435,0.006683475,0.0025894174,0.019653384,36.054512,28.282074,0.08176808139043196,0.006575462641194463,0.002672182515002548,0.01953325094655156,36.047846112932476,28.277023724147252,0.18192855,0.54143393,2.7755547,0.07710982672870159,-1.0058283805847168e-07,0
0.006824635,0.0026034196,0.019682031,36.05581,28.278603,0.079556435,0.006683475,0.0025894174,0.019653384,36.054512,28.282074,0.08176808139043196,0.006575462641194463,0.002672182515002548,0.01953325094655156,36.047846112932476,28.277023724147252,0.18192855,0.54143393,2.7755547,0.07710982672870159,-1.0058283805847168e-07,0
0.006824635,0.0026034196,0.019682031,36.05581,28.278603,0.079556435,0.006683475,0.0025894174,0.019653384,36.054512,28.282074,0.08176808139043196,0.006575462641194463,0.002672182515002548,0.01953325094655156,36.047846112932476,28.277023724147252,0.18192855,0.54143393,2.7755547,0.07710982672870159,-1.0058283805847168e-07,0
0.006824635,0.0026034196,0.019682031,36.05581,28.278603,0.079556435,0.006683475,0.0025894174,0.019653384,36.054512,28.282074,0.08176808139043196,0.006575462641194463,0.002672182515002548,0.01953325094655156,36.047846112932476,28.277023724147252,0.18192855,0.54143393,2.7755547,0.07710982672870159,-1.0058283805847168e-07,0
0.006824635,0.0026034196,0.019682031,36.05581,28.278603,0.079556435,0.006683475,0.0025894174,0.019653384,36.054512,28.282074,0.08176808139043196,0.006575462641194463,0.002672182515002548,0.01953325094655156,36.047846112932476,28.277023724147252,0.18192855,0.54143393,2.7755547,0.07710982672870159,-1.0058283805847168e-07,0
0.006824635,0.0026034196,0.019682031,36.05581,28.278603,0.079556435,0.006683475,0.0025894174,0.019653384,36.054512,28.282074,0.08176808139043196,0.006575462641194463,0.002672182515002548,0.01953325094655156,36.047846112932476,28.277023724147252,0.18192855,0.54143393,2.7755547,0.07710982672870159,-1.0058283805847168e-07,0
0.006824635,0.0026034196,0.019682031,36.05581,28.278603,0.079556435,0.006683475,0.0025894174,0.019653384,36.054512,28.282074,0.08176808139043196,0.006575462641194463,0.002672182515002548,0.01953325094655156,36.047846112932476,28.277023724147252,0.18192855,0.54143393,2.7755547,0.07710982672870159,-1.0058283805847168e-07,0
0.006824635,0.0026034196,0.019682031,36.05581,28.278603,0.079556435,0.006683475,0.0025894174,0.019653384,36.054512,28.282074,0.08176808139043196,0.006575462641194463,0.002672182515002548,0.01953325094655156,36.047846112932476,28.277023724147252,0.18192855,0.54143393,2.7755547,0.07710982672870159,-1.0058283805847168e-07,0
0.006824635,0.0026034196,0.019682031,36.05581,28.278603,0.079556435,0.006683475,0.0025894174,0.019653384,36.054512,28.282074,0.08176808139043196,0.006575462641194463,0.002672182515002548,0.01953325094655156,36.047846112932476,28.277023724147252,0.18192855,0.54143393,2.7755547,0.07710982672870159,-1.0058283805847168e-07,0
0.006824635,0.0026034196,0.019682031,36.05581,28.278603,0.079556435,0.006683475,0.0025894174,0.019653384,36.054512,28.282074,0.08176808139043196,0.006575462641194463,0.002672182515002548,0.01953325094655156,36.047846112932476,28.277023724147252,0.18192855,0.54143393,2.7755547,0.07710982672870159,-1.0058283805847168e-07,0
0.006824635,0.0026034196,0.019682031,36.05581,28.278603,0.079556435,0.006683475,0.0025894174,0.019653384,36.054512,28.282074,0.08176808139043196,0.006575462641194463,0.002672182515002548,0.01953325094655156,36.047846112932476,28.277023724147252,0.18192855,0.54143393,2.7755547,0.07710982672870159,-1.0058283805847168e-07,0
0.006824635,0.0026034196,0.019682031,36.05581,28.278603,0.079556435,0.006683475,0.0025894174,0.019653384,36.054512,28.282074,0.08176808139043196,0.006575462641194463,0.002672182515002548,0.01953325094655156,36.047846112932476,28.277023724147252,0.18192855,0.54143393,2.7755547,0.07710982672870159,-1.0058283805847168e-07,0
0.006824635,0.0026034196,0.019682031,36.05581,28.278603,0.079556435,0.006683475,0.0025894174,0.019653384,36.054512,28.282074,0.08176808139043196,0.006575462641194463,0.002672182515002548,0.01953325094655156,36.047846112932476,28.277023724147252,0.18192855,0.54143393,2.7755547,0.07710982672870159,-1.0058283805847168e-07,0
0.006824635,0.0026034196,0.019682031,36.05581,28.278603,0.079556435,0.006683475,0.0025894174,0.019653384,36.054512,28.282074,0.08176808139043196,0.006575462641194463,0.002672182515002548,0.01953325094655156,36.047846112932476,28.277023724147252,0.18192855,0.54143393,2.7755547,0.07710982672870159,-1.0058283805847168e-07,0
0.006824635,0.0026034196,0.019682031,36.05581,28.278603,0.079556435,0.006683475,0.0025894174,0.019653384,36.054512,28.282074,0.08176808139043196,0.006575462641194463,0.002672182515002548,0.01953325094655156,36.047846112932476,28.277023724147252,0.18192855,0.54143393,2.7755547,0.07710982672870159,-1.0058283805847168e-07,0
0.006824635,0.0026034196,0.019682031,36.05581,28.278603,0.079556435,0.006683475,0.0025894174,0.019653384,36.054512,28.282074,0.08176808139043196,0.006575462641194463,0.002672182515002548,0.01953325094655156,36.047846112932476,28.277023724147252,0.18192855,0.54143393,2.7755547,0.07710982672870159,-1.0058283805847168e-07,0
0.006824635,0.0026034196,0.019682031,36.05581,28.278603,0.079556435,0.006683475,0.0025894174,0.019653384,36.054512,28.282074,0.08176808139043196,0.006575462641194463,0.002672182515002548,0.01953325094655156,36.047846112932476,28.277023724147252,0.18192855,0.54143393,2.7755547,0.07710982672870159,-1.0058283805847168e-07,0
0.006824635,0.0026034196,0.019682031,36.05581,28.278603,0.079556435,0.006683475,0.0025894174,0.019653384,36.054512,28.282074,0.08176808139043196,0.006575462641194463,0.002672182515002548,0.01953325094655156,36.047846112932476,28.277023724147252,0.18192855,0.54143393,2.7755547,0.07710982672870159,-1.0058283805847168e-07,0
0.006824635,0.0026034196,0.019682031,36.05581,28.278603,0.079556435,0.006683475,0.0025894174,0.019653384,36.054512,28.282074,0.08176808139043196,0.006575462641194463,0.002672182515002548,0.01953325094655156,36.047846112932476,28.277023724147252,0.18192855,0.54143393,2.7755547,0.07710982672870159,-1.0058283805847168e-07,0
0.006824635,0.0026034196,0.019682031,36.05581,28.278603,0.079556435,0.006683475,0.0025894174,0.019653384,36.054512,28.282074,0.08176808139043196,0.006575462641194463,0.002672182515002548,0.01953325094655156,36.047846112932476,28.277023724147252,0.18192855,0.54143393,2.7755547,0.07710982672870159,-1.0058283805847168e-07,0
0.006824635,0.0026034196,0.019682031,36.05581,28.278603,0.079556435,0.006683475,0.0025894174,0.019653384,36.054512,28.282074,0.08176808139043196,0.006575462641194463,0.002672182515002548,0.01953325094655156,36.047846112932476,28.277023724147252,0.18192855,0.54143393,2.7755547,0.07710982672870159,-1.0058283805847168e-07,0
0.006824635,0.0026034196,0.019682031,36.05581,28.278603,0.079556435,0.006683475,0.0025894174,0.019653384,36.054512,28.282074,0.08176808139043196,0.006575462641194463,0.002672182515002548,0.01953325094655156,36.047846112932476,28.277023724147252,0.18192855,0.54143393,2.7755547,0.07710982672870159,-1.0058283805847168e-07,0
0.006824635,0.0026034196,0.019682031,36.05581,28.278603,0.079556435,0.006683475,0.0025894174,0.019653384,36.054512,28.282074,0.08176808139043196,0.006575462641194463,0.002672182515002548,0.01953325094655156,36.047846112932476,28.277023724147252,0.18192855,0.54143393,2.7755547,0.07710982672870159,-1.0058283805847168e-07,0
0.006824635,0.0026034196,0.019682031,36.05581,28.278603,0.079556435,0.006683475,0.0025894174,0.019653384,36.054512,28.282074,0.08176808139043196,0.006575462641194463,0.002672182515002548,0.01953325094655156,36.047846112932476,28.277023724147252,0.18192855,0.54143393,2.7755547,0.07710982672870159,-1.0058283805847168e-07,0
0.006824635,0.0026034196,0.019682031,36.05581,28.278603,0.079556435,0.006683475,0.0025894174,0.019653384,36.054512,28.282074,0.08176808139043196,0.006575462641194463,0.002672182515002548,0.01953325094655156,36.047846112932476,28.277023724147252,0.18192855,0.54143393,2.7755547,0.07710982672870159,-1.0058283805847168e-07,0
0.006824635,0.0026034196,0.019682031,36.05581,28.278603,0.079556435,0.006683475,0.0025894174,0.019653384,36.054512,28.282074,0.08176808139043196,0.006575462641194463,0.002672182515002548,0.01953325094655156,36.047846112932476,28.277023724147252,0.18192855,0.54143393,2.7755547,0.07710982672870159,-1.0058283805847168e-07,0
0.006824635,0.0026034196,0.019682031,36.05581,28.278603,0.079556435,0.006683475,0.0025894174,0.019653384,36.054512,28.282074,0.08176808139043196,0.006575462641194463,0.002672182515002548,0.01953325094655156,36.047846112932476,28.277023724147252,0.18192855,0.54143393,2.7755547,0.07710982672870159,-1.0058283805847168e-07,0
0.006824635,0.0026034196,0.019682031,36.05581,28.278603,0.079556435,0.006683475,0.0025894174,0.019653384,36.054512,28.282074,0.08176808139043196,0.006575462641194463,0.002672182515002548,0.01953325094655156,36.047846112932476,28.277023724147252,0.18192855,0.54143393,2.7755547,0.07710982672870159,-1.0058283805847168e-07,0
0.006824635,0.0026034196,0.019682031,36.05581,28.278603,0.079556435,0.006683475,0.0025894174,0.019653384,36.054512,28.282074,0.08176808139043196,0.006575462641194463,0.002672182515002548,0.01953325094655156,36.047846112932476,28.277023724147252,0.18192855,0.54143393,2.7755547,0.07710982672870159,-1.0058283805847168e-07,0
0.006824635,0.0026034196,0.019682031,36.05581,28.278603,0.079556435,0.006683475,0.0025894174,0.019653384,36.054512,28.282074,0.08176808139043196,0.006575462641194463,0.002672182515002548,0.01953325094655156,36.047846112932476,28.277023724147252,0.18192855,0.54143393,2.7755547,0.07710982672870159,-1.0058283805847168e-07,0
0.006824635,0.0026034196,0.019682031,36.05581,28.278603,0.079556435,0.006683475,0.0025894174,0.019653384,36.054512,28.282074,0.08176808139043196,0.006575462641194463,0.002672182515002548,0.01953325094655156,36.047846112932476,28.277023724147252,0.18192855,0.54143393,2.7755547,0.07710982672870159,-1.0058283805847168e-07,0
0.006824635,0.0026034196,0.019682031,36.05581,28.278603,0.079556435,0.006683475,0.0025894174,0.019653384,36.054512,28.282074,0.08176808139043196,0.006575462641194463,0.002672182515002548,0.01953325094655156,36.047846112932476,28.277023724147252,0.18192855,0.54143393,2.7755547,0.07710982672870159,-1.0058283805847168e-07,0
0.006824635,0.0026034196,0.019682031,36.05581,28.278603,0.079556435,0.006683475,0.0025894174,0.019653384,36.054512,28.282074,0.08176808139043196,0.006575462641194463,0.002672182515002548,0.01953325094655156,36.047846112932476,28.277023724147252,0.18192855,0.54143393,2.7755547,0.07710982672870159,-1.0058283805847168e-07,0
