nh4,no3,po4,so,thetao,chl_t-1,nh4_t-1,no3_t-1,po4_t-1,so_t-1,thetao_t-1,chl_7day_avg,nh4_7day_avg,no3_7day_avg,po4_7day_avg,so_7day_avg,thetao_7day_avg,n_p_ratio,n_nh4_ratio,p_nh4_ratio,chl_monthly_median,chl_anomaly,bloom_proxy_label
0.0065527684,0.0023256377,0.028145548,36.496284,27.096096,0.078786306,0.006561622,0.0023173373,0.028345387,36.499878,27.082485,0.08028330494250571,0.007201884474073137,0.002370552010168987,0.029819930704044442,36.49265234810966,27.046933719090053,0.17294165,0.54422855,3.0429182,0.07651373744010925,-0.005700387060642242,0
0.0065527684,0.0023256377,0.028145548,36.496284,27.096096,0.078786306,0.006561622,0.0023173373,0.028345387,36.499878,27.082485,0.08028330494250571,0.007201884474073137,0.002370552010168987,0.029819930704044442,36.49265234810966,27.046933719090053,0.17294165,0.54422855,3.0429182,0.07651373744010925,-0.005700387060642242,0
0.0065527684,0.0023256377,0.028145548,36.496284,27.096096,0.078786306,0.006561622,0.0023173373,0.028345387,36.499878,27.082485,0.08028330494250571,0.007201884474073137,0.002370552010168987,0.029819930704044442,36.49265234810966,27.046933719090053,0.17294165,0.54422855,3.0429182,0.07651373744010925,-0.005700387060642242,0
0.006543929,0.0016234356,0.019893343,36.490143,27.440718,0.059860695,0.00805314,0.0018027397,0.026248457,36.601555,27.182472,0.08028330494250571,0.007201884474073137,0.002370552010168987,0.029819930704044442,36.49265234810966,27.046933719090053,0.081606984,0.2480827,3.0399692,0.07651373744010925,-0.005700387060642242,0
0.005476996,0.0017073936,0.016037276,36.264698,27.422262,0.05515637,0.0069288854,0.0017940839,0.022188231,36.54526,27.13409,0.08028330494250571,0.007201884474073137,0.002370552010168987,0.029819930704044442,36.49265234810966,27.046933719090053,0.106464066,0.31173906,2.9281154,0.07651373744010925,-0.005700387060642242,0
0.004352946,0.0021128615,0.011451141,36.096714,27.503437,0.048526917,0.005477311,0.0020341051,0.016575946,36.47971,27.182573,0.08028330494250571,0.007201884474073137,0.002370552010168987,0.029819930704044442,36.49265234810966,27.046933719090053,0.184511,0.48538658,2.6306648,0.07651373744010925,-0.005700387060642242,0
0.0038340748,0.0026784176,0.008383811,35.914074,27.547634,0.042810436,0.004424899,0.002479937,0.01181255,36.268486,27.165867,0.08028330494250571,0.007201884474073137,0.002370552010168987,0.029819930704044442,36.49265234810966,27.046933719090053,0.31947494,0.69858253,2.1866584,0.07651373744010925,-0.005700387060642242,0
0.0039212876,0.003110617,0.007164333,35.7928,27.618834,0.039147813,0.0039604935,0.002893244,0.008748778,35.976826,27.186623,0.08028330494250571,0.007201884474073137,0.002370552010168987,0.029819930704044442,36.49265234810966,27.046933719090053,0.43418095,0.79326415,1.8270359,0.07651373744010925,-0.005700387060642242,0
0.00430588,0.0033985167,0.007105266,35.752728,27.712336,0.037585307,0.0039804396,0.0032012474,0.007351275,35.81412,27.254877,0.08028330494250571,0.007201884474073137,0.002370552010168987,0.029819930704044442,36.49265234810966,27.046933719090053,0.47830954,0.78927344,1.650131,0.07651373744010925,-0.005700387060642242,0
0.0046927505,0.0035640595,0.0072708586,35.737686,27.78922,0.037368387,0.004239554,0.003378382,0.0070055975,35.74919,27.319767,0.08028330494250571,0.007201884474073137,0.002370552010168987,0.029819930704044442,36.49265234810966,27.046933719090053,0.49018413,0.75948197,1.549381,0.07651373744010925,-0.005700387060642242,0
0.005001868,0.0036664675,0.007314858,35.709164,27.842878,0.037684858,0.004563607,0.0034910932,0.007066965,35.689823,27.37066,0.08028330494250571,0.007201884474073137,0.002370552010168987,0.029819930704044442,36.49265234810966,27.046933719090053,0.5012356,0.73301965,1.4624252,0.07651373744010925,-0.005700387060642242,0
0.0052738753,0.0037378855,0.0074362876,35.67532,27.869644,0.038288984,0.0049144723,0.0035844154,0.007358051,35.62959,27.427557,0.08028330494250571,0.007201884474073137,0.002370552010168987,0.029819930704044442,36.49265234810966,27.046933719090053,0.5026548,0.708755,1.4100235,0.07651373744010925,-0.005700387060642242,0
0.0054950644,0.0037828896,0.0077135386,35.62969,27.88022,0.039022844,0.0052455994,0.003651833,0.007791095,35.589294,27.477324,0.08028330494250571,0.007201884474073137,0.002370552010168987,0.029819930704044442,36.49265234810966,27.046933719090053,0.49042207,0.6884159,1.4037212,0.07651373744010925,-0.005700387060642242,0
0.0065527684,0.0023256377,0.028145548,36.496284,27.096096,0.078786306,0.006561622,0.0023173373,0.028345387,36.499878,27.082485,0.08028330494250571,0.007201884474073137,0.002370552010168987,0.029819930704044442,36.49265234810966,27.046933719090053,0.17294165,0.54422855,3.0429182,0.07651373744010925,-0.005700387060642242,0
0.0065527684,0.0023256377,0.028145548,36.496284,27.096096,0.078786306,0.006561622,0.0023173373,0.028345387,36.499878,27.082485,0.08028330494250571,0.007201884474073137,0.002370552010168987,0.029819930704044442,36.49265234810966,27.046933719090053,0.17294165,0.54422855,3.0429182,0.07651373744010925,-0.005700387060642242,0
0.0065527684,0.0023256377,0.028145548,36.496284,27.096096,0.078786306,0.006561622,0.0023173373,0.028345387,36.499878,27.082485,0.08028330494250571,0.007201884474073137,0.002370552010168987,0.029819930704044442,36.49265234810966,27.046933719090053,0.17294165,0.54422855,3.0429182,0.07651373744010925,-0.005700387060642242,0
0.007440816,0.00065319217,0.022640841,36.47348,27.510092,0.06211328,0.00869106,0.0005466258,0.02816693,36.597244,27.233135,0.08028330494250571,0.007201884474073137,0.002370552010168987,0.029819930704044442,36.49265234810966,27.046933719090053,0.028850172,0.08778501,3.04279,0.07651373744010925,-0.005700387060642242,0
0.005465406,0.0002662941,0.01659796,36.091995,27.39137,0.054883525,0.0067480984,0.00026777494,0.021893635,36.430454,27.09114,0.08028330494250571,0.007201884474073137,0.002370552010168987,0.029819930704044442,36.49265234810966,27.046933719090053,0.016043786,0.048723575,3.0369127,0.07651373744010925,-0.005700387060642242,0
0.003287149,0.00026425146,0.009269898,35.836876,27.490707,0.04482083,0.004237213,0.00024378984,0.0133315725,36.16572,27.1174,0.08028330494250571,0.007201884474073137,0.002370552010168987,0.029819930704044442,36.49265234810966,27.046933719090053,0.028506406,0.08038926,2.820042,0.07651373744010925,-0.005700387060642242,0
0.002432078,0.0010130194,0.0050637126,35.71031,27.585083,0.037162416,0.0027267623,0.0008361971,0.007000812,35.86323,27.217625,0.08028330494250571,0.007201884474073137,0.002370552010168987,0.029819930704044442,36.49265234810966,27.046933719090053,0.20005468,0.41652423,2.082052,0.07651373744010925,-0.005700387060642242,0
0.0028754487,0.0017207193,0.0046100556,35.677216,27.654318,0.033869676,0.0024891088,0.0014540511,0.00427499,35.655647,27.309374,0.08028330494250571,0.007201884474073137,0.002370552010168987,0.029819930704044442,36.49265234810966,27.046933719090053,0.37325346,0.59841764,1.6032474,0.07651373744010925,-0.005700387060642242,0
0.0037624438,0.0024243775,0.006020863,35.683334,27.694378,0.033843886,0.0029759316,0.002114067,0.00415613,35.603985,27.379925,0.08028330494250571,0.007201884474073137,0.002370552010168987,0.029819930704044442,36.49265234810966,27.046933719090053,0.40266278,0.64436245,1.6002533,0.07651373744010925,-0.005700387060642242,0
0.004320052,0.002918356,0.0069510103,35.6763,27.74852,0.034711946,0.003480975,0.0025790876,0.0047930917,35.604763,27.425125,0.08028330494250571,0.007201884474073137,0.002370552010168987,0.029819930704044442,36.49265234810966,27.046933719090053,0.41984633,0.6755373,1.6090108,0.07651373744010925,-0.005700387060642242,0
0.0044797887,0.0032483153,0.006803798,35.620117,27.814856,0.03519022,0.0037825846,0.002935527,0.005136625,35.592197,27.48635,0.08028330494250571,0.007201884474073137,0.002370552010168987,0.029819930704044442,36.49265234810966,27.046933719090053,0.47742677,0.7251046,1.5187765,0.07651373744010925,-0.005700387060642242,0
0.004597445,0.0034929167,0.00657125,35.56111,27.865438,0.035954706,0.004121155,0.0032803991,0.005696499,35.53193,27.542248,0.08028330494250571,0.007201884474073137,0.002370552010168987,0.029819930704044442,36.49265234810966,27.046933719090053,0.5315452,0.7597517,1.4293265,0.07651373744010925,-0.005700387060642242,0
0.004797012,0.003678851,0.0067146556,35.53176,27.89748,0.037236214,0.004565215,0.00356912,0.0066610654,35.473614,27.57859,0.08028330494250571,0.007201884474073137,0.002370552010168987,0.029819930704044442,36.49265234810966,27.046933719090053,0.5478838,0.7669047,1.3997579,0.07651373744010925,-0.005700387060642242,0
0.0065527684,0.0023256377,0.028145548,36.496284,27.096096,0.078786306,0.006561622,0.0023173373,0.028345387,36.499878,27.082485,0.08028330494250571,0.007201884474073137,0.002370552010168987,0.029819930704044442,36.49265234810966,27.046933719090053,0.17294165,0.54422855,3.0429182,0.07651373744010925,-0.005700387060642242,0
0.0065527684,0.0023256377,0.028145548,36.496284,27.096096,0.078786306,0.006561622,0.0023173373,0.028345387,36.499878,27.082485,0.08028330494250571,0.007201884474073137,0.002370552010168987,0.029819930704044442,36.49265234810966,27.046933719090053,0.17294165,0.54422855,3.0429182,0.07651373744010925,-0.005700387060642242,0
0.0065527684,0.0023256377,0.028145548,36.496284,27.096096,0.078786306,0.006561622,0.0023173373,0.028345387,36.499878,27.082485,0.08028330494250571,0.007201884474073137,0.002370552010168987,0.029819930704044442,36.49265234810966,27.046933719090053,0.17294165,0.54422855,3.0429182,0.07651373744010925,-0.005700387060642242,0
0.014039169,0.0044838665,0.03621271,36.604965,27.692432,0.07404013,0.01455136,0.0029315,0.039329123,36.629547,27.395695,0.08028330494250571,0.007201884474073137,0.002370552010168987,0.029819930704044442,36.49265234810966,27.046933719090053,0.123820245,0.3193826,2.5794053,0.07651373744010925,-0.005700387060642242,0
0.010020223,0.002707016,0.026825607,36.251602,27.413647,0.063912824,0.010917823,0.0020171653,0.030235171,36.463734,27.125315,0.08028330494250571,0.007201884474073137,0.002370552010168987,0.029819930704044442,36.49265234810966,27.046933719090053,0.10091164,0.27015525,2.6771467,0.07651373744010925,-0.005700387060642242,0
0.0051418697,0.0002451157,0.015023559,35.879948,27.437618,0.049761232,0.005994138,0.00028922592,0.017790848,36.168304,27.078022,0.08028330494250571,0.007201884474073137,0.002370552010168987,0.029819930704044442,36.49265234810966,27.046933719090053,0.016315421,0.047670536,2.9218087,0.07651373744010925,-0.005700387060642242,0
0.0026843913,1e-11,0.007827953,35.725693,27.54038,0.03901164,0.002849844,1e-11,0.008590795,35.854782,27.189772,0.08028330494250571,0.007201884474073137,0.002370552010168987,0.029819930704044442,36.49265234810966,27.046933719090053,1.2774731e-09,3.7252392e-09,2.9161,0.07651373744010925,-0.005700387060642242,0
0.002982719,8.937689e-05,0.007010243,35.70614,27.560434,0.035228893,0.0023104064,1.5193383e-05,0.0053223493,35.670544,27.266207,0.08028330494250571,0.007201884474073137,0.002370552010168987,0.029819930704044442,36.49265234810966,27.046933719090053,0.012749471,0.029964903,2.350286,0.07651373744010925,-0.005700387060642242,0
0.0043797405,0.001230246,0.009406669,35.787918,27.535671,0.036205195,0.0031770808,0.0009885379,0.0059719174,35.654606,27.258007,0.08028330494250571,0.007201884474073137,0.002370552010168987,0.029819930704044442,36.49265234810966,27.046933719090053,0.13078445,0.28089473,2.1477685,0.07651373744010925,-0.005700387060642242,0
0.0049271234,0.0020303442,0.010224489,35.856274,27.587978,0.036886897,0.0036669585,0.0015954978,0.006479686,35.75661,27.254631,0.08028330494250571,0.007201884474073137,0.002370552010168987,0.029819930704044442,36.49265234810966,27.046933719090053,0.1985766,0.41207495,2.0751436,0.07651373744010925,-0.005700387060642242,0
0.0045462945,0.0025514325,0.008461615,35.78599,27.749134,0.03523815,0.003459253,0.0020209465,0.005197419,35.775597,27.386473,0.08028330494250571,0.007201884474073137,0.002370552010168987,0.029819930704044442,36.49265234810966,27.046933719090053,0.3015302,0.56121147,1.8612114,0.07651373744010925,-0.005700387060642242,0
0.004248773,0.0030304873,0.006841218,35.63972,27.920326,0.03446397,0.00347227,0.0026324443,0.0046066265,35.682907,27.630587,0.08028330494250571,0.007201884474073137,0.002370552010168987,0.029819930704044442,36.49265234810966,27.046933719090053,0.4429748,0.7132617,1.6101632,0.07651373744010925,-0.005700387060642242,0
0.004235186,0.0035345596,0.0059905048,35.529167,28.008747,0.03558962,0.003940872,0.0033713307,0.005477106,35.53864,27.809494,0.08028330494250571,0.007201884474073137,0.002370552010168987,0.029819930704044442,36.49265234810966,27.046933719090053,0.59002703,0.83457005,1.4144608,0.07651373744010925,-0.005700387060642242,0
0.0065527684,0.0023256377,0.028145548,36.496284,27.096096,0.078786306,0.006561622,0.0023173373,0.028345387,36.499878,27.082485,0.08028330494250571,0.007201884474073137,0.002370552010168987,0.029819930704044442,36.49265234810966,27.046933719090053,0.17294165,0.54422855,3.0429182,0.07651373744010925,-0.005700387060642242,0
0.0065527684,0.0023256377,0.028145548,36.496284,27.096096,0.078786306,0.006561622,0.0023173373,0.028345387,36.499878,27.082485,0.08028330494250571,0.007201884474073137,0.002370552010168987,0.029819930704044442,36.49265234810966,27.046933719090053,0.17294165,0.54422855,3.0429182,0.07651373744010925,-0.005700387060642242,0
0.0065527684,0.0023256377,0.028145548,36.496284,27.096096,0.078786306,0.006561622,0.0023173373,0.028345387,36.499878,27.082485,0.08028330494250571,0.007201884474073137,0.002370552010168987,0.029819930704044442,36.49265234810966,27.046933719090053,0.17294165,0.54422855,3.0429182,0.07651373744010925,-0.005700387060642242,0
0.032658804,0.028624047,0.062227,36.601105,27.84109,0.09991387,0.03293354,0.024814086,0.0637279,36.643867,27.541012,0.08028330494250571,0.007201884474073137,0.002370552010168987,0.029819930704044442,36.49265234810966,27.046933719090053,0.459994,0.8764573,1.9053668,0.07651373744010925,-0.005700387060642242,0
0.02676528,0.028244002,0.05207871,36.41965,27.508247,0.08973631,0.027726067,0.026330994,0.054319855,36.53807,27.312359,0.08028330494250571,0.007201884474073137,0.002370552010168987,0.029819930704044442,36.49265234810966,27.046933719090053,0.542333,1.0552478,1.9457562,0.07651373744010925,-0.005700387060642242,0
0.01683597,0.017779544,0.035493676,36.084175,27.377617,0.07211664,0.018156305,0.018311497,0.03794512,36.288414,27.081495,0.08028330494250571,0.007201884474073137,0.002370552010168987,0.029819930704044442,36.49265234810966,27.046933719090053,0.5009215,1.056045,2.1082048,0.07651373744010925,-0.005700387060642242,0
0.010429641,0.008857183,0.02337517,35.842842,27.436441,0.057330754,0.01097719,0.010062891,0.02427402,35.990486,27.084759,0.08028330494250571,0.007201884474073137,0.002370552010168987,0.029819930704044442,36.49265234810966,27.046933719090053,0.37891418,0.84923184,2.2412248,0.07651373744010925,-0.005700387060642242,0
0.008812193,0.0053635887,0.01975725,35.77625,27.448084,0.05111483,0.008401562,0.006848068,0.018387578,35.795055,27.111609,0.08028330494250571,0.007201884474073137,0.002370552010168987,0.029819930704044442,36.49265234810966,27.046933719090053,0.27147445,0.6086554,2.2420356,0.07651373744010925,-0.005700387060642242,0
0.009066532,0.0046177427,0.020346396,35.893833,27.45682,0.050261874,0.008046671,0.005975141,0.017264893,35.845276,27.119448,0.08028330494250571,0.007201884474073137,0.002370552010168987,0.029819930704044442,36.49265234810966,27.046933719090053,0.22695631,0.5093174,2.244121,0.07651373744010925,-0.005700387060642242,0
0.007858147,0.0031021025,0.018280104,35.9805,27.53283,0.046922784,0.0065290914,0.003423099,0.0142478775,35.91774,27.187046,0.08028330494250571,0.007201884474073137,0.002370552010168987,0.029819930704044442,36.49265234810966,27.046933719090053,0.1696983,0.3947626,2.3262613,0.07651373744010925,-0.005700387060642242,0
0.0054746703,0.0022872982,0.011976556,35.85936,27.776505,0.03868913,0.0041960008,0.0018433485,0.007834066,35.870148,27.395699,0.08028330494250571,0.007201884474073137,0.002370552010168987,0.029819930704044442,36.49265234810966,27.046933719090053,0.1909813,0.41779652,2.1876304,0.07651373744010925,-0.005700387060642242,0
0.0044817226,0.0024298094,0.008749979,35.757004,27.967272,0.03444171,0.0032413304,0.0018539323,0.0045961062,35.747036,27.722004,0.08028330494250571,0.007201884474073137,0.002370552010168987,0.029819930704044442,36.49265234810966,27.046933719090053,0.27769318,0.54215974,1.9523696,0.07651373744010925,-0.005700387060642242,0
0.0065527684,0.0023256377,0.028145548,36.496284,27.096096,0.078786306,0.006561622,0.0023173373,0.028345387,36.499878,27.082485,0.08028330494250571,0.007201884474073137,0.002370552010168987,0.029819930704044442,36.49265234810966,27.046933719090053,0.17294165,0.54422855,3.0429182,0.07651373744010925,-0.005700387060642242,0
0.0065527684,0.0023256377,0.028145548,36.496284,27.096096,0.078786306,0.006561622,0.0023173373,0.028345387,36.499878,27.082485,0.08028330494250571,0.007201884474073137,0.002370552010168987,0.029819930704044442,36.49265234810966,27.046933719090053,0.17294165,0.54422855,3.0429182,0.07651373744010925,-0.005700387060642242,0
0.0065527684,0.0023256377,0.028145548,36.496284,27.096096,0.078786306,0.006561622,0.0023173373,0.028345387,36.499878,27.082485,0.08028330494250571,0.007201884474073137,0.002370552010168987,0.029819930704044442,36.49265234810966,27.046933719090053,0.17294165,0.54422855,3.0429182,0.07651373744010925,-0.005700387060642242,0
0.0065527684,0.0023256377,0.028145548,36.496284,27.096096,0.078786306,0.006561622,0.0023173373,0.028345387,36.499878,27.082485,0.08028330494250571,0.007201884474073137,0.002370552010168987,0.029819930704044442,36.49265234810966,27.046933719090053,0.17294165,0.54422855,3.0429182,0.07651373744010925,-0.005700387060642242,0
0.06726824,0.1051718,0.10140976,36.408993,27.966324,0.14122492,0.06933649,0.105332814,0.10436918,36.5198,27.765642,0.08028330494250571,0.007201884474073137,0.002370552010168987,0.029819930704044442,36.49265234810966,27.046933719090053,1.0370973,1.5634689,1.5075431,0.07651373744010925,-0.005700387060642242,0
0.059479043,0.11572009,0.091773644,36.21788,27.53114,0.1308249,0.061851464,0.119695134,0.09531062,36.4684,27.466818,0.08028330494250571,0.007201884474073137,0.002370552010168987,0.029819930704044442,36.49265234810966,27.046933719090053,1.2609295,1.9455608,1.5429577,0.07651373744010925,-0.005700387060642242,0
0.04628325,0.09951656,0.07410726,36.230667,27.405346,0.11239785,0.04853291,0.10782387,0.077781014,36.39639,27.20787,0.08028330494250571,0.007201884474073137,0.002370552010168987,0.029819930704044442,36.49265234810966,27.046933719090053,1.342872,2.1501637,1.601168,0.07651373744010925,-0.005700387060642242,0
0.034270246,0.06828737,0.05671024,36.12942,27.419683,0.09391934,0.03555499,0.07859235,0.059076436,36.254,27.09787,0.08028330494250571,0.007201884474073137,0.002370552010168987,0.029819930704044442,36.49265234810966,27.046933719090053,1.2041454,1.992614,1.6547953,0.07651373744010925,-0.005700387060642242,0
0.027177418,0.044215936,0.04660007,36.06791,27.45855,0.08218787,0.02726276,0.054438587,0.046741866,36.124367,27.076214,0.08028330494250571,0.007201884474073137,0.002370552010168987,0.029819930704044442,36.49265234810966,27.046933719090053,0.9488384,1.6269367,1.7146615,0.07651373744010925,-0.005700387060642242,0
0.021660073,0.025325049,0.04012158,36.13172,27.48586,0.07375725,0.02047736,0.031778827,0.037528228,36.129498,27.148878,0.08028330494250571,0.007201884474073137,0.002370552010168987,0.029819930704044442,36.49265234810966,27.046933719090053,0.63120764,1.1692042,1.852329,0.07651373744010925,-0.005700387060642242,0
0.014781038,0.009942068,0.03256115,36.11958,27.53034,0.063879624,0.012875427,0.012070172,0.02789264,36.06733,27.303694,0.08028330494250571,0.007201884474073137,0.002370552010168987,0.029819930704044442,36.49265234810966,27.046933719090053,0.30533528,0.6726231,2.2029,0.07651373744010925,-0.005700387060642242,0
0.0065527684,0.0023256377,0.028145548,36.496284,27.096096,0.078786306,0.006561622,0.0023173373,0.028345387,36.499878,27.082485,0.08028330494250571,0.007201884474073137,0.002370552010168987,0.029819930704044442,36.49265234810966,27.046933719090053,0.17294165,0.54422855,3.0429182,0.07651373744010925,-0.005700387060642242,0
0.0065527684,0.0023256377,0.028145548,36.496284,27.096096,0.078786306,0.006561622,0.0023173373,0.028345387,36.499878,27.082485,0.08028330494250571,0.007201884474073137,0.002370552010168987,0.029819930704044442,36.49265234810966,27.046933719090053,0.17294165,0.54422855,3.0429182,0.07651373744010925,-0.005700387060642242,0
0.0065527684,0.0023256377,0.028145548,36.496284,27.096096,0.078786306,0.006561622,0.0023173373,0.028345387,36.499878,27.082485,0.08028330494250571,0.007201884474073137,0.002370552010168987,0.029819930704044442,36.49265234810966,27.046933719090053,0.17294165,0.54422855,3.0429182,0.07651373744010925,-0.005700387060642242,0
0.0065527684,0.0023256377,0.028145548,36.496284,27.096096,0.078786306,0.006561622,0.0023173373,0.028345387,36.499878,27.082485,0.08028330494250571,0.007201884474073137,0.002370552010168987,0.029819930704044442,36.49265234810966,27.046933719090053,0.17294165,0.54422855,3.0429182,0.07651373744010925,-0.005700387060642242,0
0.0065527684,0.0023256377,0.028145548,36.496284,27.096096,0.078786306,0.006561622,0.0023173373,0.028345387,36.499878,27.082485,0.08028330494250571,0.007201884474073137,0.002370552010168987,0.029819930704044442,36.49265234810966,27.046933719090053,0.17294165,0.54422855,3.0429182,0.07651373744010925,-0.005700387060642242,0
0.0065527684,0.0023256377,0.028145548,36.496284,27.096096,0.078786306,0.006561622,0.0023173373,0.028345387,36.499878,27.082485,0.08028330494250571,0.007201884474073137,0.002370552010168987,0.029819930704044442,36.49265234810966,27.046933719090053,0.17294165,0.54422855,3.0429182,0.07651373744010925,-0.005700387060642242,0
0.09725392,0.2051788,0.1366858,36.228558,27.91777,0.17641863,0.10098597,0.21609935,0.14213821,36.40308,27.888239,0.08028330494250571,0.007201884474073137,0.002370552010168987,0.029819930704044442,36.49265234810966,27.046933719090053,1.501098,2.1097226,1.405453,0.07651373744010925,-0.005700387060642242,0
0.09505458,0.27798346,0.13831353,35.787964,27.447918,0.1720492,0.09784117,0.2996749,0.14372686,36.11862,27.425959,0.08028330494250571,0.007201884474073137,0.002370552010168987,0.029819930704044442,36.49265234810966,27.046933719090053,2.0098066,2.9244614,1.4550959,0.07651373744010925,-0.005700387060642242,0
0.082719296,0.2780286,0.12423646,35.717056,27.439135,0.15512022,0.0843194,0.30710116,0.12902999,36.09303,27.238485,0.08028330494250571,0.007201884474073137,0.002370552010168987,0.029819930704044442,36.49265234810966,27.046933719090053,2.2378988,3.3611095,1.5019041,0.07651373744010925,-0.005700387060642242,0
0.067584515,0.20548625,0.10116436,36.03983,27.522297,0.1339559,0.06754159,0.23597182,0.10408896,36.131603,27.186115,0.08028330494250571,0.007201884474073137,0.002370552010168987,0.029819930704044442,36.49265234810966,27.046933719090053,2.0312119,3.040434,1.4968572,0.07651373744010925,-0.005700387060642242,0
0.05515882,0.1362171,0.08202158,36.17541,27.597118,0.11602533,0.053409908,0.16194378,0.08214661,36.206448,27.25943,0.08028330494250571,0.007201884474073137,0.002370552010168987,0.029819930704044442,36.49265234810966,27.046933719090053,1.6607472,2.4695435,1.4870075,0.07651373744010925,-0.005700387060642242,0
0.042326424,0.07403789,0.06438262,36.230278,27.598845,0.09911974,0.039442416,0.08830598,0.061635587,36.207546,27.360388,0.08028330494250571,0.007201884474073137,0.002370552010168987,0.029819930704044442,36.49265234810966,27.046933719090053,1.149967,1.7492119,1.5210975,0.07651373744010925,-0.005700387060642242,0
0.0065527684,0.0023256377,0.028145548,36.496284,27.096096,0.078786306,0.006561622,0.0023173373,0.028345387,36.499878,27.082485,0.08028330494250571,0.007201884474073137,0.002370552010168987,0.029819930704044442,36.49265234810966,27.046933719090053,0.17294165,0.54422855,3.0429182,0.07651373744010925,-0.005700387060642242,0
0.0065527684,0.0023256377,0.028145548,36.496284,27.096096,0.078786306,0.006561622,0.0023173373,0.028345387,36.499878,27.082485,0.08028330494250571,0.007201884474073137,0.002370552010168987,0.029819930704044442,36.49265234810966,27.046933719090053,0.17294165,0.54422855,3.0429182,0.07651373744010925,-0.005700387060642242,0
0.0065527684,0.0023256377,0.028145548,36.496284,27.096096,0.078786306,0.006561622,0.0023173373,0.028345387,36.499878,27.082485,0.08028330494250571,0.007201884474073137,0.002370552010168987,0.029819930704044442,36.49265234810966,27.046933719090053,0.17294165,0.54422855,3.0429182,0.07651373744010925,-0.005700387060642242,0
0.0065527684,0.0023256377,0.028145548,36.496284,27.096096,0.078786306,0.006561622,0.0023173373,0.028345387,36.499878,27.082485,0.08028330494250571,0.007201884474073137,0.002370552010168987,0.029819930704044442,36.49265234810966,27.046933719090053,0.17294165,0.54422855,3.0429182,0.07651373744010925,-0.005700387060642242,0
0.0065527684,0.0023256377,0.028145548,36.496284,27.096096,0.078786306,0.006561622,0.0023173373,0.028345387,36.499878,27.082485,0.08028330494250571,0.007201884474073137,0.002370552010168987,0.029819930704044442,36.49265234810966,27.046933719090053,0.17294165,0.54422855,3.0429182,0.07651373744010925,-0.005700387060642242,0
0.0065527684,0.0023256377,0.028145548,36.496284,27.096096,0.078786306,0.006561622,0.0023173373,0.028345387,36.499878,27.082485,0.08028330494250571,0.007201884474073137,0.002370552010168987,0.029819930704044442,36.49265234810966,27.046933719090053,0.17294165,0.54422855,3.0429182,0.07651373744010925,-0.005700387060642242,0
0.0065527684,0.0023256377,0.028145548,36.496284,27.096096,0.078786306,0.006561622,0.0023173373,0.028345387,36.499878,27.082485,0.08028330494250571,0.007201884474073137,0.002370552010168987,0.029819930704044442,36.49265234810966,27.046933719090053,0.17294165,0.54422855,3.0429182,0.07651373744010925,-0.005700387060642242,0
0.0065527684,0.0023256377,0.028145548,36.496284,27.096096,0.078786306,0.006561622,0.0023173373,0.028345387,36.499878,27.082485,0.08028330494250571,0.007201884474073137,0.002370552010168987,0.029819930704044442,36.49265234810966,27.046933719090053,0.17294165,0.54422855,3.0429182,0.07651373744010925,-0.005700387060642242,0
0.120215766,0.52096856,0.18210582,35.53879,27.470839,0.1982438,0.12141435,0.5700936,0.18871045,35.746883,27.419516,0.08028330494250571,0.007201884474073137,0.002370552010168987,0.029819930704044442,36.49265234810966,27.046933719090053,2.8608012,4.3336124,1.5148247,0.07651373744010925,-0.005700387060642242,0
0.109473534,0.54283595,0.17329443,35.21483,27.50841,0.18300736,0.108838394,0.59790593,0.17858084,36.017826,27.540955,0.08028330494250571,0.007201884474073137,0.002370552010168987,0.029819930704044442,36.49265234810966,27.046933719090053,3.132449,4.9586043,1.58298,0.07651373744010925,-0.005700387060642242,0
0.095248066,0.38891932,0.14350908,35.766666,27.631172,0.16264875,0.092119075,0.43800724,0.14548858,36.013817,27.504972,0.08028330494250571,0.007201884474073137,0.002370552010168987,0.029819930704044442,36.49265234810966,27.046933719090053,2.7100677,4.0832253,1.5066875,0.07651373744010925,-0.005700387060642242,0
0.08551087,0.28646988,0.123630255,36.003757,27.74446,0.1483219,0.08049614,0.32910553,0.122817904,36.012108,27.494427,0.08028330494250571,0.007201884474073137,0.002370552010168987,0.029819930704044442,36.49265234810966,27.046933719090053,2.3171504,3.3500988,1.4457841,0.07651373744010925,-0.005700387060642242,0
0.0065527684,0.0023256377,0.028145548,36.496284,27.096096,0.078786306,0.006561622,0.0023173373,0.028345387,36.499878,27.082485,0.08028330494250571,0.007201884474073137,0.002370552010168987,0.029819930704044442,36.49265234810966,27.046933719090053,0.17294165,0.54422855,3.0429182,0.07651373744010925,-0.005700387060642242,0
0.0065527684,0.0023256377,0.028145548,36.496284,27.096096,0.078786306,0.006561622,0.0023173373,0.028345387,36.499878,27.082485,0.08028330494250571,0.007201884474073137,0.002370552010168987,0.029819930704044442,36.49265234810966,27.046933719090053,0.17294165,0.54422855,3.0429182,0.07651373744010925,-0.005700387060642242,0
0.0065527684,0.0023256377,0.028145548,36.496284,27.096096,0.078786306,0.006561622,0.0023173373,0.028345387,36.499878,27.082485,0.08028330494250571,0.007201884474073137,0.002370552010168987,0.029819930704044442,36.49265234810966,27.046933719090053,0.17294165,0.54422855,3.0429182,0.07651373744010925,-0.005700387060642242,0
0.0065527684,0.0023256377,0.028145548,36.496284,27.096096,0.078786306,0.006561622,0.0023173373,0.028345387,36.499878,27.082485,0.08028330494250571,0.007201884474073137,0.002370552010168987,0.029819930704044442,36.49265234810966,27.046933719090053,0.17294165,0.54422855,3.0429182,0.07651373744010925,-0.005700387060642242,0
0.0065527684,0.0023256377,0.028145548,36.496284,27.096096,0.078786306,0.006561622,0.0023173373,0.028345387,36.499878,27.082485,0.08028330494250571,0.007201884474073137,0.002370552010168987,0.029819930704044442,36.49265234810966,27.046933719090053,0.17294165,0.54422855,3.0429182,0.07651373744010925,-0.005700387060642242,0
0.0065527684,0.0023256377,0.028145548,36.496284,27.096096,0.078786306,0.006561622,0.0023173373,0.028345387,36.499878,27.082485,0.08028330494250571,0.007201884474073137,0.002370552010168987,0.029819930704044442,36.49265234810966,27.046933719090053,0.17294165,0.54422855,3.0429182,0.07651373744010925,-0.005700387060642242,0
0.0065527684,0.0023256377,0.028145548,36.496284,27.096096,0.078786306,0.006561622,0.0023173373,0.028345387,36.499878,27.082485,0.08028330494250571,0.007201884474073137,0.002370552010168987,0.029819930704044442,36.49265234810966,27.046933719090053,0.17294165,0.54422855,3.0429182,0.07651373744010925,-0.005700387060642242,0
0.0065527684,0.0023256377,0.028145548,36.496284,27.096096,0.078786306,0.006561622,0.0023173373,0.028345387,36.499878,27.082485,0.08028330494250571,0.007201884474073137,0.002370552010168987,0.029819930704044442,36.49265234810966,27.046933719090053,0.17294165,0.54422855,3.0429182,0.07651373744010925,-0.005700387060642242,0
0.0065527684,0.0023256377,0.028145548,36.496284,27.096096,0.078786306,0.006561622,0.0023173373,0.028345387,36.499878,27.082485,0.08028330494250571,0.007201884474073137,0.002370552010168987,0.029819930704044442,36.49265234810966,27.046933719090053,0.17294165,0.54422855,3.0429182,0.07651373744010925,-0.005700387060642242,0
0.0065527684,0.0023256377,0.028145548,36.496284,27.096096,0.078786306,0.006561622,0.0023173373,0.028345387,36.499878,27.082485,0.08028330494250571,0.007201884474073137,0.002370552010168987,0.029819930704044442,36.49265234810966,27.046933719090053,0.17294165,0.54422855,3.0429182,0.07651373744010925,-0.005700387060642242,0
0.0065527684,0.0023256377,0.028145548,36.496284,27.096096,0.078786306,0.006561622,0.0023173373,0.028345387,36.499878,27.082485,0.08028330494250571,0.007201884474073137,0.002370552010168987,0.029819930704044442,36.49265234810966,27.046933719090053,0.17294165,0.54422855,3.0429182,0.07651373744010925,-0.005700387060642242,0
0.0065527684,0.0023256377,0.028145548,36.496284,27.096096,0.078786306,0.006561622,0.0023173373,0.028345387,36.499878,27.082485,0.08028330494250571,0.007201884474073137,0.002370552010168987,0.029819930704044442,36.49265234810966,27.046933719090053,0.17294165,0.54422855,3.0429182,0.07651373744010925,-0.005700387060642242,0
0.0065527684,0.0023256377,0.028145548,36.496284,27.096096,0.078786306,0.006561622,0.0023173373,0.028345387,36.499878,27.082485,0.08028330494250571,0.007201884474073137,0.002370552010168987,0.029819930704044442,36.49265234810966,27.046933719090053,0.17294165,0.54422855,3.0429182,0.07651373744010925,-0.005700387060642242,0
0.0065527684,0.0023256377,0.028145548,36.496284,27.096096,0.078786306,0.006561622,0.0023173373,0.028345387,36.499878,27.082485,0.08028330494250571,0.007201884474073137,0.002370552010168987,0.029819930704044442,36.49265234810966,27.046933719090053,0.17294165,0.54422855,3.0429182,0.07651373744010925,-0.005700387060642242,0
0.0065527684,0.0023256377,0.028145548,36.496284,27.096096,0.078786306,0.006561622,0.0023173373,0.028345387,36.499878,27.082485,0.08028330494250571,0.007201884474073137,0.002370552010168987,0.029819930704044442,36.49265234810966,27.046933719090053,0.17294165,0.54422855,3.0429182,0.07651373744010925,-0.005700387060642242,0
0.0065527684,0.0023256377,0.028145548,36.496284,27.096096,0.078786306,0.006561622,0.0023173373,0.028345387,36.499878,27.082485,0.08028330494250571,0.007201884474073137,0.002370552010168987,0.029819930704044442,36.49265234810966,27.046933719090053,0.17294165,0.54422855,3.0429182,0.07651373744010925,-0.005700387060642242,0
0.0065527684,0.0023256377,0.028145548,36.496284,27.096096,0.078786306,0.006561622,0.0023173373,0.028345387,36.499878,27.082485,0.08028330494250571,0.007201884474073137,0.002370552010168987,0.029819930704044442,36.49265234810966,27.046933719090053,0.17294165,0.54422855,3.0429182,0.07651373744010925,-0.005700387060642242,0
0.0065527684,0.0023256377,0.028145548,36.496284,27.096096,0.078786306,0.006561622,0.0023173373,0.028345387,36.499878,27.082485,0.08028330494250571,0.007201884474073137,0.002370552010168987,0.029819930704044442,36.49265234810966,27.046933719090053,0.17294165,0.54422855,3.0429182,0.07651373744010925,-0.005700387060642242,0
0.0065527684,0.0023256377,0.028145548,36.496284,27.096096,0.078786306,0.006561622,0.0023173373,0.028345387,36.499878,27.082485,0.08028330494250571,0.007201884474073137,0.002370552010168987,0.029819930704044442,36.49265234810966,27.046933719090053,0.17294165,0.54422855,3.0429182,0.07651373744010925,-0.005700387060642242,0
0.0065527684,0.0023256377,0.028145548,36.496284,27.096096,0.078786306,0.006561622,0.0023173373,0.028345387,36.499878,27.082485,0.08028330494250571,0.007201884474073137,0.002370552010168987,0.029819930704044442,36.49265234810966,27.046933719090053,0.17294165,0.54422855,3.0429182,0.07651373744010925,-0.005700387060642242,0
0.0065527684,0.0023256377,0.028145548,36.496284,27.096096,0.078786306,0.006561622,0.0023173373,0.028345387,36.499878,27.082485,0.08028330494250571,0.007201884474073137,0.002370552010168987,0.029819930704044442,36.49265234810966,27.046933719090053,0.17294165,0.54422855,3.0429182,0.07651373744010925,-0.005700387060642242,0
0.0065527684,0.0023256377,0.028145548,36.496284,27.096096,0.078786306,0.006561622,0.0023173373,0.028345387,36.499878,27.082485,0.08028330494250571,0.007201884474073137,0.002370552010168987,0.029819930704044442,36.49265234810966,27.046933719090053,0.17294165,0.54422855,3.0429182,0.07651373744010925,-0.005700387060642242,0
0.0065527684,0.0023256377,0.028145548,36.496284,27.096096,0.078786306,0.006561622,0.0023173373,0.028345387,36.499878,27.082485,0.08028330494250571,0.007201884474073137,0.002370552010168987,0.029819930704044442,36.49265234810966,27.046933719090053,0.17294165,0.54422855,3.0429182,0.07651373744010925,-0.005700387060642242,0
0.0065527684,0.0023256377,0.028145548,36.496284,27.096096,0.078786306,0.006561622,0.0023173373,0.028345387,36.499878,27.082485,0.08028330494250571,0.007201884474073137,0.002370552010168987,0.029819930704044442,36.49265234810966,27.046933719090053,0.17294165,0.54422855,3.0429182,0.07651373744010925,-0.005700387060642242,0
0.0065527684,0.0023256377,0.028145548,36.496284,27.096096,0.078786306,0.006561622,0.0023173373,0.028345387,36.499878,27.082485,0.08028330494250571,0.007201884474073137,0.002370552010168987,0.029819930704044442,36.49265234810966,27.046933719090053,0.17294165,0.54422855,3.0429182,0.07651373744010925,-0.005700387060642242,0
0.0065527684,0.0023256377,0.028145548,36.496284,27.096096,0.078786306,0.006561622,0.0023173373,0.028345387,36.499878,27.082485,0.08028330494250571,0.007201884474073137,0.002370552010168987,0.029819930704044442,36.49265234810966,27.046933719090053,0.17294165,0.54422855,3.0429182,0.07651373744010925,-0.005700387060642242,0
0.0065527684,0.0023256377,0.028145548,36.496284,27.096096,0.078786306,0.006561622,0.0023173373,0.028345387,36.499878,27.082485,0.08028330494250571,0.007201884474073137,0.002370552010168987,0.029819930704044442,36.49265234810966,27.046933719090053,0.17294165,0.54422855,3.0429182,0.07651373744010925,-0.005700387060642242,0
0.0065527684,0.0023256377,0.028145548,36.496284,27.096096,0.078786306,0.006561622,0.0023173373,0.028345387,36.499878,27.082485,0.08028330494250571,0.007201884474073137,0.002370552010168987,0.029819930704044442,36.49265234810966,27.046933719090053,0.17294165,0.54422855,3.0429182,0.07651373744010925,-0.005700387060642242,0
0.0065527684,0.0023256377,0.028145548,36.496284,27.096096,0.078786306,0.006561622,0.0023173373,0.028345387,36.499878,27.082485,0.08028330494250571,0.007201884474073137,0.002370552010168987,0.029819930704044442,36.49265234810966,27.046933719090053,0.17294165,0.54422855,3.0429182,0.07651373744010925,-0.005700387060642242,0
0.0065527684,0.0023256377,0.028145548,36.496284,27.096096,0.078786306,0.006561622,0.0023173373,0.028345387,36.499878,27.082485,0.08028330494250571,0.007201884474073137,0.002370552010168987,0.029819930704044442,36.49265234810966,27.046933719090053,0.17294165,0.54422855,3.0429182,0.07651373744010925,-0.005700387060642242,0
0.0065527684,0.0023256377,0.028145548,36.496284,27.096096,0.078786306,0.006561622,0.0023173373,0.028345387,36.499878,27.082485,0.08028330494250571,0.007201884474073137,0.002370552010168987,0.029819930704044442,36.49265234810966,27.046933719090053,0.17294165,0.54422855,3.0429182,0.07651373744010925,-0.005700387060642242,0
0.0065527684,0.0023256377,0.028145548,36.496284,27.096096,0.078786306,0.006561622,0.0023173373,0.028345387,36.499878,27.082485,0.08028330494250571,0.007201884474073137,0.002370552010168987,0.029819930704044442,36.49265234810966,27.046933719090053,0.17294165,0.54422855,3.0429182,0.07651373744010925,-0.005700387060642242,0
0.0065527684,0.0023256377,0.028145548,36.496284,27.096096,0.078786306,0.006561622,0.0023173373,0.028345387,36.499878,27.082485,0.08028330494250571,0.007201884474073137,0.002370552010168987,0.029819930704044442,36.49265234810966,27.046933719090053,0.17294165,0.54422855,3.0429182,0.07651373744010925,-0.005700387060642242,0
0.0065527684,0.0023256377,0.028145548,36.496284,27.096096,0.078786306,0.006561622,0.0023173373,0.028345387,36.499878,27.082485,0.08028330494250571,0.007201884474073137,0.002370552010168987,0.029819930704044442,36.49265234810966,27.046933719090053,0.17294165,0.54422855,3.0429182,0.07651373744010925,-0.005700387060642242,0
0.0065527684,0.0023256377,0.028145548,36.496284,27.096096,0.078786306,0.006561622,0.0023173373,0.028345387,36.499878,27.082485,0.08028330494250571,0.007201884474073137,0.002370552010168987,0.029819930704044442,36.49265234810966,27.046933719090053,0.17294165,0.54422855,3.0429182,0.07651373744010925,-0.005700387060642242,0
0.0065527684,0.0023256377,0.028145548,36.496284,27.096096,0.078786306,0.006561622,0.0023173373,0.028345387,36.499878,27.082485,0.08028330494250571,0.007201884474073137,0.002370552010168987,0.029819930704044442,36.49265234810966,27.046933719090053,0.17294165,0.54422855,3.0429182,0.07651373744010925,-0.005700387060642242,0
0.0065527684,0.0023256377,0.028145548,36.496284,27.096096,0.078786306,0.006561622,0.0023173373,0.028345387,36.499878,27.082485,0.08028330494250571,0.007201884474073137,0.002370552010168987,0.029819930704044442,36.49265234810966,27.046933719090053,0.17294165,0.54422855,3.0429182,0.07651373744010925,-0.005700387060642242,0
0.0065527684,0.0023256377,0.028145548,36.496284,27.096096,0.078786306,0.006561622,0.0023173373,0.028345387,36.499878,27.082485,0.08028330494250571,0.007201884474073137,0.002370552010168987,0.029819930704044442,36.49265234810966,27.046933719090053,0.17294165,0.54422855,3.0429182,0.07651373744010925,-0.005700387060642242,0
0.0065527684,0.0023256377,0.028145548,36.496284,27.096096,0.078786306,0.006561622,0.0023173373,0.028345387,36.499878,27.082485,0.08028330494250571,0.007201884474073137,0.002370552010168987,0.029819930704044442,36.49265234810966,27.046933719090053,0.17294165,0.54422855,3.0429182,0.07651373744010925,-0.005700387060642242,0
0.0065527684,0.0023256377,0.028145548,36.496284,27.096096,0.078786306,0.006561622,0.0023173373,0.028345387,36.499878,27.082485,0.08028330494250571,0.007201884474073137,0.002370552010168987,0.029819930704044442,36.49265234810966,27.046933719090053,0.17294165,0.54422855,3.0429182,0.07651373744010925,-0.005700387060642242,0
0.0065527684,0.0023256377,0.028145548,36.496284,27.096096,0.078786306,0.006561622,0.0023173373,0.028345387,36.499878,27.082485,0.08028330494250571,0.007201884474073137,0.002370552010168987,0.029819930704044442,36.49265234810966,27.046933719090053,0.17294165,0.54422855,3.0429182,0.07651373744010925,-0.005700387060642242,0
0.0065527684,0.0023256377,0.028145548,36.496284,27.096096,0.078786306,0.006561622,0.0023173373,0.028345387,36.499878,27.082485,0.08028330494250571,0.007201884474073137,0.002370552010168987,0.029819930704044442,36.49265234810966,27.046933719090053,0.17294165,0.54422855,3.0429182,0.07651373744010925,-0.005700387060642242,0
0.0065527684,0.0023256377,0.028145548,36.496284,27.096096,0.078786306,0.006561622,0.0023173373,0.028345387,36.499878,27.082485,0.08028330494250571,0.007201884474073137,0.002370552010168987,0.029819930704044442,36.49265234810966,27.046933719090053,0.17294165,0.54422855,3.0429182,0.07651373744010925,-0.005700387060642242,0
0.0065527684,0.0023256377,0.028145548,36.496284,27.096096,0.078786306,0.006561622,0.0023173373,0.028345387,36.499878,27.082485,0.08028330494250571,0.007201884474073137,0.002370552010168987,0.029819930704044442,36.49265234810966,27.046933719090053,0.17294165,0.54422855,3.0429182,0.07651373744010925,-0.005700387060642242,0
0.0065527684,0.0023256377,0.028145548,36.496284,27.096096,0.078786306,0.006561622,0.0023173373,0.028345387,36.499878,27.082485,0.08028330494250571,0.007201884474073137,0.002370552010168987,0.029819930704044442,36.49265234810966,27.046933719090053,0.17294165,0.54422855,3.0429182,0.07651373744010925,-0.005700387060642242,0
0.0065527684,0.0023256377,0.028145548,36.496284,27.096096,0.078786306,0.006561622,0.0023173373,0.028345387,36.499878,27.082485,0.08028330494250571,0.007201884474073137,0.002370552010168987,0.029819930704044442,36.49265234810966,27.046933719090053,0.17294165,0.54422855,3.0429182,0.07651373744010925,-0.005700387060642242,0
0.0065527684,0.0023256377,0.028145548,36.496284,27.096096,0.078786306,0.006561622,0.0023173373,0.028345387,36.499878,27.082485,0.08028330494250571,0.007201884474073137,0.002370552010168987,0.029819930704044442,36.49265234810966,27.046933719090053,0.17294165,0.54422855,3.0429182,0.07651373744010925,-0.005700387060642242,0
0.0065527684,0.0023256377,0.028145548,36.496284,27.096096,0.078786306,0.006561622,0.0023173373,0.028345387,36.499878,27.082485,0.08028330494250571,0.007201884474073137,0.002370552010168987,0.029819930704044442,36.49265234810966,27.046933719090053,0.17294165,0.54422855,3.0429182,0.07651373744010925,-0.005700387060642242,0
0.0065527684,0.0023256377,0.028145548,36.496284,27.096096,0.078786306,0.006561622,0.0023173373,0.028345387,36.499878,27.082485,0.08028330494250571,0.007201884474073137,0.002370552010168987,0.029819930704044442,36.49265234810966,27.046933719090053,0.17294165,0.54422855,3.0429182,0.07651373744010925,-0.005700387060642242,0
0.0065527684,0.0023256377,0.028145548,36.496284,27.096096,0.078786306,0.006561622,0.0023173373,0.028345387,36.499878,27.082485,0.08028330494250571,0.007201884474073137,0.002370552010168987,0.029819930704044442,36.49265234810966,27.046933719090053,0.17294165,0.54422855,3.0429182,0.07651373744010925,-0.005700387060642242,0
0.0065527684,0.0023256377,0.028145548,36.496284,27.096096,0.078786306,0.006561622,0.0023173373,0.028345387,36.499878,27.082485,0.08028330494250571,0.007201884474073137,0.002370552010168987,0.029819930704044442,36.49265234810966,27.046933719090053,0.17294165,0.54422855,3.0429182,0.07651373744010925,-0.005700387060642242,0
0.0065527684,0.0023256377,0.028145548,36.496284,27.096096,0.078786306,0.006561622,0.0023173373,0.028345387,36.499878,27.082485,0.08028330494250571,0.007201884474073137,0.002370552010168987,0.029819930704044442,36.49265234810966,27.046933719090053,0.17294165,0.54422855,3.0429182,0.07651373744010925,-0.005700387060642242,0
0.0065527684,0.0023256377,0.028145548,36.496284,27.096096,0.078786306,0.006561622,0.0023173373,0.028345387,36.499878,27.082485,0.08028330494250571,0.007201884474073137,0.002370552010168987,0.029819930704044442,36.49265234810966,27.046933719090053,0.17294165,0.54422855,3.0429182,0.07651373744010925,-0.005700387060642242,0
0.0065527684,0.0023256377,0.028145548,36.496284,27.096096,0.078786306,0.006561622,0.0023173373,0.028345387,36.499878,27.082485,0.08028330494250571,0.007201884474073137,0.002370552010168987,0.029819930704044442,36.49265234810966,27.046933719090053,0.17294165,0.54422855,3.0429182,0.07651373744010925,-0.005700387060642242,0
0.0065527684,0.0023256377,0.028145548,36.496284,27.096096,0.078786306,0.006561622,0.0023173373,0.028345387,36.499878,27.082485,0.08028330494250571,0.007201884474073137,0.002370552010168987,0.029819930704044442,36.49265234810966,27.046933719090053,0.17294165,0.54422855,3.0429182,0.07651373744010925,-0.005700387060642242,0
0.0065527684,0.0023256377,0.028145548,36.496284,27.096096,0.078786306,0.006561622,0.0023173373,0.028345387,36.499878,27.082485,0.08028330494250571,0.007201884474073137,0.002370552010168987,0.029819930704044442,36.49265234810966,27.046933719090053,0.17294165,0.54422855,3.0429182,0.07651373744010925,-0.005700387060642242,0
0.0065527684,0.0023256377,0.028145548,36.496284,27.096096,0.078786306,0.006561622,0.0023173373,0.028345387,36.499878,27.082485,0.08028330494250571,0.007201884474073137,0.002370552010168987,0.029819930704044442,36.49265234810966,27.046933719090053,0.17294165,0.54422855,3.0429182,0.07651373744010925,-0.005700387060642242,0
0.0065527684,0.0023256377,0.028145548,36.496284,27.096096,0.078786306,0.006561622,0.0023173373,0.028345387,36.499878,27.082485,0.08028330494250571,0.007201884474073137,0.002370552010168987,0.029819930704044442,36.49265234810966,27.046933719090053,0.17294165,0.54422855,3.0429182,0.07651373744010925,-0.005700387060642242,0
0.0065527684,0.0023256377,0.028145548,36.496284,27.096096,0.078786306,0.006561622,0.0023173373,0.028345387,36.499878,27.082485,0.08028330494250571,0.007201884474073137,0.002370552010168987,0.029819930704044442,36.49265234810966,27.046933719090053,0.17294165,0.54422855,3.0429182,0.07651373744010925,-0.005700387060642242,0
0.0065527684,0.0023256377,0.028145548,36.496284,27.096096,0.078786306,0.006561622,0.0023173373,0.028345387,36.499878,27.082485,0.08028330494250571,0.007201884474073137,0.002370552010168987,0.029819930704044442,36.49265234810966,27.046933719090053,0.17294165,0.54422855,3.0429182,0.07651373744010925,-0.005700387060642242,0
0.0065527684,0.0023256377,0.028145548,36.496284,27.096096,0.078786306,0.006561622,0.0023173373,0.028345387,36.499878,27.082485,0.08028330494250571,0.007201884474073137,0.002370552010168987,0.029819930704044442,36.49265234810966,27.046933719090053,0.17294165,0.54422855,3.0429182,0.07651373744010925,-0.005700387060642242,0
0.0065527684,0.0023256377,0.028145548,36.496284,27.096096,0.078786306,0.006561622,0.0023173373,0.028345387,36.499878,27.082485,0.08028330494250571,0.007201884474073137,0.002370552010168987,0.029819930704044442,36.49265234810966,27.046933719090053,0.17294165,0.54422855,3.0429182,0.07651373744010925,-0.005700387060642242,0
0.0065527684,0.0023256377,0.028145548,36.496284,27.096096,0.078786306,0.006561622,0.0023173373,0.028345387,36.499878,27.082485,0.08028330494250571,0.007201884474073137,0.002370552010168987,0.029819930704044442,36.49265234810966,27.046933719090053,0.17294165,0.54422855,3.0429182,0.07651373744010925,-0.005700387060642242,0
0.0065527684,0.0023256377,0.028145548,36.496284,27.096096,0.078786306,0.006561622,0.0023173373,0.028345387,36.499878,27.082485,0.08028330494250571,0.007201884474073137,0.002370552010168987,0.029819930704044442,36.49265234810966,27.046933719090053,0.17294165,0.54422855,3.0429182,0.07651373744010925,-0.005700387060642242,0
0.0065527684,0.0023256377,0.028145548,36.496284,27.096096,0.078786306,0.006561622,0.0023173373,0.028345387,36.499878,27.082485,0.08028330494250571,0.007201884474073137,0.002370552010168987,0.029819930704044442,36.49265234810966,27.046933719090053,0.17294165,0.54422855,3.0429182,0.07651373744010925,-0.005700387060642242,0
0.0065527684,0.0023256377,0.028145548,36.496284,27.096096,0.078786306,0.006561622,0.0023173373,0.028345387,36.499878,27.082485,0.08028330494250571,0.007201884474073137,0.002370552010168987,0.029819930704044442,36.49265234810966,27.046933719090053,0.17294165,0.54422855,3.0429182,0.07651373744010925,-0.005700387060642242,0
0.0065527684,0.0023256377,0.028145548,36.496284,27.096096,0.078786306,0.006561622,0.0023173373,0.028345387,36.499878,27.082485,0.08028330494250571,0.007201884474073137,0.002370552010168987,0.029819930704044442,36.49265234810966,27.046933719090053,0.17294165,0.54422855,3.0429182,0.07651373744010925,-0.005700387060642242,0
0.0065527684,0.0023256377,0.028145548,36.496284,27.096096,0.078786306,0.006561622,0.0023173373,0.028345387,36.499878,27.082485,0.08028330494250571,0.007201884474073137,0.002370552010168987,0.029819930704044442,36.49265234810966,27.046933719090053,0.17294165,0.54422855,3.0429182,0.07651373744010925,-0.005700387060642242,0
0.0065527684,0.0023256377,0.028145548,36.496284,27.096096,0.078786306,0.006561622,0.0023173373,0.028345387,36.499878,27.082485,0.08028330494250571,0.007201884474073137,0.002370552010168987,0.029819930704044442,36.49265234810966,27.046933719090053,0.17294165,0.54422855,3.0429182,0.07651373744010925,-0.005700387060642242,0
0.0065527684,0.0023256377,0.028145548,36.496284,27.096096,0.078786306,0.006561622,0.0023173373,0.028345387,36.499878,27.082485,0.08028330494250571,0.007201884474073137,0.002370552010168987,0.029819930704044442,36.49265234810966,27.046933719090053,0.17294165,0.54422855,3.0429182,0.07651373744010925,-0.005700387060642242,0
0.0065527684,0.0023256377,0.028145548,36.496284,27.096096,0.078786306,0.006561622,0.0023173373,0.028345387,36.499878,27.082485,0.08028330494250571,0.007201884474073137,0.002370552010168987,0.029819930704044442,36.49265234810966,27.046933719090053,0.17294165,0.54422855,3.0429182,0.07651373744010925,-0.005700387060642242,0
0.0065527684,0.0023256377,0.028145548,36.496284,27.096096,0.078786306,0.006561622,0.0023173373,0.028345387,36.499878,27.082485,0.08028330494250571,0.007201884474073137,0.002370552010168987,0.029819930704044442,36.49265234810966,27.046933719090053,0.17294165,0.54422855,3.0429182,0.07651373744010925,-0.005700387060642242,0
0.0065527684,0.0023256377,0.028145548,36.496284,27.096096,0.078786306,0.006561622,0.0023173373,0.028345387,36.499878,27.082485,0.08028330494250571,0.007201884474073137,0.002370552010168987,0.029819930704044442,36.49265234810966,27.046933719090053,0.17294165,0.54422855,3.0429182,0.07651373744010925,-0.005700387060642242,0
0.0065439707,0.0016213721,0.019893494,36.502544,27.328428,0.0514925,0.006543929,0.0016234356,0.019893343,36.490143,27.440718,0.08028330494250571,0.007201884474073137,0.002370552010168987,0.029819930704044442,36.49265234810966,27.046933719090053,0.08150263,0.2477658,3.039973,0.07651373744010925,-0.005700387060642242,0
0.0054770946,0.0017052402,0.016037695,36.321186,27.235628,0.046811484,0.005476996,0.0017073936,0.016037276,36.264698,27.422262,0.08028330494250571,0.007201884474073137,0.002370552010168987,0.029819930704044442,36.49265234810966,27.046933719090053,0.10632701,0.3113403,2.9281392,0.07651373744010925,-0.005700387060642242,0
0.0043530124,0.002110674,0.011451528,36.146313,27.318197,0.041143347,0.004352946,0.0021128615,0.011451141,36.096714,27.503437,0.08028330494250571,0.007201884474073137,0.002370552010168987,0.029819930704044442,36.49265234810966,27.046933719090053,0.18431374,0.48487663,2.6307135,0.07651373744010925,-0.005700387060642242,0
0.003834077,0.002676227,0.008384009,35.94773,27.323997,0.037331715,0.0038340748,0.0026784176,0.008383811,35.914074,27.547634,0.08028330494250571,0.007201884474073137,0.002370552010168987,0.029819930704044442,36.49265234810966,27.046933719090053,0.31920612,0.69801074,2.1867087,0.07651373744010925,-0.005700387060642242,0
0.0039212443,0.0031084449,0.0071643647,35.800625,27.35288,0.03593511,0.0039212876,0.003110617,0.007164333,35.7928,27.618834,0.08028330494250571,0.007201884474073137,0.002370552010168987,0.029819930704044442,36.49265234810966,27.046933719090053,0.43387586,0.792719,1.8270642,0.07651373744010925,-0.005700387060642242,0
0.0043058316,0.0033963642,0.0071052313,35.74955,27.409512,0.03608938,0.00430588,0.0033985167,0.007105266,35.752728,27.712336,0.08028330494250571,0.007201884474073137,0.002370552010168987,0.029819930704044442,36.49265234810966,27.046933719090053,0.47800896,0.7887824,1.6501415,0.07651373744010925,-0.005700387060642242,0
0.0046927067,0.0035619163,0.0072708083,35.72804,27.47538,0.036580708,0.0046927505,0.0035640595,0.0072708586,35.737686,27.78922,0.08028330494250571,0.007201884474073137,0.002370552010168987,0.029819930704044442,36.49265234810966,27.046933719090053,0.48989275,0.75903237,1.5493847,0.07651373744010925,-0.005700387060642242,0
0.0050018285,0.003664334,0.0073148035,35.700882,27.551947,0.036924437,0.005001868,0.0036664675,0.007314858,35.709164,27.842878,0.08028330494250571,0.007201884474073137,0.002370552010168987,0.029819930704044442,36.49265234810966,27.046933719090053,0.5009477,0.7325989,1.462426,0.07651373744010925,-0.005700387060642242,0
0.005273837,0.003735756,0.0074362257,35.67108,27.60811,0.037312314,0.0052738753,0.0037378855,0.0074362876,35.67532,27.869644,0.08028330494250571,0.007201884474073137,0.002370552010168987,0.029819930704044442,36.49265234810966,27.046933719090053,0.5023726,0.7083564,1.4100219,0.07651373744010925,-0.005700387060642242,0
0.0054950253,0.003780763,0.007713468,35.629375,27.632984,0.037785605,0.0054950644,0.0037828896,0.0077135386,35.62969,27.88022,0.08028330494250571,0.007201884474073137,0.002370552010168987,0.029819930704044442,36.49265234810966,27.046933719090053,0.49015087,0.68803376,1.4037184,0.07651373744010925,-0.005700387060642242,0
0.0065527684,0.0023256377,0.028145548,36.496284,27.096096,0.078786306,0.006561622,0.0023173373,0.028345387,36.499878,27.082485,0.08028330494250571,0.007201884474073137,0.002370552010168987,0.029819930704044442,36.49265234810966,27.046933719090053,0.17294165,0.54422855,3.0429182,0.07651373744010925,-0.005700387060642242,0
0.0065527684,0.0023256377,0.028145548,36.496284,27.096096,0.078786306,0.006561622,0.0023173373,0.028345387,36.499878,27.082485,0.08028330494250571,0.007201884474073137,0.002370552010168987,0.029819930704044442,36.49265234810966,27.046933719090053,0.17294165,0.54422855,3.0429182,0.07651373744010925,-0.005700387060642242,0
0.0065527684,0.0023256377,0.028145548,36.496284,27.096096,0.078786306,0.006561622,0.0023173373,0.028345387,36.499878,27.082485,0.08028330494250571,0.007201884474073137,0.002370552010168987,0.029819930704044442,36.49265234810966,27.046933719090053,0.17294165,0.54422855,3.0429182,0.07651373744010925,-0.005700387060642242,0
0.0074406797,0.0006510798,0.022640577,36.483646,27.40776,0.054515798,0.007440816,0.00065319217,0.022640841,36.47348,27.510092,0.08028330494250571,0.007201884474073137,0.002370552010168987,0.029819930704044442,36.49265234810966,27.046933719090053,0.028757209,0.08750273,3.0428102,0.07651373744010925,-0.005700387060642242,0
0.005465701,0.0002642974,0.016598817,36.14799,27.230562,0.04734187,0.005465406,0.0002662941,0.01659796,36.091995,27.39137,0.08028330494250571,0.007201884474073137,0.002370552010168987,0.029819930704044442,36.49265234810966,27.046933719090053,0.015922666,0.048355628,3.0369053,0.07651373744010925,-0.005700387060642242,0
0.0032872977,0.00026212537,0.009270451,35.855133,27.328695,0.03848236,0.003287149,0.00026425146,0.009269898,35.836876,27.490707,0.08028330494250571,0.007201884474073137,0.002370552010168987,0.029819930704044442,36.49265234810966,27.046933719090053,0.028275363,0.07973886,2.8200827,0.07651373744010925,-0.005700387060642242,0
0.0024320865,0.0010108717,0.0050638393,35.708374,27.3924,0.033319943,0.002432078,0.0010130194,0.0050637126,35.71031,27.585083,0.08028330494250571,0.007201884474073137,0.002370552010168987,0.029819930704044442,36.49265234810966,27.046933719090053,0.19962555,0.4156397,2.0820966,0.07651373744010925,-0.005700387060642242,0
0.0028754082,0.0017185713,0.0046100034,35.66878,27.41236,0.032911003,0.0028754487,0.0017207193,0.0046100556,35.677216,27.654318,0.08028330494250571,0.007201884474073137,0.002370552010168987,0.029819930704044442,36.49265234810966,27.046933719090053,0.37279177,0.5976791,1.6032518,0.07651373744010925,-0.005700387060642242,0
0.0037624128,0.002422237,0.0060208,35.675797,27.409647,0.03482923,0.0037624438,0.0024243775,0.006020863,35.683334,27.694378,0.08028330494250571,0.007201884474073137,0.002370552010168987,0.029819930704044442,36.49265234810966,27.046933719090053,0.40231147,0.6437988,1.6002498,0.07651373744010925,-0.005700387060642242,0
0.004320043,0.0029161994,0.006951043,35.679405,27.457104,0.03608545,0.004320052,0.002918356,0.0069510103,35.6763,27.74852,0.08028330494250571,0.007201884474073137,0.002370552010168987,0.029819930704044442,36.49265234810966,27.046933719090053,0.4195341,0.6750394,1.6090217,0.07651373744010925,-0.005700387060642242,0
0.004479774,0.0032461642,0.0068038087,35.618572,27.538574,0.03594215,0.0044797887,0.0032483153,0.006803798,35.620117,27.814856,0.08028330494250571,0.007201884474073137,0.002370552010168987,0.029819930704044442,36.49265234810966,27.046933719090053,0.47710985,0.7246268,1.518784,0.07651373744010925,-0.005700387060642242,0
0.004597419,0.0034907737,0.006571218,35.55181,27.604084,0.035702843,0.004597445,0.0034929167,0.00657125,35.56111,27.865438,0.08028330494250571,0.007201884474073137,0.002370552010168987,0.029819930704044442,36.49265234810966,27.046933719090053,0.53122175,0.7592899,1.4293276,0.07651373744010925,-0.005700387060642242,0
0.004796978,0.0036767155,0.00671459,35.521587,27.671164,0.035937056,0.004797012,0.003678851,0.0067146556,35.53176,27.89748,0.08028330494250571,0.007201884474073137,0.002370552010168987,0.029819930704044442,36.49265234810966,27.046933719090053,0.5475711,0.76646495,1.3997542,0.07651373744010925,-0.005700387060642242,0
0.0065527684,0.0023256377,0.028145548,36.496284,27.096096,0.078786306,0.006561622,0.0023173373,0.028345387,36.499878,27.082485,0.08028330494250571,0.007201884474073137,0.002370552010168987,0.029819930704044442,36.49265234810966,27.046933719090053,0.17294165,0.54422855,3.0429182,0.07651373744010925,-0.005700387060642242,0
0.0065527684,0.0023256377,0.028145548,36.496284,27.096096,0.078786306,0.006561622,0.0023173373,0.028345387,36.499878,27.082485,0.08028330494250571,0.007201884474073137,0.002370552010168987,0.029819930704044442,36.49265234810966,27.046933719090053,0.17294165,0.54422855,3.0429182,0.07651373744010925,-0.005700387060642242,0
0.0065527684,0.0023256377,0.028145548,36.496284,27.096096,0.078786306,0.006561622,0.0023173373,0.028345387,36.499878,27.082485,0.08028330494250571,0.007201884474073137,0.002370552010168987,0.029819930704044442,36.49265234810966,27.046933719090053,0.17294165,0.54422855,3.0429182,0.07651373744010925,-0.005700387060642242,0
0.014039133,0.004481859,0.036212645,36.60902,27.597033,0.069483206,0.014039169,0.0044838665,0.03621271,36.604965,27.692432,0.08028330494250571,0.007201884474073137,0.002370552010168987,0.029819930704044442,36.49265234810966,27.046933719090053,0.12376503,0.31924045,2.5794077,0.07651373744010925,-0.005700387060642242,0
0.010020473,0.0027052069,0.026826123,36.281857,27.343552,0.05879481,0.010020223,0.002707016,0.026825607,36.251602,27.413647,0.08028330494250571,0.007201884474073137,0.002370552010168987,0.029819930704044442,36.49265234810966,27.046933719090053,0.10084226,0.26996797,2.6771314,0.07651373744010925,-0.005700387060642242,0
0.0051422645,0.00024319142,0.015024562,35.898792,27.289717,0.045156553,0.0051418697,0.0002451157,0.015023559,35.879948,27.437618,0.08028330494250571,0.007201884474073137,0.002370552010168987,0.029819930704044442,36.49265234810966,27.046933719090053,0.016186256,0.04729267,2.9217794,0.07651373744010925,-0.005700387060642242,0
0.0026844677,1e-11,0.007828199,35.72176,27.388187,0.036804512,0.0026843913,1e-11,0.007827953,35.725693,27.54038,0.08028330494250571,0.007201884474073137,0.002370552010168987,0.029819930704044442,36.49265234810966,27.046933719090053,1.2774329e-09,3.7251333e-09,2.9161086,0.07651373744010925,-0.005700387060642242,0
0.0029826437,8.763557e-05,0.0070101023,35.6941,27.365541,0.036214538,0.002982719,8.937689e-05,0.007010243,35.70614,27.560434,0.08028330494250571,0.007201884474073137,0.002370552010168987,0.029819930704044442,36.49265234810966,27.046933719090053,0.012501325,0.029381843,2.3502982,0.07651373744010925,-0.005700387060642242,0
0.0043796077,0.0012280667,0.009406356,35.769108,27.281073,0.039445568,0.0043797405,0.001230246,0.009406669,35.787918,27.535671,0.08028330494250571,0.007201884474073137,0.002370552010168987,0.029819930704044442,36.49265234810966,27.046933719090053,0.13055712,0.28040564,2.1477623,0.07651373744010925,-0.005700387060642242,0
0.0049271327,0.0020282199,0.010224549,35.853157,27.3432,0.04049192,0.0049271234,0.0020303442,0.010224489,35.856274,27.587978,0.08028330494250571,0.007201884474073137,0.002370552010168987,0.029819930704044442,36.49265234810966,27.046933719090053,0.19836766,0.41164303,2.075152,0.07651373744010925,-0.005700387060642242,0
0.0045463108,0.0025492846,0.008461728,35.802814,27.497364,0.038093243,0.0045462945,0.0025514325,0.008461615,35.78599,27.749134,0.08028330494250571,0.007201884474073137,0.002370552010168987,0.029819930704044442,36.49265234810966,27.046933719090053,0.30127236,0.560737,1.8612295,0.07651373744010925,-0.005700387060642242,0
0.0042487653,0.0030283215,0.006841273,35.64599,27.757769,0.035885606,0.004248773,0.0030304873,0.006841218,35.63972,27.920326,0.08028330494250571,0.007201884474073137,0.002370552010168987,0.029819930704044442,36.49265234810966,27.046933719090053,0.44265467,0.7127533,1.6101791,0.07651373744010925,-0.005700387060642242,0
0.0042351577,0.0035324178,0.005990469,35.527622,27.884413,0.034704685,0.004235186,0.0035345596,0.0059905048,35.529167,28.008747,0.08028330494250571,0.007201884474073137,0.002370552010168987,0.029819930704044442,36.49265234810966,27.046933719090053,0.589673,0.83406997,1.4144619,0.07651373744010925,-0.005700387060642242,0
0.0065527684,0.0023256377,0.028145548,36.496284,27.096096,0.078786306,0.006561622,0.0023173373,0.028345387,36.499878,27.082485,0.08028330494250571,0.007201884474073137,0.002370552010168987,0.029819930704044442,36.49265234810966,27.046933719090053,0.17294165,0.54422855,3.0429182,0.07651373744010925,-0.005700387060642242,0
0.0065527684,0.0023256377,0.028145548,36.496284,27.096096,0.078786306,0.006561622,0.0023173373,0.028345387,36.499878,27.082485,0.08028330494250571,0.007201884474073137,0.002370552010168987,0.029819930704044442,36.49265234810966,27.046933719090053,0.17294165,0.54422855,3.0429182,0.07651373744010925,-0.005700387060642242,0
0.0065527684,0.0023256377,0.028145548,36.496284,27.096096,0.078786306,0.006561622,0.0023173373,0.028345387,36.499878,27.082485,0.08028330494250571,0.007201884474073137,0.002370552010168987,0.029819930704044442,36.49265234810966,27.046933719090053,0.17294165,0.54422855,3.0429182,0.07651373744010925,-0.005700387060642242,0
0.032656703,0.02861739,0.062224925,36.601868,27.770882,0.097836494,0.032658804,0.028624047,0.062227,36.601105,27.84109,0.08028330494250571,0.007201884474073137,0.002370552010168987,0.029819930704044442,36.49265234810966,27.046933719090053,0.45990235,0.8763098,1.9054258,0.07651373744010925,-0.005700387060642242,0
0.026765363,0.028240526,0.05207902,36.426743,27.425089,0.086675264,0.02676528,0.028244002,0.05207871,36.41965,27.508247,0.08028330494250571,0.007201884474073137,0.002370552010168987,0.029819930704044442,36.49265234810966,27.046933719090053,0.54226303,1.0551146,1.9457617,0.07651373744010925,-0.005700387060642242,0
0.016836831,0.017778715,0.03549514,36.095623,27.242895,0.06861156,0.01683597,0.017779544,0.035493676,36.084175,27.377617,0.08028330494250571,0.007201884474073137,0.002370552010168987,0.029819930704044442,36.49265234810966,27.046933719090053,0.50087744,1.0559418,2.108184,0.07651373744010925,-0.005700387060642242,0
0.010429957,0.008855582,0.023375748,35.83874,27.292751,0.055575665,0.010429641,0.008857183,0.02337517,35.842842,27.436441,0.08028330494250571,0.007201884474073137,0.002370552010168987,0.029819930704044442,36.49265234810966,27.046933719090053,0.3788363,0.8490526,2.2412124,0.07651373744010925,-0.005700387060642242,0
0.008812104,0.0053614443,0.019757051,35.76719,27.270895,0.052234154,0.008812193,0.0053635887,0.01975725,35.77625,27.448084,0.08028330494250571,0.007201884474073137,0.002370552010168987,0.029819930704044442,36.49265234810966,27.046933719090053,0.27136865,0.60841817,2.2420356,0.07651373744010925,-0.005700387060642242,0
0.009066458,0.004615575,0.020346252,35.874523,27.264736,0.053612065,0.009066532,0.0046177427,0.020346396,35.893833,27.45682,0.08028330494250571,0.007201884474073137,0.002370552010168987,0.029819930704044442,36.49265234810966,27.046933719090053,0.22685136,0.5090825,2.2441237,0.07651373744010925,-0.005700387060642242,0
0.007858268,0.0031000627,0.018280432,35.974106,27.391914,0.051252764,0.007858147,0.0031021025,0.018280104,35.9805,27.53283,0.08028330494250571,0.007201884474073137,0.002370552010168987,0.029819930704044442,36.49265234810966,27.046933719090053,0.16958368,0.39449695,2.3262672,0.07651373744010925,-0.005700387060642242,0
0.0054747793,0.0022851934,0.011976921,35.864815,27.632944,0.04290481,0.0054746703,0.0022872982,0.011976556,35.85936,27.776505,0.08028330494250571,0.007201884474073137,0.002370552010168987,0.029819930704044442,36.49265234810966,27.046933719090053,0.19079974,0.41740376,2.1876538,0.07651373744010925,-0.005700387060642242,0
0.004481754,0.0024276671,0.008750139,35.756393,27.776138,0.03853248,0.0044817226,0.0024298094,0.008749979,35.757004,27.967272,0.08028330494250571,0.007201884474073137,0.002370552010168987,0.029819930704044442,36.49265234810966,27.046933719090053,0.27744326,0.54167795,1.9523916,0.07651373744010925,-0.005700387060642242,0
0.0065527684,0.0023256377,0.028145548,36.496284,27.096096,0.078786306,0.006561622,0.0023173373,0.028345387,36.499878,27.082485,0.08028330494250571,0.007201884474073137,0.002370552010168987,0.029819930704044442,36.49265234810966,27.046933719090053,0.17294165,0.54422855,3.0429182,0.07651373744010925,-0.005700387060642242,0
0.0065527684,0.0023256377,0.028145548,36.496284,27.096096,0.078786306,0.006561622,0.0023173373,0.028345387,36.499878,27.082485,0.08028330494250571,0.007201884474073137,0.002370552010168987,0.029819930704044442,36.49265234810966,27.046933719090053,0.17294165,0.54422855,3.0429182,0.07651373744010925,-0.005700387060642242,0
0.0065527684,0.0023256377,0.028145548,36.496284,27.096096,0.078786306,0.006561622,0.0023173373,0.028345387,36.499878,27.082485,0.08028330494250571,0.007201884474073137,0.002370552010168987,0.029819930704044442,36.49265234810966,27.046933719090053,0.17294165,0.54422855,3.0429182,0.07651373744010925,-0.005700387060642242,0
0.0065527684,0.0023256377,0.028145548,36.496284,27.096096,0.078786306,0.006561622,0.0023173373,0.028345387,36.499878,27.082485,0.08028330494250571,0.007201884474073137,0.002370552010168987,0.029819930704044442,36.49265234810966,27.046933719090053,0.17294165,0.54422855,3.0429182,0.07651373744010925,-0.005700387060642242,0
0.06726745,0.10516637,0.10140895,36.424507,27.929104,0.13888438,0.06726824,0.1051718,0.10140976,36.408993,27.966324,0.08028330494250571,0.007201884474073137,0.002370552010168987,0.029819930704044442,36.49265234810966,27.046933719090053,1.0370522,1.5634066,1.5075487,0.07651373744010925,-0.005700387060642242,0
0.059476707,0.115710676,0.091770776,36.241592,27.434933,0.12788449,0.059479043,0.11572009,0.091773644,36.21788,27.53114,0.08028330494250571,0.007201884474073137,0.002370552010168987,0.029819930704044442,36.49265234810966,27.046933719090053,1.2608663,1.9454788,1.5429701,0.07651373744010925,-0.005700387060642242,0
0.046283588,0.09951246,0.07410774,36.231434,27.268888,0.10926522,0.04628325,0.09951656,0.07410726,36.230667,27.405346,0.08028330494250571,0.007201884474073137,0.002370552010168987,0.029819930704044442,36.49265234810966,27.046933719090053,1.342808,2.1500592,1.6011666,0.07651373744010925,-0.005700387060642242,0
0.03427075,0.06828645,0.056710914,36.123215,27.260876,0.09219215,0.034270246,0.06828737,0.05671024,36.12942,27.419683,0.08028330494250571,0.007201884474073137,0.002370552010168987,0.029819930704044442,36.49265234810966,27.046933719090053,1.2041148,1.9925579,1.6547906,0.07651373744010925,-0.005700387060642242,0
0.027177377,0.044213817,0.04660002,36.052742,27.274517,0.08299499,0.027177418,0.044215936,0.04660007,36.06791,27.45855,0.08028330494250571,0.007201884474073137,0.002370552010168987,0.029819930704044442,36.49265234810966,27.046933719090053,0.9487939,1.6268611,1.7146622,0.07651373744010925,-0.005700387060642242,0
0.02165998,0.025322815,0.040121492,36.120556,27.348434,0.07742834,0.021660073,0.025325049,0.04012158,36.13172,27.48586,0.08028330494250571,0.007201884474073137,0.002370552010168987,0.029819930704044442,36.49265234810966,27.046933719090053,0.6311534,1.1691061,1.8523328,0.07651373744010925,-0.005700387060642242,0
0.014781129,0.009940217,0.032561317,36.112877,27.3465,0.0695546,0.014781038,0.009942068,0.03256115,36.11958,27.53034,0.08028330494250571,0.007201884474073137,0.002370552010168987,0.029819930704044442,36.49265234810966,27.046933719090053,0.30527687,0.6724938,2.2028978,0.07651373744010925,-0.005700387060642242,0
0.0065527684,0.0023256377,0.028145548,36.496284,27.096096,0.078786306,0.006561622,0.0023173373,0.028345387,36.499878,27.082485,0.08028330494250571,0.007201884474073137,0.002370552010168987,0.029819930704044442,36.49265234810966,27.046933719090053,0.17294165,0.54422855,3.0429182,0.07651373744010925,-0.005700387060642242,0
0.0065527684,0.0023256377,0.028145548,36.496284,27.096096,0.078786306,0.006561622,0.0023173373,0.028345387,36.499878,27.082485,0.08028330494250571,0.007201884474073137,0.002370552010168987,0.029819930704044442,36.49265234810966,27.046933719090053,0.17294165,0.54422855,3.0429182,0.07651373744010925,-0.005700387060642242,0
0.0065527684,0.0023256377,0.028145548,36.496284,27.096096,0.078786306,0.006561622,0.0023173373,0.028345387,36.499878,27.082485,0.08028330494250571,0.007201884474073137,0.002370552010168987,0.029819930704044442,36.49265234810966,27.046933719090053,0.17294165,0.54422855,3.0429182,0.07651373744010925,-0.005700387060642242,0
0.0065527684,0.0023256377,0.028145548,36.496284,27.096096,0.078786306,0.006561622,0.0023173373,0.028345387,36.499878,27.082485,0.08028330494250571,0.007201884474073137,0.002370552010168987,0.029819930704044442,36.49265234810966,27.046933719090053,0.17294165,0.54422855,3.0429182,0.07651373744010925,-0.005700387060642242,0
0.0065527684,0.0023256377,0.028145548,36.496284,27.096096,0.078786306,0.006561622,0.0023173373,0.028345387,36.499878,27.082485,0.08028330494250571,0.007201884474073137,0.002370552010168987,0.029819930704044442,36.49265234810966,27.046933719090053,0.17294165,0.54422855,3.0429182,0.07651373744010925,-0.005700387060642242,0
0.0065527684,0.0023256377,0.028145548,36.496284,27.096096,0.078786306,0.006561622,0.0023173373,0.028345387,36.499878,27.082485,0.08028330494250571,0.007201884474073137,0.002370552010168987,0.029819930704044442,36.49265234810966,27.046933719090053,0.17294165,0.54422855,3.0429182,0.07651373744010925,-0.005700387060642242,0
0.09725396,0.20517392,0.1366857,36.322163,27.945183,0.17298147,0.09725392,0.2051788,0.1366858,36.228558,27.91777,0.08028330494250571,0.007201884474073137,0.002370552010168987,0.029819930704044442,36.49265234810966,27.046933719090053,1.5010636,2.1096716,1.4054512,0.07651373744010925,-0.005700387060642242,0
0.0950534,0.27797368,0.13831177,35.99721,27.456339,0.1695238,0.09505458,0.27798346,0.13831353,35.787964,27.447918,0.08028330494250571,0.007201884474073137,0.002370552010168987,0.029819930704044442,36.49265234810966,27.046933719090053,2.0097616,2.924395,1.4550955,0.07651373744010925,-0.005700387060642242,0
0.08271865,0.2780094,0.12423471,36.042736,27.345013,0.15376732,0.082719296,0.2780286,0.12423646,35.717056,27.439135,0.08028330494250571,0.007201884474073137,0.002370552010168987,0.029819930704044442,36.49265234810966,27.046933719090053,2.2377756,3.3609037,1.5018948,0.07651373744010925,-0.005700387060642242,0
0.06758424,0.2054811,0.10116414,36.090553,27.383854,0.13457716,0.067584515,0.20548625,0.10116436,36.03983,27.522297,0.08028330494250571,0.007201884474073137,0.002370552010168987,0.029819930704044442,36.49265234810966,27.046933719090053,2.0311654,3.04037,1.4968599,0.07651373744010925,-0.005700387060642242,0
0.055158664,0.13621506,0.082021624,36.16728,27.41401,0.11912289,0.05515882,0.1362171,0.08202158,36.17541,27.597118,0.08028330494250571,0.007201884474073137,0.002370552010168987,0.029819930704044442,36.49265234810966,27.046933719090053,1.6607213,2.4695134,1.4870125,0.07651373744010925,-0.005700387060642242,0
0.04232649,0.07403674,0.06438292,36.221256,27.39036,0.10402413,0.042326424,0.07403789,0.06438262,36.230278,27.598845,0.08028330494250571,0.007201884474073137,0.002370552010168987,0.029819930704044442,36.49265234810966,27.046933719090053,1.1499438,1.7491821,1.5211022,0.07651373744010925,-0.005700387060642242,0
0.0065527684,0.0023256377,0.028145548,36.496284,27.096096,0.078786306,0.006561622,0.0023173373,0.028345387,36.499878,27.082485,0.08028330494250571,0.007201884474073137,0.002370552010168987,0.029819930704044442,36.49265234810966,27.046933719090053,0.17294165,0.54422855,3.0429182,0.07651373744010925,-0.005700387060642242,0
0.0065527684,0.0023256377,0.028145548,36.496284,27.096096,0.078786306,0.006561622,0.0023173373,0.028345387,36.499878,27.082485,0.08028330494250571,0.007201884474073137,0.002370552010168987,0.029819930704044442,36.49265234810966,27.046933719090053,0.17294165,0.54422855,3.0429182,0.07651373744010925,-0.005700387060642242,0
0.0065527684,0.0023256377,0.028145548,36.496284,27.096096,0.078786306,0.006561622,0.0023173373,0.028345387,36.499878,27.082485,0.08028330494250571,0.007201884474073137,0.002370552010168987,0.029819930704044442,36.49265234810966,27.046933719090053,0.17294165,0.54422855,3.0429182,0.07651373744010925,-0.005700387060642242,0
0.0065527684,0.0023256377,0.028145548,36.496284,27.096096,0.078786306,0.006561622,0.0023173373,0.028345387,36.499878,27.082485,0.08028330494250571,0.007201884474073137,0.002370552010168987,0.029819930704044442,36.49265234810966,27.046933719090053,0.17294165,0.54422855,3.0429182,0.07651373744010925,-0.005700387060642242,0
0.0065527684,0.0023256377,0.028145548,36.496284,27.096096,0.078786306,0.006561622,0.0023173373,0.028345387,36.499878,27.082485,0.08028330494250571,0.007201884474073137,0.002370552010168987,0.029819930704044442,36.49265234810966,27.046933719090053,0.17294165,0.54422855,3.0429182,0.07651373744010925,-0.005700387060642242,0
0.0065527684,0.0023256377,0.028145548,36.496284,27.096096,0.078786306,0.006561622,0.0023173373,0.028345387,36.499878,27.082485,0.08028330494250571,0.007201884474073137,0.002370552010168987,0.029819930704044442,36.49265234810966,27.046933719090053,0.17294165,0.54422855,3.0429182,0.07651373744010925,-0.005700387060642242,0
0.0065527684,0.0023256377,0.028145548,36.496284,27.096096,0.078786306,0.006561622,0.0023173373,0.028345387,36.499878,27.082485,0.08028330494250571,0.007201884474073137,0.002370552010168987,0.029819930704044442,36.49265234810966,27.046933719090053,0.17294165,0.54422855,3.0429182,0.07651373744010925,-0.005700387060642242,0
0.0065527684,0.0023256377,0.028145548,36.496284,27.096096,0.078786306,0.006561622,0.0023173373,0.028345387,36.499878,27.082485,0.08028330494250571,0.007201884474073137,0.002370552010168987,0.029819930704044442,36.49265234810966,27.046933719090053,0.17294165,0.54422855,3.0429182,0.07651373744010925,-0.005700387060642242,0
0.120215885,0.520956,0.18210447,35.99046,27.582699,0.19771275,0.120215766,0.52096856,0.18210582,35.53879,27.470839,0.08028330494250571,0.007201884474073137,0.002370552010168987,0.029819930704044442,36.49265234810966,27.046933719090053,2.8607533,4.3335037,1.514812,0.07651373744010925,-0.005700387060642242,0
0.109473415,0.5423355,0.17324346,36.086338,27.517862,0.1846311,0.109473534,0.54283595,0.17329443,35.21483,27.50841,0.08028330494250571,0.007201884474073137,0.002370552010168987,0.029819930704044442,36.49265234810966,27.046933719090053,3.1304817,4.9540386,1.5825163,0.07651373744010925,-0.005700387060642242,0
0.0952475,0.38890842,0.14350781,36.05656,27.52086,0.16730143,0.095248066,0.38891932,0.14350908,35.766666,27.631172,0.08028330494250571,0.007201884474073137,0.002370552010168987,0.029819930704044442,36.49265234810966,27.046933719090053,2.7100158,4.083135,1.5066832,0.07651373744010925,-0.005700387060642242,0
0.08551039,0.28646618,0.12362987,36.032463,27.550785,0.15534101,0.08551087,0.28646988,0.123630255,36.003757,27.74446,0.08028330494250571,0.007201884474073137,0.002370552010168987,0.029819930704044442,36.49265234810966,27.046933719090053,2.3171277,3.3500745,1.4457877,0.07651373744010925,-0.005700387060642242,0
0.0065527684,0.0023256377,0.028145548,36.496284,27.096096,0.078786306,0.006561622,0.0023173373,0.028345387,36.499878,27.082485,0.08028330494250571,0.007201884474073137,0.002370552010168987,0.029819930704044442,36.49265234810966,27.046933719090053,0.17294165,0.54422855,3.0429182,0.07651373744010925,-0.005700387060642242,0
0.0065527684,0.0023256377,0.028145548,36.496284,27.096096,0.078786306,0.006561622,0.0023173373,0.028345387,36.499878,27.082485,0.08028330494250571,0.007201884474073137,0.002370552010168987,0.029819930704044442,36.49265234810966,27.046933719090053,0.17294165,0.54422855,3.0429182,0.07651373744010925,-0.005700387060642242,0
0.0065527684,0.0023256377,0.028145548,36.496284,27.096096,0.078786306,0.006561622,0.0023173373,0.028345387,36.499878,27.082485,0.08028330494250571,0.007201884474073137,0.002370552010168987,0.029819930704044442,36.49265234810966,27.046933719090053,0.17294165,0.54422855,3.0429182,0.07651373744010925,-0.005700387060642242,0
0.0065527684,0.0023256377,0.028145548,36.496284,27.096096,0.078786306,0.006561622,0.0023173373,0.028345387,36.499878,27.082485,0.08028330494250571,0.007201884474073137,0.002370552010168987,0.029819930704044442,36.49265234810966,27.046933719090053,0.17294165,0.54422855,3.0429182,0.07651373744010925,-0.005700387060642242,0
0.0065527684,0.0023256377,0.028145548,36.496284,27.096096,0.078786306,0.006561622,0.0023173373,0.028345387,36.499878,27.082485,0.08028330494250571,0.007201884474073137,0.002370552010168987,0.029819930704044442,36.49265234810966,27.046933719090053,0.17294165,0.54422855,3.0429182,0.07651373744010925,-0.005700387060642242,0
0.0065527684,0.0023256377,0.028145548,36.496284,27.096096,0.078786306,0.006561622,0.0023173373,0.028345387,36.499878,27.082485,0.08028330494250571,0.007201884474073137,0.002370552010168987,0.029819930704044442,36.49265234810966,27.046933719090053,0.17294165,0.54422855,3.0429182,0.07651373744010925,-0.005700387060642242,0
0.0065527684,0.0023256377,0.028145548,36.496284,27.096096,0.078786306,0.006561622,0.0023173373,0.028345387,36.499878,27.082485,0.08028330494250571,0.007201884474073137,0.002370552010168987,0.029819930704044442,36.49265234810966,27.046933719090053,0.17294165,0.54422855,3.0429182,0.07651373744010925,-0.005700387060642242,0
0.0065527684,0.0023256377,0.028145548,36.496284,27.096096,0.078786306,0.006561622,0.0023173373,0.028345387,36.499878,27.082485,0.08028330494250571,0.007201884474073137,0.002370552010168987,0.029819930704044442,36.49265234810966,27.046933719090053,0.17294165,0.54422855,3.0429182,0.07651373744010925,-0.005700387060642242,0
0.0065527684,0.0023256377,0.028145548,36.496284,27.096096,0.078786306,0.006561622,0.0023173373,0.028345387,36.499878,27.082485,0.08028330494250571,0.007201884474073137,0.002370552010168987,0.029819930704044442,36.49265234810966,27.046933719090053,0.17294165,0.54422855,3.0429182,0.07651373744010925,-0.005700387060642242,0
0.0065527684,0.0023256377,0.028145548,36.496284,27.096096,0.078786306,0.006561622,0.0023173373,0.028345387,36.499878,27.082485,0.08028330494250571,0.007201884474073137,0.002370552010168987,0.029819930704044442,36.49265234810966,27.046933719090053,0.17294165,0.54422855,3.0429182,0.07651373744010925,-0.005700387060642242,0
0.0065527684,0.0023256377,0.028145548,36.496284,27.096096,0.078786306,0.006561622,0.0023173373,0.028345387,36.499878,27.082485,0.08028330494250571,0.007201884474073137,0.002370552010168987,0.029819930704044442,36.49265234810966,27.046933719090053,0.17294165,0.54422855,3.0429182,0.07651373744010925,-0.005700387060642242,0
0.0065527684,0.0023256377,0.028145548,36.496284,27.096096,0.078786306,0.006561622,0.0023173373,0.028345387,36.499878,27.082485,0.08028330494250571,0.007201884474073137,0.002370552010168987,0.029819930704044442,36.49265234810966,27.046933719090053,0.17294165,0.54422855,3.0429182,0.07651373744010925,-0.005700387060642242,0
0.0065527684,0.0023256377,0.028145548,36.496284,27.096096,0.078786306,0.006561622,0.0023173373,0.028345387,36.499878,27.082485,0.08028330494250571,0.007201884474073137,0.002370552010168987,0.029819930704044442,36.49265234810966,27.046933719090053,0.17294165,0.54422855,3.0429182,0.07651373744010925,-0.005700387060642242,0
0.0065527684,0.0023256377,0.028145548,36.496284,27.096096,0.078786306,0.006561622,0.0023173373,0.028345387,36.499878,27.082485,0.08028330494250571,0.007201884474073137,0.002370552010168987,0.029819930704044442,36.49265234810966,27.046933719090053,0.17294165,0.54422855,3.0429182,0.07651373744010925,-0.005700387060642242,0
0.0065527684,0.0023256377,0.028145548,36.496284,27.096096,0.078786306,0.006561622,0.0023173373,0.028345387,36.499878,27.082485,0.08028330494250571,0.007201884474073137,0.002370552010168987,0.029819930704044442,36.49265234810966,27.046933719090053,0.17294165,0.54422855,3.0429182,0.07651373744010925,-0.005700387060642242,0
0.0065527684,0.0023256377,0.028145548,36.496284,27.096096,0.078786306,0.006561622,0.0023173373,0.028345387,36.499878,27.082485,0.08028330494250571,0.007201884474073137,0.002370552010168987,0.029819930704044442,36.49265234810966,27.046933719090053,0.17294165,0.54422855,3.0429182,0.07651373744010925,-0.005700387060642242,0
0.0065527684,0.0023256377,0.028145548,36.496284,27.096096,0.078786306,0.006561622,0.0023173373,0.028345387,36.499878,27.082485,0.08028330494250571,0.007201884474073137,0.002370552010168987,0.029819930704044442,36.49265234810966,27.046933719090053,0.17294165,0.54422855,3.0429182,0.07651373744010925,-0.005700387060642242,0
0.0065527684,0.0023256377,0.028145548,36.496284,27.096096,0.078786306,0.006561622,0.0023173373,0.028345387,36.499878,27.082485,0.08028330494250571,0.007201884474073137,0.002370552010168987,0.029819930704044442,36.49265234810966,27.046933719090053,0.17294165,0.54422855,3.0429182,0.07651373744010925,-0.005700387060642242,0
0.0065527684,0.0023256377,0.028145548,36.496284,27.096096,0.078786306,0.006561622,0.0023173373,0.028345387,36.499878,27.082485,0.08028330494250571,0.007201884474073137,0.002370552010168987,0.029819930704044442,36.49265234810966,27.046933719090053,0.17294165,0.54422855,3.0429182,0.07651373744010925,-0.005700387060642242,0
0.0065527684,0.0023256377,0.028145548,36.496284,27.096096,0.078786306,0.006561622,0.0023173373,0.028345387,36.499878,27.082485,0.08028330494250571,0.007201884474073137,0.002370552010168987,0.029819930704044442,36.49265234810966,27.046933719090053,0.17294165,0.54422855,3.0429182,0.07651373744010925,-0.005700387060642242,0
0.0065527684,0.0023256377,0.028145548,36.496284,27.096096,0.078786306,0.006561622,0.0023173373,0.028345387,36.499878,27.082485,0.08028330494250571,0.007201884474073137,0.002370552010168987,0.029819930704044442,36.49265234810966,27.046933719090053,0.17294165,0.54422855,3.0429182,0.07651373744010925,-0.005700387060642242,0
0.0065527684,0.0023256377,0.028145548,36.496284,27.096096,0.078786306,0.006561622,0.0023173373,0.028345387,36.499878,27.082485,0.08028330494250571,0.007201884474073137,0.002370552010168987,0.029819930704044442,36.49265234810966,27.046933719090053,0.17294165,0.54422855,3.0429182,0.07651373744010925,-0.005700387060642242,0
0.0065527684,0.0023256377,0.028145548,36.496284,27.096096,0.078786306,0.006561622,0.0023173373,0.028345387,36.499878,27.082485,0.08028330494250571,0.007201884474073137,0.002370552010168987,0.029819930704044442,36.49265234810966,27.046933719090053,0.17294165,0.54422855,3.0429182,0.07651373744010925,-0.005700387060642242,0
0.0065527684,0.0023256377,0.028145548,36.496284,27.096096,0.078786306,0.006561622,0.0023173373,0.028345387,36.499878,27.082485,0.08028330494250571,0.007201884474073137,0.002370552010168987,0.029819930704044442,36.49265234810966,27.046933719090053,0.17294165,0.54422855,3.0429182,0.07651373744010925,-0.005700387060642242,0
0.0065527684,0.0023256377,0.028145548,36.496284,27.096096,0.078786306,0.006561622,0.0023173373,0.028345387,36.499878,27.082485,0.08028330494250571,0.007201884474073137,0.002370552010168987,0.029819930704044442,36.49265234810966,27.046933719090053,0.17294165,0.54422855,3.0429182,0.07651373744010925,-0.005700387060642242,0
0.0065527684,0.0023256377,0.028145548,36.496284,27.096096,0.078786306,0.006561622,0.0023173373,0.028345387,36.499878,27.082485,0.08028330494250571,0.007201884474073137,0.002370552010168987,0.029819930704044442,36.49265234810966,27.046933719090053,0.17294165,0.54422855,3.0429182,0.07651373744010925,-0.005700387060642242,0
0.0065527684,0.0023256377,0.028145548,36.496284,27.096096,0.078786306,0.006561622,0.0023173373,0.028345387,36.499878,27.082485,0.08028330494250571,0.007201884474073137,0.002370552010168987,0.029819930704044442,36.49265234810966,27.046933719090053,0.17294165,0.54422855,3.0429182,0.07651373744010925,-0.005700387060642242,0
0.0065527684,0.0023256377,0.028145548,36.496284,27.096096,0.078786306,0.006561622,0.0023173373,0.028345387,36.499878,27.082485,0.08028330494250571,0.007201884474073137,0.002370552010168987,0.029819930704044442,36.49265234810966,27.046933719090053,0.17294165,0.54422855,3.0429182,0.07651373744010925,-0.005700387060642242,0
0.0065527684,0.0023256377,0.028145548,36.496284,27.096096,0.078786306,0.006561622,0.0023173373,0.028345387,36.499878,27.082485,0.08028330494250571,0.007201884474073137,0.002370552010168987,0.029819930704044442,36.49265234810966,27.046933719090053,0.17294165,0.54422855,3.0429182,0.07651373744010925,-0.005700387060642242,0
0.0065527684,0.0023256377,0.028145548,36.496284,27.096096,0.078786306,0.006561622,0.0023173373,0.028345387,36.499878,27.082485,0.08028330494250571,0.007201884474073137,0.002370552010168987,0.029819930704044442,36.49265234810966,27.046933719090053,0.17294165,0.54422855,3.0429182,0.07651373744010925,-0.005700387060642242,0
0.0065527684,0.0023256377,0.028145548,36.496284,27.096096,0.078786306,0.006561622,0.0023173373,0.028345387,36.499878,27.082485,0.08028330494250571,0.007201884474073137,0.002370552010168987,0.029819930704044442,36.49265234810966,27.046933719090053,0.17294165,0.54422855,3.0429182,0.07651373744010925,-0.005700387060642242,0
0.0065527684,0.0023256377,0.028145548,36.496284,27.096096,0.078786306,0.006561622,0.0023173373,0.028345387,36.499878,27.082485,0.08028330494250571,0.007201884474073137,0.002370552010168987,0.029819930704044442,36.49265234810966,27.046933719090053,0.17294165,0.54422855,3.0429182,0.07651373744010925,-0.005700387060642242,0
0.0065527684,0.0023256377,0.028145548,36.496284,27.096096,0.078786306,0.006561622,0.0023173373,0.028345387,36.499878,27.082485,0.08028330494250571,0.007201884474073137,0.002370552010168987,0.029819930704044442,36.49265234810966,27.046933719090053,0.17294165,0.54422855,3.0429182,0.07651373744010925,-0.005700387060642242,0
0.0065527684,0.0023256377,0.028145548,36.496284,27.096096,0.078786306,0.006561622,0.0023173373,0.028345387,36.499878,27.082485,0.08028330494250571,0.007201884474073137,0.002370552010168987,0.029819930704044442,36.49265234810966,27.046933719090053,0.17294165,0.54422855,3.0429182,0.07651373744010925,-0.005700387060642242,0
0.0065527684,0.0023256377,0.028145548,36.496284,27.096096,0.078786306,0.006561622,0.0023173373,0.028345387,36.499878,27.082485,0.08028330494250571,0.007201884474073137,0.002370552010168987,0.029819930704044442,36.49265234810966,27.046933719090053,0.17294165,0.54422855,3.0429182,0.07651373744010925,-0.005700387060642242,0
0.0065527684,0.0023256377,0.028145548,36.496284,27.096096,0.078786306,0.006561622,0.0023173373,0.028345387,36.499878,27.082485,0.08028330494250571,0.007201884474073137,0.002370552010168987,0.029819930704044442,36.49265234810966,27.046933719090053,0.17294165,0.54422855,3.0429182,0.07651373744010925,-0.005700387060642242,0
0.0065527684,0.0023256377,0.028145548,36.496284,27.096096,0.078786306,0.006561622,0.0023173373,0.028345387,36.499878,27.082485,0.08028330494250571,0.007201884474073137,0.002370552010168987,0.029819930704044442,36.49265234810966,27.046933719090053,0.17294165,0.54422855,3.0429182,0.07651373744010925,-0.005700387060642242,0
0.0065527684,0.0023256377,0.028145548,36.496284,27.096096,0.078786306,0.006561622,0.0023173373,0.028345387,36.499878,27.082485,0.08028330494250571,0.007201884474073137,0.002370552010168987,0.029819930704044442,36.49265234810966,27.046933719090053,0.17294165,0.54422855,3.0429182,0.07651373744010925,-0.005700387060642242,0
0.0065527684,0.0023256377,0.028145548,36.496284,27.096096,0.078786306,0.006561622,0.0023173373,0.028345387,36.499878,27.082485,0.08028330494250571,0.007201884474073137,0.002370552010168987,0.029819930704044442,36.49265234810966,27.046933719090053,0.17294165,0.54422855,3.0429182,0.07651373744010925,-0.005700387060642242,0
0.0065527684,0.0023256377,0.028145548,36.496284,27.096096,0.078786306,0.006561622,0.0023173373,0.028345387,36.499878,27.082485,0.08028330494250571,0.007201884474073137,0.002370552010168987,0.029819930704044442,36.49265234810966,27.046933719090053,0.17294165,0.54422855,3.0429182,0.07651373744010925,-0.005700387060642242,0
0.0065527684,0.0023256377,0.028145548,36.496284,27.096096,0.078786306,0.006561622,0.0023173373,0.028345387,36.499878,27.082485,0.08028330494250571,0.007201884474073137,0.002370552010168987,0.029819930704044442,36.49265234810966,27.046933719090053,0.17294165,0.54422855,3.0429182,0.07651373744010925,-0.005700387060642242,0
0.0065527684,0.0023256377,0.028145548,36.496284,27.096096,0.078786306,0.006561622,0.0023173373,0.028345387,36.499878,27.082485,0.08028330494250571,0.007201884474073137,0.002370552010168987,0.029819930704044442,36.49265234810966,27.046933719090053,0.17294165,0.54422855,3.0429182,0.07651373744010925,-0.005700387060642242,0
0.0065527684,0.0023256377,0.028145548,36.496284,27.096096,0.078786306,0.006561622,0.0023173373,0.028345387,36.499878,27.082485,0.08028330494250571,0.007201884474073137,0.002370552010168987,0.029819930704044442,36.49265234810966,27.046933719090053,0.17294165,0.54422855,3.0429182,0.07651373744010925,-0.005700387060642242,0
0.0065527684,0.0023256377,0.028145548,36.496284,27.096096,0.078786306,0.006561622,0.0023173373,0.028345387,36.499878,27.082485,0.08028330494250571,0.007201884474073137,0.002370552010168987,0.029819930704044442,36.49265234810966,27.046933719090053,0.17294165,0.54422855,3.0429182,0.07651373744010925,-0.005700387060642242,0
0.0065527684,0.0023256377,0.028145548,36.496284,27.096096,0.078786306,0.006561622,0.0023173373,0.028345387,36.499878,27.082485,0.08028330494250571,0.007201884474073137,0.002370552010168987,0.029819930704044442,36.49265234810966,27.046933719090053,0.17294165,0.54422855,3.0429182,0.07651373744010925,-0.005700387060642242,0
0.0065527684,0.0023256377,0.028145548,36.496284,27.096096,0.078786306,0.006561622,0.0023173373,0.028345387,36.499878,27.082485,0.08028330494250571,0.007201884474073137,0.002370552010168987,0.029819930704044442,36.49265234810966,27.046933719090053,0.17294165,0.54422855,3.0429182,0.07651373744010925,-0.005700387060642242,0
0.0065527684,0.0023256377,0.028145548,36.496284,27.096096,0.078786306,0.006561622,0.0023173373,0.028345387,36.499878,27.082485,0.08028330494250571,0.007201884474073137,0.002370552010168987,0.029819930704044442,36.49265234810966,27.046933719090053,0.17294165,0.54422855,3.0429182,0.07651373744010925,-0.005700387060642242,0
0.0065527684,0.0023256377,0.028145548,36.496284,27.096096,0.078786306,0.006561622,0.0023173373,0.028345387,36.499878,27.082485,0.08028330494250571,0.007201884474073137,0.002370552010168987,0.029819930704044442,36.49265234810966,27.046933719090053,0.17294165,0.54422855,3.0429182,0.07651373744010925,-0.005700387060642242,0
0.0065527684,0.0023256377,0.028145548,36.496284,27.096096,0.078786306,0.006561622,0.0023173373,0.028345387,36.499878,27.082485,0.08028330494250571,0.007201884474073137,0.002370552010168987,0.029819930704044442,36.49265234810966,27.046933719090053,0.17294165,0.54422855,3.0429182,0.07651373744010925,-0.005700387060642242,0
0.0065527684,0.0023256377,0.028145548,36.496284,27.096096,0.078786306,0.006561622,0.0023173373,0.028345387,36.499878,27.082485,0.08028330494250571,0.007201884474073137,0.002370552010168987,0.029819930704044442,36.49265234810966,27.046933719090053,0.17294165,0.54422855,3.0429182,0.07651373744010925,-0.005700387060642242,0
0.0065527684,0.0023256377,0.028145548,36.496284,27.096096,0.078786306,0.006561622,0.0023173373,0.028345387,36.499878,27.082485,0.08028330494250571,0.007201884474073137,0.002370552010168987,0.029819930704044442,36.49265234810966,27.046933719090053,0.17294165,0.54422855,3.0429182,0.07651373744010925,-0.005700387060642242,0
0.0065527684,0.0023256377,0.028145548,36.496284,27.096096,0.078786306,0.006561622,0.0023173373,0.028345387,36.499878,27.082485,0.08028330494250571,0.007201884474073137,0.002370552010168987,0.029819930704044442,36.49265234810966,27.046933719090053,0.17294165,0.54422855,3.0429182,0.07651373744010925,-0.005700387060642242,0
0.0065527684,0.0023256377,0.028145548,36.496284,27.096096,0.078786306,0.006561622,0.0023173373,0.028345387,36.499878,27.082485,0.08028330494250571,0.007201884474073137,0.002370552010168987,0.029819930704044442,36.49265234810966,27.046933719090053,0.17294165,0.54422855,3.0429182,0.07651373744010925,-0.005700387060642242,0
0.0065527684,0.0023256377,0.028145548,36.496284,27.096096,0.078786306,0.006561622,0.0023173373,0.028345387,36.499878,27.082485,0.08028330494250571,0.007201884474073137,0.002370552010168987,0.029819930704044442,36.49265234810966,27.046933719090053,0.17294165,0.54422855,3.0429182,0.07651373744010925,-0.005700387060642242,0
0.0065527684,0.0023256377,0.028145548,36.496284,27.096096,0.078786306,0.006561622,0.0023173373,0.028345387,36.499878,27.082485,0.08028330494250571,0.007201884474073137,0.002370552010168987,0.029819930704044442,36.49265234810966,27.046933719090053,0.17294165,0.54422855,3.0429182,0.07651373744010925,-0.005700387060642242,0
0.0065527684,0.0023256377,0.028145548,36.496284,27.096096,0.078786306,0.006561622,0.0023173373,0.028345387,36.499878,27.082485,0.08028330494250571,0.007201884474073137,0.002370552010168987,0.029819930704044442,36.49265234810966,27.046933719090053,0.17294165,0.54422855,3.0429182,0.07651373744010925,-0.005700387060642242,0
0.0065527684,0.0023256377,0.028145548,36.496284,27.096096,0.078786306,0.006561622,0.0023173373,0.028345387,36.499878,27.082485,0.08028330494250571,0.007201884474073137,0.002370552010168987,0.029819930704044442,36.49265234810966,27.046933719090053,0.17294165,0.54422855,3.0429182,0.07651373744010925,-0.005700387060642242,0
0.0065527684,0.0023256377,0.028145548,36.496284,27.096096,0.078786306,0.006561622,0.0023173373,0.028345387,36.499878,27.082485,0.08028330494250571,0.007201884474073137,0.002370552010168987,0.029819930704044442,36.49265234810966,27.046933719090053,0.17294165,0.54422855,3.0429182,0.07651373744010925,-0.005700387060642242,0
0.0065527684,0.0023256377,0.028145548,36.496284,27.096096,0.078786306,0.006561622,0.0023173373,0.028345387,36.499878,27.082485,0.08028330494250571,0.007201884474073137,0.002370552010168987,0.029819930704044442,36.49265234810966,27.046933719090053,0.17294165,0.54422855,3.0429182,0.07651373744010925,-0.005700387060642242,0
0.0065527684,0.0023256377,0.028145548,36.496284,27.096096,0.078786306,0.006561622,0.0023173373,0.028345387,36.499878,27.082485,0.08028330494250571,0.007201884474073137,0.002370552010168987,0.029819930704044442,36.49265234810966,27.046933719090053,0.17294165,0.54422855,3.0429182,0.07651373744010925,-0.005700387060642242,0
0.0065527684,0.0023256377,0.028145548,36.496284,27.096096,0.078786306,0.006561622,0.0023173373,0.028345387,36.499878,27.082485,0.08028330494250571,0.007201884474073137,0.002370552010168987,0.029819930704044442,36.49265234810966,27.046933719090053,0.17294165,0.54422855,3.0429182,0.07651373744010925,-0.005700387060642242,0
0.0065527684,0.0023256377,0.028145548,36.496284,27.096096,0.078786306,0.006561622,0.0023173373,0.028345387,36.499878,27.082485,0.08028330494250571,0.007201884474073137,0.002370552010168987,0.029819930704044442,36.49265234810966,27.046933719090053,0.17294165,0.54422855,3.0429182,0.07651373744010925,-0.005700387060642242,0
0.0065527684,0.0023256377,0.028145548,36.496284,27.096096,0.078786306,0.006561622,0.0023173373,0.028345387,36.499878,27.082485,0.08028330494250571,0.007201884474073137,0.002370552010168987,0.029819930704044442,36.49265234810966,27.046933719090053,0.17294165,0.54422855,3.0429182,0.07651373744010925,-0.005700387060642242,0
0.0065527684,0.0023256377,0.028145548,36.496284,27.096096,0.078786306,0.006561622,0.0023173373,0.028345387,36.499878,27.082485,0.08028330494250571,0.007201884474073137,0.002370552010168987,0.029819930704044442,36.49265234810966,27.046933719090053,0.17294165,0.54422855,3.0429182,0.07651373744010925,-0.005700387060642242,0
0.0065527684,0.0023256377,0.028145548,36.496284,27.096096,0.078786306,0.006561622,0.0023173373,0.028345387,36.499878,27.082485,0.08028330494250571,0.007201884474073137,0.002370552010168987,0.029819930704044442,36.49265234810966,27.046933719090053,0.17294165,0.54422855,3.0429182,0.07651373744010925,-0.005700387060642242,0
0.0065527684,0.0023256377,0.028145548,36.496284,27.096096,0.078786306,0.006561622,0.0023173373,0.028345387,36.499878,27.082485,0.08028330494250571,0.007201884474073137,0.002370552010168987,0.029819930704044442,36.49265234810966,27.046933719090053,0.17294165,0.54422855,3.0429182,0.07651373744010925,-0.005700387060642242,0
0.0065527684,0.0023256377,0.028145548,36.496284,27.096096,0.078786306,0.006561622,0.0023173373,0.028345387,36.499878,27.082485,0.08028330494250571,0.007201884474073137,0.002370552010168987,0.029819930704044442,36.49265234810966,27.046933719090053,0.17294165,0.54422855,3.0429182,0.07651373744010925,-0.005700387060642242,0
0.0065527684,0.0023256377,0.028145548,36.496284,27.096096,0.078786306,0.006561622,0.0023173373,0.028345387,36.499878,27.082485,0.08028330494250571,0.007201884474073137,0.002370552010168987,0.029819930704044442,36.49265234810966,27.046933719090053,0.17294165,0.54422855,3.0429182,0.07651373744010925,-0.005700387060642242,0
0.0065527684,0.0023256377,0.028145548,36.496284,27.096096,0.078786306,0.006561622,0.0023173373,0.028345387,36.499878,27.082485,0.08028330494250571,0.007201884474073137,0.002370552010168987,0.029819930704044442,36.49265234810966,27.046933719090053,0.17294165,0.54422855,3.0429182,0.07651373744010925,-0.005700387060642242,0
0.0065527684,0.0023256377,0.028145548,36.496284,27.096096,0.078786306,0.006561622,0.0023173373,0.028345387,36.499878,27.082485,0.08028330494250571,0.007201884474073137,0.002370552010168987,0.029819930704044442,36.49265234810966,27.046933719090053,0.17294165,0.54422855,3.0429182,0.07651373744010925,-0.005700387060642242,0
